Accl.,Zone,Elément,X (m),Y (m),Z (m),Dist. cumul. (m),Longueur (m),1/2 Déflexion (rad),Gisement (gon),Pente faisceau Z (rad),Roll faisceau Z (rad),Corhgeo (m),Date_Calcul,Comm,Type longueur,Id point ,Id SU assemb.,Id slot,Nom Layout,Layout type,Source,lien SIG,lien Layout
H4TEST2,TCC2,TBACA.X0200000.E,669.234140,4590.727900,2441.574200,0.000000,,0.000000000,7.4198200,-0.000370000,0.000000000,0.000000,16-SEP-2026,,Magnétique,845120,,56309981,TBACA.X0200000,SPTBACA,"""\\eosproject-smb\eos\project\g\geodetic-metrology\Accelerators_Beamlines\Theo_Beamline\51150 NORTH_AREAS\2026 - Test Xsuite\Test 1 - Gianni\h4_survey_comp_vbend_output.tfs""",,
H4TEST2,TCC2,TBACA.X0200000.S,669.234140,4590.727900,2441.574200,0.000001,0.000001,0.000000000,7.4198200,-0.000370000,0.000000000,0.000000,16-SEP-2026,,Magnétique,845090,,56309981,TBACA.X0200000,SPTBACA,"""\\eosproject-smb\eos\project\g\geodetic-metrology\Accelerators_Beamlines\Theo_Beamline\51150 NORTH_AREAS\2026 - Test Xsuite\Test 1 - Gianni\h4_survey_comp_vbend_output.tfs""",,
H4TEST2,TCC2,TBID.230950.E,669.274840,4591.075525,2441.574071,0.350000,,0.000000000,7.4198200,-0.000370000,0.000000000,0.000000,16-SEP-2026,,Magnétique,845197,,46651909,TBID.230950,SPTBID_,"""\\eosproject-smb\eos\project\g\geodetic-metrology\Accelerators_Beamlines\Theo_Beamline\51150 NORTH_AREAS\2026 - Test Xsuite\Test 1 - Gianni\h4_survey_comp_vbend_output.tfs""",,
H4TEST2,TCC2,TBID.230950.S,669.303912,4591.323829,2441.573978,0.600000,0.250000,0.000000000,7.4198200,-0.000370000,0.000000000,0.000000,16-SEP-2026,,Magnétique,845146,,46651909,TBID.230950,SPTBID_,"""\\eosproject-smb\eos\project\g\geodetic-metrology\Accelerators_Beamlines\Theo_Beamline\51150 NORTH_AREAS\2026 - Test Xsuite\Test 1 - Gianni\h4_survey_comp_vbend_output.tfs""",,
H4TEST2,TCC2,TCMAA.X0200001.E,669.309726,4591.373490,2441.573960,0.650000,,0.000000000,7.4198200,-0.000370000,0.000000000,0.000000,16-SEP-2026,,Magnétique,845007,,56992098,TCMAA.X0200001,SPTCMAA,"""\\eosproject-smb\eos\project\g\geodetic-metrology\Accelerators_Beamlines\Theo_Beamline\51150 NORTH_AREAS\2026 - Test Xsuite\Test 1 - Gianni\h4_survey_comp_vbend_output.tfs""",,
H4TEST2,TCC2,TCMAA.X0200001.S,669.356241,4591.770776,2441.573812,1.050000,0.400000,0.000000000,7.4198200,-0.000370000,0.000000000,0.000000,16-SEP-2026,,Magnétique,844933,,56992098,TCMAA.X0200001,SPTCMAA,"""\\eosproject-smb\eos\project\g\geodetic-metrology\Accelerators_Beamlines\Theo_Beamline\51150 NORTH_AREAS\2026 - Test Xsuite\Test 1 - Gianni\h4_survey_comp_vbend_output.tfs""",,
H4TEST2,TCC2,XVW.X0200001.E,669.362148,4591.821232,2441.573793,1.100800,,0.000000000,7.4198200,-0.000370000,0.000000000,0.000000,16-SEP-2026,,Magnétique,845150,,57601341,XVW.X0200001,SPXVWAI001,"""\\eosproject-smb\eos\project\g\geodetic-metrology\Accelerators_Beamlines\Theo_Beamline\51150 NORTH_AREAS\2026 - Test Xsuite\Test 1 - Gianni\h4_survey_comp_vbend_output.tfs""",,
H4TEST2,TCC2,XVW.X0200001.S,669.362172,4591.821430,2441.573793,1.101000,0.000200,0.000000000,7.4198200,-0.000370000,0.000000000,0.000000,16-SEP-2026,,Magnétique,845233,,57601341,XVW.X0200001,SPXVWAI001,"""\\eosproject-smb\eos\project\g\geodetic-metrology\Accelerators_Beamlines\Theo_Beamline\51150 NORTH_AREAS\2026 - Test Xsuite\Test 1 - Gianni\h4_survey_comp_vbend_output.tfs""",,
H4TEST2,TCC2,MBSA.X0200003.E,669.395197,4592.103504,2441.573688,1.385000,,0.000000000,7.4198200,-0.000370000,0.000000000,0.000000,16-SEP-2026,,Magnétique,845053,,56477726,MBSA.X0200003,SPMTN__HWP,"""\\eosproject-smb\eos\project\g\geodetic-metrology\Accelerators_Beamlines\Theo_Beamline\51150 NORTH_AREAS\2026 - Test Xsuite\Test 1 - Gianni\h4_survey_comp_vbend_output.tfs""",,
H4TEST2,TCC2,MBSA.X0200003.S,669.837086,4595.877723,2441.572282,5.185000,3.800000,0.000000000,7.4198200,-0.000370000,0.000000000,0.000000,16-SEP-2026,,Magnétique,844885,,56477726,MBSA.X0200003,SPMTN__HWP,"""\\eosproject-smb\eos\project\g\geodetic-metrology\Accelerators_Beamlines\Theo_Beamline\51150 NORTH_AREAS\2026 - Test Xsuite\Test 1 - Gianni\h4_survey_comp_vbend_output.tfs""",,
H4TEST2,TCC2,MBSA.X0200007.E,669.940581,4596.761685,2441.571952,6.075000,,0.000000000,7.4198200,-0.000370000,0.000000000,0.000000,16-SEP-2026,,Magnétique,845038,,56477749,MBSA.X0200007,SPMTN__HWP,"""\\eosproject-smb\eos\project\g\geodetic-metrology\Accelerators_Beamlines\Theo_Beamline\51150 NORTH_AREAS\2026 - Test Xsuite\Test 1 - Gianni\h4_survey_comp_vbend_output.tfs""",,
H4TEST2,TCC2,MBSA.X0200007.S,670.382470,4600.535904,2441.570546,9.875000,3.800000,0.000000000,7.4198200,-0.000370000,0.000000000,0.000000,16-SEP-2026,,Magnétique,844914,,56477749,MBSA.X0200007,SPMTN__HWP,"""\\eosproject-smb\eos\project\g\geodetic-metrology\Accelerators_Beamlines\Theo_Beamline\51150 NORTH_AREAS\2026 - Test Xsuite\Test 1 - Gianni\h4_survey_comp_vbend_output.tfs""",,
H4TEST2,TCC2,XVW.X0200021.E,671.724626,4611.999401,2441.566276,21.416800,,0.000000000,7.4198200,-0.000370000,0.000000000,0.000000,16-SEP-2026,,Magnétique,845221,,57570058,XVW.X0200021,SPXVWAE001,"""\\eosproject-smb\eos\project\g\geodetic-metrology\Accelerators_Beamlines\Theo_Beamline\51150 NORTH_AREAS\2026 - Test Xsuite\Test 1 - Gianni\h4_survey_comp_vbend_output.tfs""",,
H4TEST2,TCC2,XVW.X0200021.S,671.724649,4611.999599,2441.566276,21.417000,0.000200,0.000000000,7.4198200,-0.000370000,0.000000000,0.000000,16-SEP-2026,,Magnétique,844958,,57570058,XVW.X0200021,SPXVWAE001,"""\\eosproject-smb\eos\project\g\geodetic-metrology\Accelerators_Beamlines\Theo_Beamline\51150 NORTH_AREAS\2026 - Test Xsuite\Test 1 - Gianni\h4_survey_comp_vbend_output.tfs""",,
H4TEST2,TCC2,XTAX.X0220023.E,671.786770,4612.530175,2441.566078,21.951200,,0.000000000,7.4198200,-0.000370000,0.000000000,0.000000,16-SEP-2026,,Magnétique,845063,,57112661,XTAX.X0220023,SPXTAX_003,"""\\eosproject-smb\eos\project\g\geodetic-metrology\Accelerators_Beamlines\Theo_Beamline\51150 NORTH_AREAS\2026 - Test Xsuite\Test 1 - Gianni\h4_survey_comp_vbend_output.tfs""",,
H4TEST2,TCC2,XTAX.X0220023.S,671.974572,4614.134218,2441.565481,23.566200,1.615000,0.000000000,7.4198200,-0.000370000,0.000000000,0.000000,16-SEP-2026,,Magnétique,844896,,57112661,XTAX.X0220023,SPXTAX_003,"""\\eosproject-smb\eos\project\g\geodetic-metrology\Accelerators_Beamlines\Theo_Beamline\51150 NORTH_AREAS\2026 - Test Xsuite\Test 1 - Gianni\h4_survey_comp_vbend_output.tfs""",,
H4TEST2,TCC2,XTAX.X0220025.E,671.976898,4614.154083,2441.565473,23.586200,,0.000000000,7.4198200,-0.000370000,0.000000000,0.000000,16-SEP-2026,,Magnétique,845151,,57112679,XTAX.X0220025,SPXTAX_004,"""\\eosproject-smb\eos\project\g\geodetic-metrology\Accelerators_Beamlines\Theo_Beamline\51150 NORTH_AREAS\2026 - Test Xsuite\Test 1 - Gianni\h4_survey_comp_vbend_output.tfs""",,
H4TEST2,TCC2,XTAX.X0220025.S,672.164701,4615.758126,2441.564876,25.201200,1.615000,0.000000000,7.4198200,-0.000370000,0.000000000,0.000000,16-SEP-2026,,Magnétique,845077,,57112679,XTAX.X0220025,SPXTAX_004,"""\\eosproject-smb\eos\project\g\geodetic-metrology\Accelerators_Beamlines\Theo_Beamline\51150 NORTH_AREAS\2026 - Test Xsuite\Test 1 - Gianni\h4_survey_comp_vbend_output.tfs""",,
H4TEST2,TCC2,XCIO.X0220026.E,672.173283,4615.831425,2441.564848,25.275000,,0.000000000,7.4198200,-0.000370000,0.000000000,0.000000,16-SEP-2026,,Magnétique,845207,,57372026,XCIO.X0220026,SPXCIOP001,"""\\eosproject-smb\eos\project\g\geodetic-metrology\Accelerators_Beamlines\Theo_Beamline\51150 NORTH_AREAS\2026 - Test Xsuite\Test 1 - Gianni\h4_survey_comp_vbend_output.tfs""",,
H4TEST2,TCC2,XCIO.X0220026.S,672.184912,4615.930747,2441.564811,25.375000,0.100000,0.000000000,7.4198200,-0.000370000,0.000000000,0.000000,16-SEP-2026,,Magnétique,845124,,57372026,XCIO.X0220026,SPXCIOP001,"""\\eosproject-smb\eos\project\g\geodetic-metrology\Accelerators_Beamlines\Theo_Beamline\51150 NORTH_AREAS\2026 - Test Xsuite\Test 1 - Gianni\h4_survey_comp_vbend_output.tfs""",,
H4TEST2,TCC2,XVW.X0220025.E,672.192464,4615.995256,2441.564787,25.439950,,0.000000000,7.4198200,-0.000370000,0.000000000,0.000000,16-SEP-2026,,Magnétique,844916,,57601744,XVW.X0220025,SPXVWAD001,"""\\eosproject-smb\eos\project\g\geodetic-metrology\Accelerators_Beamlines\Theo_Beamline\51150 NORTH_AREAS\2026 - Test Xsuite\Test 1 - Gianni\h4_survey_comp_vbend_output.tfs""",,
H4TEST2,TCC2,XVW.X0220025.S,672.192476,4615.995355,2441.564787,25.440050,0.000100,0.000000000,7.4198200,-0.000370000,0.000000000,0.000000,16-SEP-2026,,Magnétique,845180,,57601744,XVW.X0220025,SPXVWAD001,"""\\eosproject-smb\eos\project\g\geodetic-metrology\Accelerators_Beamlines\Theo_Beamline\51150 NORTH_AREAS\2026 - Test Xsuite\Test 1 - Gianni\h4_survey_comp_vbend_output.tfs""",,
H4TEST2,TCC2,MSN.X0220027.E,672.219216,4616.223745,2441.564702,25.670000,,0.000000000,7.5139760,-0.000370000,0.000000547,0.000000,16-SEP-2026,,Magnétique,844917,,57372109,MSN.X0220027,SPMSN__,"""\\eosproject-smb\eos\project\g\geodetic-metrology\Accelerators_Beamlines\Theo_Beamline\51150 NORTH_AREAS\2026 - Test Xsuite\Test 1 - Gianni\h4_survey_comp_vbend_output.tfs""",,
H4TEST2,TCC2,MSN.X0220027.S,672.596033,4619.401482,2441.563518,28.870001,3.200001,0.000000000,7.5139760,-0.000370000,0.000000547,0.000000,16-SEP-2026,,Magnétique,844883,,57372109,MSN.X0220027,SPMSN__,"""\\eosproject-smb\eos\project\g\geodetic-metrology\Accelerators_Beamlines\Theo_Beamline\51150 NORTH_AREAS\2026 - Test Xsuite\Test 1 - Gianni\h4_survey_comp_vbend_output.tfs""",,
H4TEST2,TCC2,MSN.X0220031.E,672.652665,4619.873094,2441.563342,29.345001,,0.000000000,7.7145110,-0.000370000,0.000001713,0.000000,16-SEP-2026,,Magnétique,845238,,57372148,MSN.X0220031,SPMSN__,"""\\eosproject-smb\eos\project\g\geodetic-metrology\Accelerators_Beamlines\Theo_Beamline\51150 NORTH_AREAS\2026 - Test Xsuite\Test 1 - Gianni\h4_survey_comp_vbend_output.tfs""",,
H4TEST2,TCC2,MSN.X0220031.S,673.039490,4623.049627,2441.562158,32.545003,3.200001,0.000000000,7.7145110,-0.000370000,0.000001713,0.000000,16-SEP-2026,,Magnétique,844965,,57372148,MSN.X0220031,SPMSN__,"""\\eosproject-smb\eos\project\g\geodetic-metrology\Accelerators_Beamlines\Theo_Beamline\51150 NORTH_AREAS\2026 - Test Xsuite\Test 1 - Gianni\h4_survey_comp_vbend_output.tfs""",,
H4TEST2,TCC2,QNL.X0220034.E,673.102249,4623.545675,2441.561973,33.045003,,0.000000000,7.7570160,-0.000370000,0.000001960,0.000000,16-SEP-2026,,Magnétique,845109,,56047727,QNL.X0220034,SPQNL__8WP,"""\\eosproject-smb\eos\project\g\geodetic-metrology\Accelerators_Beamlines\Theo_Beamline\51150 NORTH_AREAS\2026 - Test Xsuite\Test 1 - Gianni\h4_survey_comp_vbend_output.tfs""",,
H4TEST2,TCC2,QNL.X0220034.S,673.465671,4626.513506,2441.560867,36.035003,2.990000,0.000000000,7.7570160,-0.000370000,0.000001960,0.000000,16-SEP-2026,,Magnétique,845094,,56047727,QNL.X0220034,SPQNL__8WP,"""\\eosproject-smb\eos\project\g\geodetic-metrology\Accelerators_Beamlines\Theo_Beamline\51150 NORTH_AREAS\2026 - Test Xsuite\Test 1 - Gianni\h4_survey_comp_vbend_output.tfs""",,
H4TEST2,TCC2,QNL.X0220041.E,673.938944,4630.334308,2441.559443,39.885003,,0.000000000,7.8208900,-0.000370000,0.000002331,0.000000,16-SEP-2026,,Magnétique,845116,,56047860,QNL.X0220041,SPQNL__8WP,"""\\eosproject-smb\eos\project\g\geodetic-metrology\Accelerators_Beamlines\Theo_Beamline\51150 NORTH_AREAS\2026 - Test Xsuite\Test 1 - Gianni\h4_survey_comp_vbend_output.tfs""",,
H4TEST2,TCC2,QNL.X0220041.S,674.305343,4633.301773,2441.558336,42.875003,2.990000,0.000000000,7.8208900,-0.000370000,0.000002331,0.000000,16-SEP-2026,,Magnétique,845165,,56047860,QNL.X0220041,SPQNL__8WP,"""\\eosproject-smb\eos\project\g\geodetic-metrology\Accelerators_Beamlines\Theo_Beamline\51150 NORTH_AREAS\2026 - Test Xsuite\Test 1 - Gianni\h4_survey_comp_vbend_output.tfs""",,
H4TEST2,TCC2,QNL.X0220049.E,674.843827,4637.638470,2441.556719,47.245003,,0.000000000,7.6931410,-0.000370000,0.000001589,0.000000,16-SEP-2026,,Magnétique,845126,,56047896,QNL.X0220049,SPQNL__8WP,"""\\eosproject-smb\eos\project\g\geodetic-metrology\Accelerators_Beamlines\Theo_Beamline\51150 NORTH_AREAS\2026 - Test Xsuite\Test 1 - Gianni\h4_survey_comp_vbend_output.tfs""",,
H4TEST2,TCC2,QNL.X0220049.S,675.204270,4640.606665,2441.555613,50.235003,2.990000,0.000000000,7.6931410,-0.000370000,0.000001589,0.000000,16-SEP-2026,,Magnétique,844893,,56047896,QNL.X0220049,SPQNL__8WP,"""\\eosproject-smb\eos\project\g\geodetic-metrology\Accelerators_Beamlines\Theo_Beamline\51150 NORTH_AREAS\2026 - Test Xsuite\Test 1 - Gianni\h4_survey_comp_vbend_output.tfs""",,
H4TEST2,TCC2,MBNV.X0220053.E,675.274644,4641.152140,2441.561410,50.785003,,0.000000000,7.8208900,0.003049000,0.000002331,0.000000,16-SEP-2026,,Magnétique,845064,,57372253,MBNV.X0220053,SPMBNV_HWP,"""\\eosproject-smb\eos\project\g\geodetic-metrology\Accelerators_Beamlines\Theo_Beamline\51150 NORTH_AREAS\2026 - Test Xsuite\Test 1 - Gianni\h4_survey_comp_vbend_output.tfs""",,
H4TEST2,TCC2,MBNV.X0220053.S,675.887349,4646.114434,2441.576653,55.785012,5.000010,0.000000000,7.8208900,0.003049000,0.000002331,0.000000,16-SEP-2026,,Magnétique,845065,,57372253,MBNV.X0220053,SPMBNV_HWP,"""\\eosproject-smb\eos\project\g\geodetic-metrology\Accelerators_Beamlines\Theo_Beamline\51150 NORTH_AREAS\2026 - Test Xsuite\Test 1 - Gianni\h4_survey_comp_vbend_output.tfs""",,
H4TEST2,TCC2,MBNV.X0220059.E,675.968224,4646.769444,2441.576921,56.445012,,0.000000000,7.8208890,0.009886000,0.000002331,0.000000,16-SEP-2026,,Magnétique,845087,,57373055,MBNV.X0220059,SPMBNV_HWP,"""\\eosproject-smb\eos\project\g\geodetic-metrology\Accelerators_Beamlines\Theo_Beamline\51150 NORTH_AREAS\2026 - Test Xsuite\Test 1 - Gianni\h4_survey_comp_vbend_output.tfs""",,
H4TEST2,TCC2,MBNV.X0220059.S,676.580902,4651.731519,2441.626348,61.445022,5.000010,0.000000000,7.8208890,0.009886000,0.000002331,0.000000,16-SEP-2026,,Magnétique,844948,,57373055,MBNV.X0220059,SPMBNV_HWP,"""\\eosproject-smb\eos\project\g\geodetic-metrology\Accelerators_Beamlines\Theo_Beamline\51150 NORTH_AREAS\2026 - Test Xsuite\Test 1 - Gianni\h4_survey_comp_vbend_output.tfs""",,
H4TEST2,TCC2,MBNV.X0220065.E,676.661776,4652.386523,2441.632129,62.105022,,0.000000000,7.8208880,0.016723000,0.000002331,0.000000,16-SEP-2026,,Magnétique,845066,,57373091,MBNV.X0220065,SPMBNV_HWP,"""\\eosproject-smb\eos\project\g\geodetic-metrology\Accelerators_Beamlines\Theo_Beamline\51150 NORTH_AREAS\2026 - Test Xsuite\Test 1 - Gianni\h4_survey_comp_vbend_output.tfs""",,
H4TEST2,TCC2,MBNV.X0220065.S,677.274398,4657.348146,2441.715740,67.105032,5.000010,0.000000000,7.8208880,0.016723000,0.000002331,0.000000,16-SEP-2026,,Magnétique,844945,,57373091,MBNV.X0220065,SPMBNV_HWP,"""\\eosproject-smb\eos\project\g\geodetic-metrology\Accelerators_Beamlines\Theo_Beamline\51150 NORTH_AREAS\2026 - Test Xsuite\Test 1 - Gianni\h4_survey_comp_vbend_output.tfs""",,
H4TEST2,TCC2,XCSH.X0220068.E,677.331955,4657.749015,2441.724896,67.510032,,0.000000000,6.8020460,0.020139000,0.000324637,0.000000,16-SEP-2026,,Magnétique,845152,,56051851,XCSH.X0220068,SPXCSH_001,"""\\eosproject-smb\eos\project\g\geodetic-metrology\Accelerators_Beamlines\Theo_Beamline\51150 NORTH_AREAS\2026 - Test Xsuite\Test 1 - Gianni\h4_survey_comp_vbend_output.tfs""",,
H4TEST2,TCC2,XCSH.X0220068.S,677.438576,4658.743111,2441.745034,68.510032,1.000000,0.000000000,6.8020460,0.020139000,0.000324637,0.000000,16-SEP-2026,,Magnétique,844927,,56051851,XCSH.X0220068,SPXCSH_001,"""\\eosproject-smb\eos\project\g\geodetic-metrology\Accelerators_Beamlines\Theo_Beamline\51150 NORTH_AREAS\2026 - Test Xsuite\Test 1 - Gianni\h4_survey_comp_vbend_output.tfs""",,
H4TEST2,TCC2,MBNV.X0220071.E,677.496208,4659.144592,2441.733198,68.915032,,0.000000000,7.8208870,0.023560000,0.000002332,0.000000,16-SEP-2026,,Magnétique,845129,,57373127,MBNV.X0220071,SPMBNV_HWP,"""\\eosproject-smb\eos\project\g\geodetic-metrology\Accelerators_Beamlines\Theo_Beamline\51150 NORTH_AREAS\2026 - Test Xsuite\Test 1 - Gianni\h4_survey_comp_vbend_output.tfs""",,
H4TEST2,TCC2,MBNV.X0220071.S,678.108746,4664.105531,2441.850987,73.915042,5.000010,0.000000000,7.8208870,0.023560000,0.000002332,0.000000,16-SEP-2026,,Magnétique,845059,,57373127,MBNV.X0220071,SPMBNV_HWP,"""\\eosproject-smb\eos\project\g\geodetic-metrology\Accelerators_Beamlines\Theo_Beamline\51150 NORTH_AREAS\2026 - Test Xsuite\Test 1 - Gianni\h4_survey_comp_vbend_output.tfs""",,
H4TEST2,TCC2,MBNV.X0220077.E,678.189908,4664.762868,2441.788832,74.575042,,0.000000000,7.8208860,0.030397000,0.000002332,0.000000,16-SEP-2026,,Magnétique,845083,,57373163,MBNV.X0220077,SPMBNV_HWP,"""\\eosproject-smb\eos\project\g\geodetic-metrology\Accelerators_Beamlines\Theo_Beamline\51150 NORTH_AREAS\2026 - Test Xsuite\Test 1 - Gianni\h4_survey_comp_vbend_output.tfs""",,
H4TEST2,TCC2,MBNV.X0220077.S,678.802332,4669.722892,2441.940794,79.575051,5.000010,0.000000000,7.8208860,0.030397000,0.000002332,0.000000,16-SEP-2026,,Magnétique,845074,,57373163,MBNV.X0220077,SPMBNV_HWP,"""\\eosproject-smb\eos\project\g\geodetic-metrology\Accelerators_Beamlines\Theo_Beamline\51150 NORTH_AREAS\2026 - Test Xsuite\Test 1 - Gianni\h4_survey_comp_vbend_output.tfs""",,
H4TEST2,TCC2,MBNV.X0220083.E,678.882056,4670.368577,2442.062838,80.235051,,0.000000000,7.8208850,0.037234000,0.000002333,0.000000,16-SEP-2026,,Magnétique,845234,,57373199,MBNV.X0220083,SPMBNV_HWP,"""\\eosproject-smb\eos\project\g\geodetic-metrology\Accelerators_Beamlines\Theo_Beamline\51150 NORTH_AREAS\2026 - Test Xsuite\Test 1 - Gianni\h4_survey_comp_vbend_output.tfs""",,
H4TEST2,TCC2,MBNV.X0220083.S,679.494338,4675.327454,2442.248967,85.235061,5.000010,0.000000000,7.8208850,0.037234000,0.000002333,0.000000,16-SEP-2026,,Magnétique,845113,,57373199,MBNV.X0220083,SPMBNV_HWP,"""\\eosproject-smb\eos\project\g\geodetic-metrology\Accelerators_Beamlines\Theo_Beamline\51150 NORTH_AREAS\2026 - Test Xsuite\Test 1 - Gianni\h4_survey_comp_vbend_output.tfs""",,
H4TEST2,TCC2,QNL.X0220087.E,679.562415,4675.878809,2442.271543,85.785061,,0.000000000,7.8208840,0.040653000,0.000002333,0.000000,16-SEP-2026,,Magnétique,845013,,56047905,QNL.X0220087,SPQNL__8WP,"""\\eosproject-smb\eos\project\g\geodetic-metrology\Accelerators_Beamlines\Theo_Beamline\51150 NORTH_AREAS\2026 - Test Xsuite\Test 1 - Gianni\h4_survey_comp_vbend_output.tfs""",,
H4TEST2,TCC2,QNL.X0220087.S,679.928511,4678.843823,2442.393061,88.775061,2.990000,0.000000000,7.8208840,0.040653000,0.000002333,0.000000,16-SEP-2026,,Magnétique,844934,,56047905,QNL.X0220087,SPQNL__8WP,"""\\eosproject-smb\eos\project\g\geodetic-metrology\Accelerators_Beamlines\Theo_Beamline\51150 NORTH_AREAS\2026 - Test Xsuite\Test 1 - Gianni\h4_survey_comp_vbend_output.tfs""",,
H4TEST2,TCC2,QNL.X0220097.E,680.813508,4686.011413,2442.687019,96.003061,,0.000000000,7.8208840,0.040519000,0.000002333,0.000000,16-SEP-2026,,Magnétique,845174,,56047914,QNL.X0220097,SPQNL__8WP,"""\\eosproject-smb\eos\project\g\geodetic-metrology\Accelerators_Beamlines\Theo_Beamline\51150 NORTH_AREAS\2026 - Test Xsuite\Test 1 - Gianni\h4_survey_comp_vbend_output.tfs""",,
H4TEST2,TCC2,QNL.X0220097.S,681.179606,4688.976443,2442.808137,98.993061,2.990000,0.000000000,7.8208840,0.040519000,0.000002333,0.000000,16-SEP-2026,,Magnétique,844928,,56047914,QNL.X0220097,SPQNL__8WP,"""\\eosproject-smb\eos\project\g\geodetic-metrology\Accelerators_Beamlines\Theo_Beamline\51150 NORTH_AREAS\2026 - Test Xsuite\Test 1 - Gianni\h4_survey_comp_vbend_output.tfs""",,
H4TEST2,TT81,XVVS.X0220105.E,681.957834,4695.279321,2443.066655,105.349061,,0.000000000,7.8208840,0.040653000,0.000002333,0.000000,16-SEP-2026,,Magnétique,845014,,57596728,XVVS.X0220105,SPXVVSA001,"""\\eosproject-smb\eos\project\g\geodetic-metrology\Accelerators_Beamlines\Theo_Beamline\51150 NORTH_AREAS\2026 - Test Xsuite\Test 1 - Gianni\h4_survey_comp_vbend_output.tfs""",,
H4TEST2,TT81,XVVS.X0220105.S,681.997015,4695.596646,2443.079661,105.669061,0.320000,0.000000000,7.8208840,0.040653000,0.000002333,0.000000,16-SEP-2026,,Magnétique,844977,,57596728,XVVS.X0220105,SPXVVSA001,"""\\eosproject-smb\eos\project\g\geodetic-metrology\Accelerators_Beamlines\Theo_Beamline\51150 NORTH_AREAS\2026 - Test Xsuite\Test 1 - Gianni\h4_survey_comp_vbend_output.tfs""",,
H4TEST2,TT81,MBXHC.X0220117.E,683.211256,4705.430774,2443.482704,115.588061,,0.000000000,7.7400400,0.040653000,0.000053944,0.000000,16-SEP-2026,,Magnétique,845135,,56047655,MBXHC.X0220117,PXMBXHCCWP,"""\\eosproject-smb\eos\project\g\geodetic-metrology\Accelerators_Beamlines\Theo_Beamline\51150 NORTH_AREAS\2026 - Test Xsuite\Test 1 - Gianni\h4_survey_comp_vbend_output.tfs""",,
H4TEST2,TT81,MBXHC.X0220117.S,683.514208,4707.910269,2443.584308,118.088062,2.500001,0.000000000,7.7400400,0.040653000,0.000053944,0.000000,16-SEP-2026,,Magnétique,845136,,56047655,MBXHC.X0220117,PXMBXHCCWP,"""\\eosproject-smb\eos\project\g\geodetic-metrology\Accelerators_Beamlines\Theo_Beamline\51150 NORTH_AREAS\2026 - Test Xsuite\Test 1 - Gianni\h4_survey_comp_vbend_output.tfs""",,
H4TEST2,TT81,MBXHC.X0220120.E,683.610506,4708.706806,2443.616943,118.888062,,0.000000000,7.5783510,0.040653000,0.000157165,0.000000,16-SEP-2026,,Magnétique,845147,,56047664,MBXHC.X0220120,PXMBXHCCWP,"""\\eosproject-smb\eos\project\g\geodetic-metrology\Accelerators_Beamlines\Theo_Beamline\51150 NORTH_AREAS\2026 - Test Xsuite\Test 1 - Gianni\h4_survey_comp_vbend_output.tfs""",,
H4TEST2,TT81,MBXHC.X0220120.S,683.907160,4711.187063,2443.718546,121.388062,2.500001,0.000000000,7.5783510,0.040653000,0.000157165,0.000000,16-SEP-2026,,Magnétique,845091,,56047664,MBXHC.X0220120,PXMBXHCCWP,"""\\eosproject-smb\eos\project\g\geodetic-metrology\Accelerators_Beamlines\Theo_Beamline\51150 NORTH_AREAS\2026 - Test Xsuite\Test 1 - Gianni\h4_survey_comp_vbend_output.tfs""",,
H4TEST2,TT81,MBXHC.X0220123.E,684.003285,4711.999721,2443.751831,122.188062,,0.000000000,7.4166620,0.040652000,0.000260386,0.000000,16-SEP-2026,,Magnétique,845030,,56047673,MBXHC.X0220123,PXMBXHCCWP,"""\\eosproject-smb\eos\project\g\geodetic-metrology\Accelerators_Beamlines\Theo_Beamline\51150 NORTH_AREAS\2026 - Test Xsuite\Test 1 - Gianni\h4_survey_comp_vbend_output.tfs""",,
H4TEST2,TT81,MBXHC.X0220123.S,684.293638,4714.480723,2443.853433,124.688063,2.500001,0.000000000,7.4166620,0.040652000,0.000260386,0.000000,16-SEP-2026,,Magnétique,844969,,56047673,MBXHC.X0220123,PXMBXHCCWP,"""\\eosproject-smb\eos\project\g\geodetic-metrology\Accelerators_Beamlines\Theo_Beamline\51150 NORTH_AREAS\2026 - Test Xsuite\Test 1 - Gianni\h4_survey_comp_vbend_output.tfs""",,
H4TEST2,TT81,MBXHC.X0220127.E,684.394582,4715.354182,2443.889196,125.488063,,0.000000000,7.2549730,0.040651000,0.000363604,0.000000,16-SEP-2026,,Magnétique,845253,,56047682,MBXHC.X0220127,PXMBXHCCWP,"""\\eosproject-smb\eos\project\g\geodetic-metrology\Accelerators_Beamlines\Theo_Beamline\51150 NORTH_AREAS\2026 - Test Xsuite\Test 1 - Gianni\h4_survey_comp_vbend_output.tfs""",,
H4TEST2,TT81,MBXHC.X0220127.S,684.678633,4717.835914,2443.990796,127.988064,2.500001,0.000000000,7.2549730,0.040651000,0.000363604,0.000000,16-SEP-2026,,Magnétique,845256,,56047682,MBXHC.X0220127,PXMBXHCCWP,"""\\eosproject-smb\eos\project\g\geodetic-metrology\Accelerators_Beamlines\Theo_Beamline\51150 NORTH_AREAS\2026 - Test Xsuite\Test 1 - Gianni\h4_survey_comp_vbend_output.tfs""",,
H4TEST2,TT81,XVW.X0220128.E,684.719114,4718.194739,2444.005483,128.449464,,0.000000000,7.1741280,0.040651000,0.000415213,0.000000,16-SEP-2026,,Magnétique,844975,,62432497,XVW.X0220128,SPXVWMD001,"""\\eosproject-smb\eos\project\g\geodetic-metrology\Accelerators_Beamlines\Theo_Beamline\51150 NORTH_AREAS\2026 - Test Xsuite\Test 1 - Gianni\h4_survey_comp_vbend_output.tfs""",,
H4TEST2,TT81,XVW.X0220128.S,684.719136,4718.194938,2444.005492,128.449664,0.000200,0.000000000,7.1741280,0.040651000,0.000415213,0.000000,16-SEP-2026,,Magnétique,844935,,62432497,XVW.X0220128,SPXVWMD001,"""\\eosproject-smb\eos\project\g\geodetic-metrology\Accelerators_Beamlines\Theo_Beamline\51150 NORTH_AREAS\2026 - Test Xsuite\Test 1 - Gianni\h4_survey_comp_vbend_output.tfs""",,
H4TEST2,TT81,XWCA.X0220130.E,684.737496,4718.357167,2444.012132,128.613064,,0.000000000,7.1741280,0.040651000,0.000415213,0.000000,16-SEP-2026,,Magnétique,845209,,57662368,XWCA.X0220130,SPXWCA_,"""\\eosproject-smb\eos\project\g\geodetic-metrology\Accelerators_Beamlines\Theo_Beamline\51150 NORTH_AREAS\2026 - Test Xsuite\Test 1 - Gianni\h4_survey_comp_vbend_output.tfs""",,
H4TEST2,TT81,XSCI.X0220130.E,684.744227,4718.416657,2444.016569,128.673064,,0.000000000,7.1741280,0.040651000,0.004415213,0.000000,16-SEP-2026,,Magnétique,845176,,57662343,XSCI.X0220130,SPXSCI_,"""\\eosproject-smb\eos\project\g\geodetic-metrology\Accelerators_Beamlines\Theo_Beamline\51150 NORTH_AREAS\2026 - Test Xsuite\Test 1 - Gianni\h4_survey_comp_vbend_output.tfs""",,
H4TEST2,TT81,XWCA.X0220130.S,684.744237,4718.416737,2444.014570,128.673064,0.060000,0.000000000,7.1741280,0.040651000,0.000415213,0.000000,16-SEP-2026,,Magnétique,845034,,57662368,XWCA.X0220130,SPXWCA_,"""\\eosproject-smb\eos\project\g\geodetic-metrology\Accelerators_Beamlines\Theo_Beamline\51150 NORTH_AREAS\2026 - Test Xsuite\Test 1 - Gianni\h4_survey_comp_vbend_output.tfs""",,
H4TEST2,TT81,XSCI.X0220130.S,684.755463,4718.515940,2444.020633,128.773064,0.100000,0.000000000,7.1741280,0.040651000,0.004415213,0.000000,16-SEP-2026,,Magnétique,844985,,57662343,XSCI.X0220130,SPXSCI_,"""\\eosproject-smb\eos\project\g\geodetic-metrology\Accelerators_Beamlines\Theo_Beamline\51150 NORTH_AREAS\2026 - Test Xsuite\Test 1 - Gianni\h4_survey_comp_vbend_output.tfs""",,
H4TEST2,TT81,XVW.X0220129.E,684.783496,4718.763634,2444.028770,129.022464,,0.000000000,7.1741280,0.040651000,0.000415213,0.000000,16-SEP-2026,,Magnétique,844951,,62432520,XVW.X0220129,SPXVWMD001,"""\\eosproject-smb\eos\project\g\geodetic-metrology\Accelerators_Beamlines\Theo_Beamline\51150 NORTH_AREAS\2026 - Test Xsuite\Test 1 - Gianni\h4_survey_comp_vbend_output.tfs""",,
H4TEST2,TT81,XVW.X0220129.S,684.783518,4718.763833,2444.028778,129.022664,0.000200,0.000000000,7.1741280,0.040651000,0.000415213,0.000000,16-SEP-2026,,Magnétique,844905,,62432520,XVW.X0220129,SPXVWMD001,"""\\eosproject-smb\eos\project\g\geodetic-metrology\Accelerators_Beamlines\Theo_Beamline\51150 NORTH_AREAS\2026 - Test Xsuite\Test 1 - Gianni\h4_survey_comp_vbend_output.tfs""",,
H4TEST2,TT81,XCHV.X0220130.E,684.798947,4718.900168,2444.036360,129.160064,,0.000000000,7.1742340,0.036651000,0.000415149,0.000000,16-SEP-2026,,Magnétique,845001,,56051656,XCHV.X0220130,SPXCHV_002,"""\\eosproject-smb\eos\project\g\geodetic-metrology\Accelerators_Beamlines\Theo_Beamline\51150 NORTH_AREAS\2026 - Test Xsuite\Test 1 - Gianni\h4_survey_comp_vbend_output.tfs""",,
H4TEST2,TT81,XCHV.X0220130.S,684.911325,4719.893158,2444.073003,130.160064,1.000000,0.000000000,7.1742340,0.036651000,0.000415149,0.000000,16-SEP-2026,,Magnétique,844940,,56051656,XCHV.X0220130,SPXCHV_002,"""\\eosproject-smb\eos\project\g\geodetic-metrology\Accelerators_Beamlines\Theo_Beamline\51150 NORTH_AREAS\2026 - Test Xsuite\Test 1 - Gianni\h4_survey_comp_vbend_output.tfs""",,
H4TEST2,TT81,QNL.X0220132.E,684.951189,4720.245421,2444.092426,130.515064,,0.000000000,7.1741810,0.038644000,0.000415180,0.000000,16-SEP-2026,,Magnétique,845167,,57387180,QNL.X0220132,SPQNL__8WP,"""\\eosproject-smb\eos\project\g\geodetic-metrology\Accelerators_Beamlines\Theo_Beamline\51150 NORTH_AREAS\2026 - Test Xsuite\Test 1 - Gianni\h4_survey_comp_vbend_output.tfs""",,
H4TEST2,TT81,QNL.X0220132.S,685.287174,4723.214237,2444.207943,133.505064,2.990000,0.000000000,7.1741810,0.038644000,0.000415180,0.000000,16-SEP-2026,,Magnétique,844997,,57387180,QNL.X0220132,SPQNL__8WP,"""\\eosproject-smb\eos\project\g\geodetic-metrology\Accelerators_Beamlines\Theo_Beamline\51150 NORTH_AREAS\2026 - Test Xsuite\Test 1 - Gianni\h4_survey_comp_vbend_output.tfs""",,
H4TEST2,TT81,LSX.X0220134.E,685.338825,4723.670665,2444.233631,133.965064,,0.000000000,7.1744300,0.029222000,0.000415047,0.000000,16-SEP-2026,,Magnétique,845081,,57386416,LSX.X0220134,SPLSX__FWP,"""\\eosproject-smb\eos\project\g\geodetic-metrology\Accelerators_Beamlines\Theo_Beamline\51150 NORTH_AREAS\2026 - Test Xsuite\Test 1 - Gianni\h4_survey_comp_vbend_output.tfs""",,
H4TEST2,TT81,LSX.X0220134.S,685.417511,4724.365928,2444.254084,134.665064,0.700000,0.000000000,7.1744300,0.029222000,0.000415047,0.000000,16-SEP-2026,,Magnétique,845190,,57386416,LSX.X0220134,SPLSX__FWP,"""\\eosproject-smb\eos\project\g\geodetic-metrology\Accelerators_Beamlines\Theo_Beamline\51150 NORTH_AREAS\2026 - Test Xsuite\Test 1 - Gianni\h4_survey_comp_vbend_output.tfs""",,
H4TEST2,TT81,MCXCA.X0220135.E,685.465474,4724.789753,2444.275435,135.092064,,0.000000000,7.1741280,0.040651000,0.000415213,0.000000,16-SEP-2026,,Magnétique,844889,,56048087,MCXCA.X0220135,PXMCXCAHWC,"""\\eosproject-smb\eos\project\g\geodetic-metrology\Accelerators_Beamlines\Theo_Beamline\51150 NORTH_AREAS\2026 - Test Xsuite\Test 1 - Gianni\h4_survey_comp_vbend_output.tfs""",,
H4TEST2,TT81,MCXCA.X0220135.S,685.510418,4725.186888,2444.291691,135.492064,0.400000,0.000000000,7.1741280,0.040651000,0.000415213,0.000000,16-SEP-2026,,Magnétique,844911,,56048087,MCXCA.X0220135,PXMCXCAHWC,"""\\eosproject-smb\eos\project\g\geodetic-metrology\Accelerators_Beamlines\Theo_Beamline\51150 NORTH_AREAS\2026 - Test Xsuite\Test 1 - Gianni\h4_survey_comp_vbend_output.tfs""",,
H4TEST2,TT81,MBXHC.X0220137.E,685.571122,4725.723261,2444.307641,136.032064,,0.000000000,7.0932840,0.040650000,0.000466821,0.000000,16-SEP-2026,,Magnétique,845224,,56047691,MBXHC.X0220137,PXMBXHCCWP,"""\\eosproject-smb\eos\project\g\geodetic-metrology\Accelerators_Beamlines\Theo_Beamline\51150 NORTH_AREAS\2026 - Test Xsuite\Test 1 - Gianni\h4_survey_comp_vbend_output.tfs""",,
H4TEST2,TT81,MBXHC.X0220137.S,685.848869,4728.205706,2444.409239,138.532064,2.500001,0.000000000,7.0932840,0.040650000,0.000466821,0.000000,16-SEP-2026,,Magnétique,845245,,56047691,MBXHC.X0220137,PXMBXHCCWP,"""\\eosproject-smb\eos\project\g\geodetic-metrology\Accelerators_Beamlines\Theo_Beamline\51150 NORTH_AREAS\2026 - Test Xsuite\Test 1 - Gianni\h4_survey_comp_vbend_output.tfs""",,
H4TEST2,TT81,MBXHC.X0220141.E,685.936719,4729.000040,2444.445746,139.332064,,0.000000000,6.9315950,0.040649000,0.000570034,0.000000,16-SEP-2026,,Magnétique,845039,,56047700,MBXHC.X0220141,PXMBXHCCWP,"""\\eosproject-smb\eos\project\g\geodetic-metrology\Accelerators_Beamlines\Theo_Beamline\51150 NORTH_AREAS\2026 - Test Xsuite\Test 1 - Gianni\h4_survey_comp_vbend_output.tfs""",,
H4TEST2,TT81,MBXHC.X0220141.S,686.208160,4731.483183,2444.547340,141.832065,2.500001,0.000000000,6.9315950,0.040649000,0.000570034,0.000000,16-SEP-2026,,Magnétique,844986,,56047700,MBXHC.X0220141,PXMBXHCCWP,"""\\eosproject-smb\eos\project\g\geodetic-metrology\Accelerators_Beamlines\Theo_Beamline\51150 NORTH_AREAS\2026 - Test Xsuite\Test 1 - Gianni\h4_survey_comp_vbend_output.tfs""",,
H4TEST2,TT81,MBXHC.X0220144.E,686.293998,4732.277777,2444.582847,142.632065,,0.000000000,6.7699060,0.040647000,0.000673244,0.000000,16-SEP-2026,,Magnétique,845177,,56047709,MBXHC.X0220144,PXMBXHCCWP,"""\\eosproject-smb\eos\project\g\geodetic-metrology\Accelerators_Beamlines\Theo_Beamline\51150 NORTH_AREAS\2026 - Test Xsuite\Test 1 - Gianni\h4_survey_comp_vbend_output.tfs""",,
H4TEST2,TT81,MBXHC.X0220144.S,686.559131,4734.761601,2444.684437,145.132066,2.500001,0.000000000,6.7699060,0.040647000,0.000673244,0.000000,16-SEP-2026,,Magnétique,845102,,56047709,MBXHC.X0220144,PXMBXHCCWP,"""\\eosproject-smb\eos\project\g\geodetic-metrology\Accelerators_Beamlines\Theo_Beamline\51150 NORTH_AREAS\2026 - Test Xsuite\Test 1 - Gianni\h4_survey_comp_vbend_output.tfs""",,
H4TEST2,TT81,MBXHC.X0220147.E,686.642870,4735.555766,2444.735930,145.932066,,0.000000000,6.6082170,0.040645000,0.000776449,0.000000,16-SEP-2026,,Magnétique,844983,,56047718,MBXHC.X0220147,PXMBXHCCWP,"""\\eosproject-smb\eos\project\g\geodetic-metrology\Accelerators_Beamlines\Theo_Beamline\51150 NORTH_AREAS\2026 - Test Xsuite\Test 1 - Gianni\h4_survey_comp_vbend_output.tfs""",,
H4TEST2,TT81,MBXHC.X0220147.S,686.901694,4738.040256,2444.837515,148.432066,2.500001,0.000000000,6.6082170,0.040645000,0.000776449,0.000000,16-SEP-2026,,Magnétique,845249,,56047718,MBXHC.X0220147,PXMBXHCCWP,"""\\eosproject-smb\eos\project\g\geodetic-metrology\Accelerators_Beamlines\Theo_Beamline\51150 NORTH_AREAS\2026 - Test Xsuite\Test 1 - Gianni\h4_survey_comp_vbend_output.tfs""",,
H4TEST2,TT81,QNL.X0220167.E,688.598676,4754.533259,2445.541798,165.027066,,0.000000000,6.5291350,0.007193000,0.000827387,0.000000,16-SEP-2026,,Magnétique,844920,,56047941,QNL.X0220167,SPQNL__8WP,"""\\eosproject-smb\eos\project\g\geodetic-metrology\Accelerators_Beamlines\Theo_Beamline\51150 NORTH_AREAS\2026 - Test Xsuite\Test 1 - Gianni\h4_survey_comp_vbend_output.tfs""",,
H4TEST2,TT81,QNL.X0220167.S,688.904784,4757.507471,2445.563306,168.017066,2.990000,0.000000000,6.5291350,0.007193000,0.000827387,0.000000,16-SEP-2026,,Magnétique,845130,,56047941,QNL.X0220167,SPQNL__8WP,"""\\eosproject-smb\eos\project\g\geodetic-metrology\Accelerators_Beamlines\Theo_Beamline\51150 NORTH_AREAS\2026 - Test Xsuite\Test 1 - Gianni\h4_survey_comp_vbend_output.tfs""",,
H4TEST2,TT81,QNL.X0220177.E,689.643398,4764.687186,2446.006947,175.245066,,0.000000000,6.5309000,-0.026295000,0.000827652,0.000000,16-SEP-2026,,Magnétique,845168,,56047959,QNL.X0220177,SPQNL__8WP,"""\\eosproject-smb\eos\project\g\geodetic-metrology\Accelerators_Beamlines\Theo_Beamline\51150 NORTH_AREAS\2026 - Test Xsuite\Test 1 - Gianni\h4_survey_comp_vbend_output.tfs""",,
H4TEST2,TT81,QNL.X0220177.S,689.949490,4767.660438,2445.928333,178.235066,2.990000,0.000000000,6.5309000,-0.026295000,0.000827652,0.000000,16-SEP-2026,,Magnétique,845222,,56047959,QNL.X0220177,SPQNL__8WP,"""\\eosproject-smb\eos\project\g\geodetic-metrology\Accelerators_Beamlines\Theo_Beamline\51150 NORTH_AREAS\2026 - Test Xsuite\Test 1 - Gianni\h4_survey_comp_vbend_output.tfs""",,
H4TEST2,TT81,XCSV.X0220179.E,689.880371,4767.966507,2446.040427,178.530066,,0.000000000,6.5273720,0.040644000,0.000828050,0.000000,16-SEP-2026,,Magnétique,845141,,57015475,XCSV.X0220179,SPXCSV_,"""\\eosproject-smb\eos\project\g\geodetic-metrology\Accelerators_Beamlines\Theo_Beamline\51150 NORTH_AREAS\2026 - Test Xsuite\Test 1 - Gianni\h4_survey_comp_vbend_output.tfs""",,
H4TEST2,TT81,XCSV.X0220179.S,689.982639,4768.960434,2446.081060,179.530066,1.000000,0.000000000,6.5273720,0.040644000,0.000828050,0.000000,16-SEP-2026,,Magnétique,844946,,57015475,XCSV.X0220179,SPXCSV_,"""\\eosproject-smb\eos\project\g\geodetic-metrology\Accelerators_Beamlines\Theo_Beamline\51150 NORTH_AREAS\2026 - Test Xsuite\Test 1 - Gianni\h4_survey_comp_vbend_output.tfs""",,
H4TEST2,TT81,LSX.X0220195.E,691.558004,4783.782713,2446.687267,194.448066,,0.000000000,6.5273720,0.040644000,0.000828050,0.000000,16-SEP-2026,,Magnétique,845015,,57386452,LSX.X0220195,SPLSX__FWP,"""\\eosproject-smb\eos\project\g\geodetic-metrology\Accelerators_Beamlines\Theo_Beamline\51150 NORTH_AREAS\2026 - Test Xsuite\Test 1 - Gianni\h4_survey_comp_vbend_output.tfs""",,
H4TEST2,TT81,LSX.X0220195.S,691.629592,4784.478461,2446.715711,195.148066,0.700000,0.000000000,6.5273720,0.040644000,0.000828050,0.000000,16-SEP-2026,,Magnétique,845054,,57386452,LSX.X0220195,SPLSX__FWP,"""\\eosproject-smb\eos\project\g\geodetic-metrology\Accelerators_Beamlines\Theo_Beamline\51150 NORTH_AREAS\2026 - Test Xsuite\Test 1 - Gianni\h4_survey_comp_vbend_output.tfs""",,
H4TEST2,TT81,XCHV.X0220196.E,691.696455,4784.835191,2446.730445,195.510066,,0.000000000,6.5273720,0.040644000,0.000828050,0.000000,16-SEP-2026,,Magnétique,844980,,56051665,XCHV.X0220196,SPXCHV_001,"""\\eosproject-smb\eos\project\g\geodetic-metrology\Accelerators_Beamlines\Theo_Beamline\51150 NORTH_AREAS\2026 - Test Xsuite\Test 1 - Gianni\h4_survey_comp_vbend_output.tfs""",,
H4TEST2,TT81,XCHV.X0220196.S,691.798723,4785.829118,2446.771078,196.510066,1.000000,0.000000000,6.5273720,0.040644000,0.000828050,0.000000,16-SEP-2026,,Magnétique,844998,,56051665,XCHV.X0220196,SPXCHV_001,"""\\eosproject-smb\eos\project\g\geodetic-metrology\Accelerators_Beamlines\Theo_Beamline\51150 NORTH_AREAS\2026 - Test Xsuite\Test 1 - Gianni\h4_survey_comp_vbend_output.tfs""",,
H4TEST2,TT81,LSX.X0220197.E,691.846295,4786.154686,2446.784458,196.839066,,0.000000000,6.5273720,0.040644000,0.000828050,0.000000,16-SEP-2026,,Magnétique,845105,,57386490,LSX.X0220197,SPLSX__FWP,"""\\eosproject-smb\eos\project\g\geodetic-metrology\Accelerators_Beamlines\Theo_Beamline\51150 NORTH_AREAS\2026 - Test Xsuite\Test 1 - Gianni\h4_survey_comp_vbend_output.tfs""",,
H4TEST2,TT81,LSX.X0220197.S,691.917882,4786.850435,2446.812901,197.539066,0.700000,0.000000000,6.5273720,0.040644000,0.000828050,0.000000,16-SEP-2026,,Magnétique,845121,,57386490,LSX.X0220197,SPLSX__FWP,"""\\eosproject-smb\eos\project\g\geodetic-metrology\Accelerators_Beamlines\Theo_Beamline\51150 NORTH_AREAS\2026 - Test Xsuite\Test 1 - Gianni\h4_survey_comp_vbend_output.tfs""",,
H4TEST2,TT81,MCXCA.X0220198.E,691.966599,4787.265282,2446.829891,197.957066,,0.000000000,6.5273720,0.040644000,0.000828050,0.000000,16-SEP-2026,,Magnétique,844901,,56048096,MCXCA.X0220198,PXMCXCAHWC,"""\\eosproject-smb\eos\project\g\geodetic-metrology\Accelerators_Beamlines\Theo_Beamline\51150 NORTH_AREAS\2026 - Test Xsuite\Test 1 - Gianni\h4_survey_comp_vbend_output.tfs""",,
H4TEST2,TT81,MCXCA.X0220198.S,692.007506,4787.662853,2446.846144,198.357066,0.400000,0.000000000,6.5273720,0.040644000,0.000828050,0.000000,16-SEP-2026,,Magnétique,845106,,56048096,MCXCA.X0220198,PXMCXCAHWC,"""\\eosproject-smb\eos\project\g\geodetic-metrology\Accelerators_Beamlines\Theo_Beamline\51150 NORTH_AREAS\2026 - Test Xsuite\Test 1 - Gianni\h4_survey_comp_vbend_output.tfs""",,
H4TEST2,TT81,XCSV.X0220213.E,693.452315,4801.695008,2447.419804,212.475066,,0.000000000,6.5273720,0.040644000,0.000828050,0.000000,16-SEP-2026,,Magnétique,844910,,57015484,XCSV.X0220213,SPXCSV_,"""\\eosproject-smb\eos\project\g\geodetic-metrology\Accelerators_Beamlines\Theo_Beamline\51150 NORTH_AREAS\2026 - Test Xsuite\Test 1 - Gianni\h4_survey_comp_vbend_output.tfs""",,
H4TEST2,TT81,XCSV.X0220213.S,693.554583,4802.688934,2447.460437,213.475066,1.000000,0.000000000,6.5273720,0.040644000,0.000828050,0.000000,16-SEP-2026,,Magnétique,845191,,57015484,XCSV.X0220213,SPXCSV_,"""\\eosproject-smb\eos\project\g\geodetic-metrology\Accelerators_Beamlines\Theo_Beamline\51150 NORTH_AREAS\2026 - Test Xsuite\Test 1 - Gianni\h4_survey_comp_vbend_output.tfs""",,
H4TEST2,TT81,QNL.X0220215.E,693.591259,4802.996540,2447.473038,213.785066,,0.000000000,6.5273720,0.040644000,0.000828050,0.000000,16-SEP-2026,,Magnétique,845163,,56047968,QNL.X0220215,SPQNL__8WP,"""\\eosproject-smb\eos\project\g\geodetic-metrology\Accelerators_Beamlines\Theo_Beamline\51150 NORTH_AREAS\2026 - Test Xsuite\Test 1 - Gianni\h4_survey_comp_vbend_output.tfs""",,
H4TEST2,TT81,QNL.X0220215.S,693.897040,4805.968380,2447.594531,216.775066,2.990000,0.000000000,6.5273720,0.040644000,0.000828050,0.000000,16-SEP-2026,,Magnétique,844919,,56047968,QNL.X0220215,SPQNL__8WP,"""\\eosproject-smb\eos\project\g\geodetic-metrology\Accelerators_Beamlines\Theo_Beamline\51150 NORTH_AREAS\2026 - Test Xsuite\Test 1 - Gianni\h4_survey_comp_vbend_output.tfs""",,
H4TEST2,TT81,QNL.X0220225.E,694.650157,4813.151049,2447.888239,224.003066,,0.000000000,6.5273720,0.040644000,0.000828050,0.000000,16-SEP-2026,,Magnétique,844939,,56047950,QNL.X0220225,SPQNL__8WP,"""\\eosproject-smb\eos\project\g\geodetic-metrology\Accelerators_Beamlines\Theo_Beamline\51150 NORTH_AREAS\2026 - Test Xsuite\Test 1 - Gianni\h4_survey_comp_vbend_output.tfs""",,
H4TEST2,TT81,QNL.X0220225.S,694.955937,4816.122890,2448.009732,226.993066,2.990000,0.000000000,6.5273720,0.040644000,0.000828050,0.000000,16-SEP-2026,,Magnétique,845223,,56047950,QNL.X0220225,SPQNL__8WP,"""\\eosproject-smb\eos\project\g\geodetic-metrology\Accelerators_Beamlines\Theo_Beamline\51150 NORTH_AREAS\2026 - Test Xsuite\Test 1 - Gianni\h4_survey_comp_vbend_output.tfs""",,
H4TEST2,TT81,XVW.X0220257.E,698.012249,4846.022219,2449.231961,257.073033,,0.000000000,6.5273720,0.040644000,0.000828050,0.000000,16-SEP-2026,,Magnétique,845029,,57601753,XVW.X0220257,SPXVWAA001,"""\\eosproject-smb\eos\project\g\geodetic-metrology\Accelerators_Beamlines\Theo_Beamline\51150 NORTH_AREAS\2026 - Test Xsuite\Test 1 - Gianni\h4_survey_comp_vbend_output.tfs""",,
H4TEST2,TT81,XVW.X0220257.S,698.012259,4846.022319,2449.231965,257.073133,0.000100,0.000000000,6.5273720,0.040644000,0.000828050,0.000000,16-SEP-2026,,Magnétique,844930,,57601753,XVW.X0220257,SPXVWAA001,"""\\eosproject-smb\eos\project\g\geodetic-metrology\Accelerators_Beamlines\Theo_Beamline\51150 NORTH_AREAS\2026 - Test Xsuite\Test 1 - Gianni\h4_survey_comp_vbend_output.tfs""",,
H4TEST2,TT81,XSCI.X0220256.E,698.022469,4846.121565,2449.238024,257.173066,,0.000000000,6.5273720,0.040644000,0.005828050,0.000000,16-SEP-2026,,Magnétique,845107,,57662391,XSCI.X0220256,SPXSCI_,"""\\eosproject-smb\eos\project\g\geodetic-metrology\Accelerators_Beamlines\Theo_Beamline\51150 NORTH_AREAS\2026 - Test Xsuite\Test 1 - Gianni\h4_survey_comp_vbend_output.tfs""",,
H4TEST2,TT81,XSCI.X0220256.S,698.032696,4846.220957,2449.242087,257.273066,0.100000,0.000000000,6.5273720,0.040644000,0.005828050,0.000000,16-SEP-2026,,Magnétique,845156,,57662391,XSCI.X0220256,SPXSCI_,"""\\eosproject-smb\eos\project\g\geodetic-metrology\Accelerators_Beamlines\Theo_Beamline\51150 NORTH_AREAS\2026 - Test Xsuite\Test 1 - Gianni\h4_survey_comp_vbend_output.tfs""",,
H4TEST2,TT81,XCON.X0220256.E,698.053160,4846.419823,2449.248216,257.473066,,0.000000000,6.5273720,0.040644000,0.000828050,0.000000,16-SEP-2026,,Magnétique,845006,,57588540,XCON.X0220256,SPXCON_007,"""\\eosproject-smb\eos\project\g\geodetic-metrology\Accelerators_Beamlines\Theo_Beamline\51150 NORTH_AREAS\2026 - Test Xsuite\Test 1 - Gianni\h4_survey_comp_vbend_output.tfs""",,
H4TEST2,TT81,XCON.X0220256.S,698.053262,4846.420817,2449.248256,257.474066,0.001000,0.000000000,6.5273720,0.040644000,0.000828050,0.000000,16-SEP-2026,,Magnétique,845036,,57588540,XCON.X0220256,SPXCON_007,"""\\eosproject-smb\eos\project\g\geodetic-metrology\Accelerators_Beamlines\Theo_Beamline\51150 NORTH_AREAS\2026 - Test Xsuite\Test 1 - Gianni\h4_survey_comp_vbend_output.tfs""",,
H4TEST2,TT81,XVW.X0220258.E,698.070542,4846.588758,2449.255122,257.643033,,0.000000000,6.5273720,0.040644000,0.000828050,0.000000,16-SEP-2026,,Magnétique,845214,,57601762,XVW.X0220258,SPXVWAA001,"""\\eosproject-smb\eos\project\g\geodetic-metrology\Accelerators_Beamlines\Theo_Beamline\51150 NORTH_AREAS\2026 - Test Xsuite\Test 1 - Gianni\h4_survey_comp_vbend_output.tfs""",,
H4TEST2,TT81,XVW.X0220258.S,698.070552,4846.588857,2449.255126,257.643133,0.000100,0.000000000,6.5273720,0.040644000,0.000828050,0.000000,16-SEP-2026,,Magnétique,845164,,57601762,XVW.X0220258,SPXVWAA001,"""\\eosproject-smb\eos\project\g\geodetic-metrology\Accelerators_Beamlines\Theo_Beamline\51150 NORTH_AREAS\2026 - Test Xsuite\Test 1 - Gianni\h4_survey_comp_vbend_output.tfs""",,
H4TEST2,TT81,XFFV.X0220257.E,698.180246,4846.677945,2449.259269,257.743066,,0.000000000,6.5273720,0.040644000,0.000828050,0.000000,16-SEP-2026,,Magnétique,845186,,57697594,XFFV.X0220257,SPXFF__001,"""\\eosproject-smb\eos\project\g\geodetic-metrology\Accelerators_Beamlines\Theo_Beamline\51150 NORTH_AREAS\2026 - Test Xsuite\Test 1 - Gianni\h4_survey_comp_vbend_output.tfs""",,
H4TEST2,TT81,XFFH.X0220258.E,698.158735,4846.957388,2449.270443,258.019066,,0.000000000,6.5273720,0.040644000,0.000828050,0.000000,16-SEP-2026,,Magnétique,845089,,57697617,XFFH.X0220258,SPXFF__001,"""\\eosproject-smb\eos\project\g\geodetic-metrology\Accelerators_Beamlines\Theo_Beamline\51150 NORTH_AREAS\2026 - Test Xsuite\Test 1 - Gianni\h4_survey_comp_vbend_output.tfs""",,
H4TEST2,TT81,XFFV.X0220257.S,698.208472,4846.952269,2449.270484,258.019066,0.276000,0.000000000,6.5273720,0.040644000,0.000828050,0.000000,16-SEP-2026,,Magnétique,845160,,57697594,XFFV.X0220257,SPXFF__001,"""\\eosproject-smb\eos\project\g\geodetic-metrology\Accelerators_Beamlines\Theo_Beamline\51150 NORTH_AREAS\2026 - Test Xsuite\Test 1 - Gianni\h4_survey_comp_vbend_output.tfs""",,
H4TEST2,TT81,XFFH.X0220258.S,698.186961,4847.231712,2449.281657,258.295066,0.276000,0.000000000,6.5273720,0.040644000,0.000828050,0.000000,16-SEP-2026,,Magnétique,844973,,57697617,XFFH.X0220258,SPXFF__001,"""\\eosproject-smb\eos\project\g\geodetic-metrology\Accelerators_Beamlines\Theo_Beamline\51150 NORTH_AREAS\2026 - Test Xsuite\Test 1 - Gianni\h4_survey_comp_vbend_output.tfs""",,
H4TEST2,TT81,QNL.X0220260.E,698.149496,4847.356102,2449.286492,258.515066,,0.000000000,6.5273720,0.040644000,0.000828050,0.000000,16-SEP-2026,,Magnétique,845085,,56047932,QNL.X0220260,SPQNL__8WP,"""\\eosproject-smb\eos\project\g\geodetic-metrology\Accelerators_Beamlines\Theo_Beamline\51150 NORTH_AREAS\2026 - Test Xsuite\Test 1 - Gianni\h4_survey_comp_vbend_output.tfs""",,
H4TEST2,TT81,QNL.X0220260.S,698.455276,4850.327943,2449.407985,261.505066,2.990000,0.000000000,6.5273720,0.040644000,0.000828050,0.000000,16-SEP-2026,,Magnétique,845187,,56047932,QNL.X0220260,SPQNL__8WP,"""\\eosproject-smb\eos\project\g\geodetic-metrology\Accelerators_Beamlines\Theo_Beamline\51150 NORTH_AREAS\2026 - Test Xsuite\Test 1 - Gianni\h4_survey_comp_vbend_output.tfs""",,
H4TEST2,TT81,XFFH.X0220262.E,698.496694,4850.730483,2449.424442,261.860066,,0.000000000,6.5273720,0.040644000,0.000828050,0.000000,16-SEP-2026,,Magnétique,845108,,57697640,XFFH.X0220262,SPXFF__001,"""\\eosproject-smb\eos\project\g\geodetic-metrology\Accelerators_Beamlines\Theo_Beamline\51150 NORTH_AREAS\2026 - Test Xsuite\Test 1 - Gianni\h4_survey_comp_vbend_output.tfs""",,
H4TEST2,TT81,XFFH.X0220262.S,698.524920,4851.004807,2449.435657,262.136066,0.276000,0.000000000,6.5273720,0.040644000,0.000828050,0.000000,16-SEP-2026,,Magnétique,845093,,57697640,XFFH.X0220262,SPXFF__001,"""\\eosproject-smb\eos\project\g\geodetic-metrology\Accelerators_Beamlines\Theo_Beamline\51150 NORTH_AREAS\2026 - Test Xsuite\Test 1 - Gianni\h4_survey_comp_vbend_output.tfs""",,
H4TEST2,TT81,QNL.X0220295.E,701.687138,4881.738014,2450.692075,293.027066,,0.000000000,6.5273720,0.040644000,0.000828050,0.000000,16-SEP-2026,,Magnétique,845011,,56047977,QNL.X0220295,SPQNL__8WP,"""\\eosproject-smb\eos\project\g\geodetic-metrology\Accelerators_Beamlines\Theo_Beamline\51150 NORTH_AREAS\2026 - Test Xsuite\Test 1 - Gianni\h4_survey_comp_vbend_output.tfs""",,
H4TEST2,TT81,QNL.X0220295.S,701.992918,4884.709855,2450.813569,296.017066,2.990000,0.000000000,6.5273720,0.040644000,0.000828050,0.000000,16-SEP-2026,,Magnétique,845220,,56047977,QNL.X0220295,SPQNL__8WP,"""\\eosproject-smb\eos\project\g\geodetic-metrology\Accelerators_Beamlines\Theo_Beamline\51150 NORTH_AREAS\2026 - Test Xsuite\Test 1 - Gianni\h4_survey_comp_vbend_output.tfs""",,
H4TEST2,TT81,QNL.X0220305.E,702.733541,4891.907872,2451.107834,303.245066,,0.000000000,6.5273720,0.040644000,0.000828050,0.000000,16-SEP-2026,,Magnétique,845149,,56047736,QNL.X0220305,SPQNL__8WP,"""\\eosproject-smb\eos\project\g\geodetic-metrology\Accelerators_Beamlines\Theo_Beamline\51150 NORTH_AREAS\2026 - Test Xsuite\Test 1 - Gianni\h4_survey_comp_vbend_output.tfs""",,
H4TEST2,TT81,QNL.X0220305.S,703.039321,4894.879713,2451.229327,306.235066,2.990000,0.000000000,6.5273720,0.040644000,0.000828050,0.000000,16-SEP-2026,,Magnétique,844974,,56047736,QNL.X0220305,SPQNL__8WP,"""\\eosproject-smb\eos\project\g\geodetic-metrology\Accelerators_Beamlines\Theo_Beamline\51150 NORTH_AREAS\2026 - Test Xsuite\Test 1 - Gianni\h4_survey_comp_vbend_output.tfs""",,
H4TEST2,TT81,MBNV.X0220309.E,703.195656,4895.422098,2451.252002,306.785066,,0.000000000,6.5275530,0.037218000,0.000827939,0.000000,16-SEP-2026,,Magnétique,845226,,57386696,MBNV.X0220309,SPMBNV_HWP,"""\\eosproject-smb\eos\project\g\geodetic-metrology\Accelerators_Beamlines\Theo_Beamline\51150 NORTH_AREAS\2026 - Test Xsuite\Test 1 - Gianni\h4_survey_comp_vbend_output.tfs""",,
H4TEST2,TT81,MBNV.X0220309.S,703.707077,4900.392393,2451.438051,311.785076,5.000010,0.000000000,6.5275530,0.037218000,0.000827939,0.000000,16-SEP-2026,,Magnétique,844979,,57386696,MBNV.X0220309,SPMBNV_HWP,"""\\eosproject-smb\eos\project\g\geodetic-metrology\Accelerators_Beamlines\Theo_Beamline\51150 NORTH_AREAS\2026 - Test Xsuite\Test 1 - Gianni\h4_survey_comp_vbend_output.tfs""",,
H4TEST2,TT81,MBNV.X0220315.E,703.675128,4901.058851,2451.458268,312.445076,,0.000000000,6.5278720,0.031166000,0.000827768,0.000000,16-SEP-2026,,Magnétique,845086,,57386804,MBNV.X0220315,SPMBNV_HWP,"""\\eosproject-smb\eos\project\g\geodetic-metrology\Accelerators_Beamlines\Theo_Beamline\51150 NORTH_AREAS\2026 - Test Xsuite\Test 1 - Gianni\h4_survey_comp_vbend_output.tfs""",,
H4TEST2,TT81,MBNV.X0220315.S,704.186679,4906.030172,2451.614075,317.445086,5.000010,0.000000000,6.5278720,0.031166000,0.000827768,0.000000,16-SEP-2026,,Magnétique,845026,,57386804,MBNV.X0220315,SPMBNV_HWP,"""\\eosproject-smb\eos\project\g\geodetic-metrology\Accelerators_Beamlines\Theo_Beamline\51150 NORTH_AREAS\2026 - Test Xsuite\Test 1 - Gianni\h4_survey_comp_vbend_output.tfs""",,
H4TEST2,TT81,MBNV.X0220321.E,704.254287,4906.686995,2451.609860,318.105086,,0.000000000,6.5278540,0.031515000,0.000827777,0.000000,16-SEP-2026,,Magnétique,845196,,57386840,MBNV.X0220321,SPMBNV_HWP,"""\\eosproject-smb\eos\project\g\geodetic-metrology\Accelerators_Beamlines\Theo_Beamline\51150 NORTH_AREAS\2026 - Test Xsuite\Test 1 - Gianni\h4_survey_comp_vbend_output.tfs""",,
H4TEST2,TT81,MBNV.X0220321.S,704.765831,4911.658263,2451.767406,323.105096,5.000010,0.000000000,6.5278540,0.031515000,0.000827777,0.000000,16-SEP-2026,,Magnétique,845012,,57386840,MBNV.X0220321,SPMBNV_HWP,"""\\eosproject-smb\eos\project\g\geodetic-metrology\Accelerators_Beamlines\Theo_Beamline\51150 NORTH_AREAS\2026 - Test Xsuite\Test 1 - Gianni\h4_survey_comp_vbend_output.tfs""",,
H4TEST2,TT81,XFFV.X0220323.E,704.804805,4912.036815,2451.755049,323.435096,,0.000000000,6.5284560,0.020088000,0.000827533,0.000000,16-SEP-2026,,Magnétique,845033,,57697689,XFFV.X0220323,SPXFF__001,"""\\eosproject-smb\eos\project\g\geodetic-metrology\Accelerators_Beamlines\Theo_Beamline\51150 NORTH_AREAS\2026 - Test Xsuite\Test 1 - Gianni\h4_survey_comp_vbend_output.tfs""",,
H4TEST2,TT81,XFFH.X0220324.E,704.829982,4912.281473,2451.759990,323.711096,,0.000000000,6.5284560,0.020088000,0.000827533,0.000000,16-SEP-2026,,Magnétique,844944,,57697790,XFFH.X0220324,SPXFF__001,"""\\eosproject-smb\eos\project\g\geodetic-metrology\Accelerators_Beamlines\Theo_Beamline\51150 NORTH_AREAS\2026 - Test Xsuite\Test 1 - Gianni\h4_survey_comp_vbend_output.tfs""",,
H4TEST2,TT81,XFFV.X0220323.S,704.833053,4912.311310,2451.760593,323.711096,0.276000,0.000000000,6.5284560,0.020088000,0.000827533,0.000000,16-SEP-2026,,Magnétique,845134,,57697689,XFFV.X0220323,SPXFF__001,"""\\eosproject-smb\eos\project\g\geodetic-metrology\Accelerators_Beamlines\Theo_Beamline\51150 NORTH_AREAS\2026 - Test Xsuite\Test 1 - Gianni\h4_survey_comp_vbend_output.tfs""",,
H4TEST2,TT81,XFFH.X0220324.S,704.858231,4912.555968,2451.765534,323.987096,0.276000,0.000000000,6.5284560,0.020088000,0.000827533,0.000000,16-SEP-2026,,Magnétique,845021,,57697790,XFFH.X0220324,SPXFF__001,"""\\eosproject-smb\eos\project\g\geodetic-metrology\Accelerators_Beamlines\Theo_Beamline\51150 NORTH_AREAS\2026 - Test Xsuite\Test 1 - Gianni\h4_survey_comp_vbend_output.tfs""",,
H4TEST2,TT81,MBNV.X0220327.E,704.953362,4913.460833,2451.781809,324.915096,,0.000000000,6.4776570,0.017462000,0.001843567,0.000000,16-SEP-2026,,Magnétique,845045,,57386732,MBNV.X0220327,SPMBNV_HWP,"""\\eosproject-smb\eos\project\g\geodetic-metrology\Accelerators_Beamlines\Theo_Beamline\51150 NORTH_AREAS\2026 - Test Xsuite\Test 1 - Gianni\h4_survey_comp_vbend_output.tfs""",,
H4TEST2,TT81,MBNV.X0220327.S,705.461161,4918.434214,2451.869113,329.915106,5.000010,0.000000000,6.4776570,0.017462000,0.001843567,0.000000,16-SEP-2026,,Magnétique,845244,,57386732,MBNV.X0220327,SPMBNV_HWP,"""\\eosproject-smb\eos\project\g\geodetic-metrology\Accelerators_Beamlines\Theo_Beamline\51150 NORTH_AREAS\2026 - Test Xsuite\Test 1 - Gianni\h4_survey_comp_vbend_output.tfs""",,
H4TEST2,TT81,MBNV.X0220333.E,705.532502,4919.088326,2451.875819,330.575106,,0.000000000,6.4780660,0.009810000,0.000837995,0.000000,16-SEP-2026,,Magnétique,845232,,57386768,MBNV.X0220333,SPMBNV_HWP,"""\\eosproject-smb\eos\project\g\geodetic-metrology\Accelerators_Beamlines\Theo_Beamline\51150 NORTH_AREAS\2026 - Test Xsuite\Test 1 - Gianni\h4_survey_comp_vbend_output.tfs""",,
H4TEST2,TT81,MBNV.X0220333.S,706.040386,4924.062223,2451.924867,335.575115,5.000010,0.000000000,6.4780660,0.009810000,0.000837995,0.000000,16-SEP-2026,,Magnétique,844964,,57386768,MBNV.X0220333,SPMBNV_HWP,"""\\eosproject-smb\eos\project\g\geodetic-metrology\Accelerators_Beamlines\Theo_Beamline\51150 NORTH_AREAS\2026 - Test Xsuite\Test 1 - Gianni\h4_survey_comp_vbend_output.tfs""",,
H4TEST2,TT81,MBNV.X0220339.E,706.129841,4924.716491,2451.929099,336.235115,,0.000000000,6.0200550,0.002952000,0.000878419,0.000000,16-SEP-2026,,Magnétique,845071,,57386889,MBNV.X0220339,SPMBNV_HWP,"""\\eosproject-smb\eos\project\g\geodetic-metrology\Accelerators_Beamlines\Theo_Beamline\51150 NORTH_AREAS\2026 - Test Xsuite\Test 1 - Gianni\h4_survey_comp_vbend_output.tfs""",,
H4TEST2,TT81,MBNV.X0220339.S,706.601948,4929.694130,2451.943858,341.235125,5.000010,0.000000000,6.0200550,0.002952000,0.000878419,0.000000,16-SEP-2026,,Magnétique,845194,,57386889,MBNV.X0220339,SPMBNV_HWP,"""\\eosproject-smb\eos\project\g\geodetic-metrology\Accelerators_Beamlines\Theo_Beamline\51150 NORTH_AREAS\2026 - Test Xsuite\Test 1 - Gianni\h4_survey_comp_vbend_output.tfs""",,
H4TEST2,TT81,QNL.X0220343.E,706.678187,4930.239340,2451.923618,341.785125,,0.000000000,6.5295390,-0.000468000,0.000827366,0.000000,16-SEP-2026,,Magnétique,845096,,56047745,QNL.X0220343,SPQNL__8WP,"""\\eosproject-smb\eos\project\g\geodetic-metrology\Accelerators_Beamlines\Theo_Beamline\51150 NORTH_AREAS\2026 - Test Xsuite\Test 1 - Gianni\h4_survey_comp_vbend_output.tfs""",,
H4TEST2,TT81,QNL.X0220343.S,706.984322,4933.213627,2451.922220,344.775125,2.990000,0.000000000,6.5295390,-0.000468000,0.000827366,0.000000,16-SEP-2026,,Magnétique,845264,,56047745,QNL.X0220343,SPQNL__8WP,"""\\eosproject-smb\eos\project\g\geodetic-metrology\Accelerators_Beamlines\Theo_Beamline\51150 NORTH_AREAS\2026 - Test Xsuite\Test 1 - Gianni\h4_survey_comp_vbend_output.tfs""",,
H4TEST2,TT81,QNL.X0220353.E,707.724357,4940.403649,2451.932841,352.003125,,0.000000000,6.5295390,-0.000468000,0.000827366,0.000000,16-SEP-2026,,Magnétique,845028,,56047754,QNL.X0220353,SPQNL__8WP,"""\\eosproject-smb\eos\project\g\geodetic-metrology\Accelerators_Beamlines\Theo_Beamline\51150 NORTH_AREAS\2026 - Test Xsuite\Test 1 - Gianni\h4_survey_comp_vbend_output.tfs""",,
H4TEST2,TT81,QNL.X0220353.S,708.030491,4943.377935,2451.931443,354.993125,2.990000,0.000000000,6.5295390,-0.000468000,0.000827366,0.000000,16-SEP-2026,,Magnétique,845101,,56047754,QNL.X0220353,SPQNL__8WP,"""\\eosproject-smb\eos\project\g\geodetic-metrology\Accelerators_Beamlines\Theo_Beamline\51150 NORTH_AREAS\2026 - Test Xsuite\Test 1 - Gianni\h4_survey_comp_vbend_output.tfs""",,
H4TEST2,TT81,QNL.X0220370.E,709.432357,4956.997981,2451.929042,368.685125,,0.000000000,6.5295390,-0.000468000,0.000827366,0.000000,16-SEP-2026,,Magnétique,845056,,56047763,QNL.X0220370,SPQNL__8WP,"""\\eosproject-smb\eos\project\g\geodetic-metrology\Accelerators_Beamlines\Theo_Beamline\51150 NORTH_AREAS\2026 - Test Xsuite\Test 1 - Gianni\h4_survey_comp_vbend_output.tfs""",,
H4TEST2,TT81,QNL.X0220370.S,709.738491,4959.972267,2451.927644,371.675125,2.990000,0.000000000,6.5295390,-0.000468000,0.000827366,0.000000,16-SEP-2026,,Magnétique,845078,,56047763,QNL.X0220370,SPQNL__8WP,"""\\eosproject-smb\eos\project\g\geodetic-metrology\Accelerators_Beamlines\Theo_Beamline\51150 NORTH_AREAS\2026 - Test Xsuite\Test 1 - Gianni\h4_survey_comp_vbend_output.tfs""",,
H4TEST2,TT81,MDSV.X0220372.E,709.788147,4960.454719,2451.929417,372.160125,,0.000000000,6.5295390,-0.000468000,0.000827366,0.000000,16-SEP-2026,,Magnétique,844984,,57387326,MDSV.X0220372,SPMDSV_,"""\\eosproject-smb\eos\project\g\geodetic-metrology\Accelerators_Beamlines\Theo_Beamline\51150 NORTH_AREAS\2026 - Test Xsuite\Test 1 - Gianni\h4_survey_comp_vbend_output.tfs""",,
H4TEST2,TT81,MDSV.X0220372.S,709.859817,4961.151041,2451.929090,372.860125,0.700000,0.000000000,6.5295390,-0.000468000,0.000827366,0.000000,16-SEP-2026,,Magnétique,845216,,57387326,MDSV.X0220372,SPMDSV_,"""\\eosproject-smb\eos\project\g\geodetic-metrology\Accelerators_Beamlines\Theo_Beamline\51150 NORTH_AREAS\2026 - Test Xsuite\Test 1 - Gianni\h4_survey_comp_vbend_output.tfs""",,
H4TEST2,TT81,XVW.X0220373.E,709.884794,4961.393709,2451.928976,373.104075,,0.000000000,6.5295390,-0.000468000,0.000827366,0.000000,16-SEP-2026,,Magnétique,845025,,57601771,XVW.X0220373,SPXVWMF001,"""\\eosproject-smb\eos\project\g\geodetic-metrology\Accelerators_Beamlines\Theo_Beamline\51150 NORTH_AREAS\2026 - Test Xsuite\Test 1 - Gianni\h4_survey_comp_vbend_output.tfs""",,
H4TEST2,TT81,XVW.X0220373.S,709.884805,4961.393808,2451.928976,373.104175,0.000100,0.000000000,6.5295390,-0.000468000,0.000827366,0.000000,16-SEP-2026,,Magnétique,845073,,57601771,XVW.X0220373,SPXVWMF001,"""\\eosproject-smb\eos\project\g\geodetic-metrology\Accelerators_Beamlines\Theo_Beamline\51150 NORTH_AREAS\2026 - Test Xsuite\Test 1 - Gianni\h4_survey_comp_vbend_output.tfs""",,
H4TEST2,TT81,XWCA.X0220374.E,709.919099,4961.726998,2451.928819,373.439125,,0.000000000,6.5295390,-0.000468000,0.000827366,0.000000,16-SEP-2026,,Magnétique,845125,,57697816,XWCA.X0220374,SPXWCA_,"""\\eosproject-smb\eos\project\g\geodetic-metrology\Accelerators_Beamlines\Theo_Beamline\51150 NORTH_AREAS\2026 - Test Xsuite\Test 1 - Gianni\h4_survey_comp_vbend_output.tfs""",,
H4TEST2,TT81,XSCI.X0220374.E,709.927436,4961.788467,2451.928792,373.499125,,0.000000000,6.5295390,-0.000468000,0.002827366,0.000000,16-SEP-2026,,Magnétique,845166,,57697881,XSCI.X0220374,SPXSCI_,"""\\eosproject-smb\eos\project\g\geodetic-metrology\Accelerators_Beamlines\Theo_Beamline\51150 NORTH_AREAS\2026 - Test Xsuite\Test 1 - Gianni\h4_survey_comp_vbend_output.tfs""",,
H4TEST2,TT81,XWCA.X0220374.S,709.925242,4961.786682,2451.928791,373.499125,0.060000,0.000000000,6.5295390,-0.000468000,0.000827366,0.000000,16-SEP-2026,,Magnétique,845097,,57697816,XWCA.X0220374,SPXWCA_,"""\\eosproject-smb\eos\project\g\geodetic-metrology\Accelerators_Beamlines\Theo_Beamline\51150 NORTH_AREAS\2026 - Test Xsuite\Test 1 - Gianni\h4_survey_comp_vbend_output.tfs""",,
H4TEST2,TT81,XSCI.X0220374.S,709.937675,4961.887942,2451.928745,373.599125,0.100000,0.000000000,6.5295390,-0.000468000,0.002827366,0.000000,16-SEP-2026,,Magnétique,845218,,57697881,XSCI.X0220374,SPXSCI_,"""\\eosproject-smb\eos\project\g\geodetic-metrology\Accelerators_Beamlines\Theo_Beamline\51150 NORTH_AREAS\2026 - Test Xsuite\Test 1 - Gianni\h4_survey_comp_vbend_output.tfs""",,
H4TEST2,TT81,XVW.X0220374.E,709.953495,4962.061182,2451.928662,373.775075,,0.000000000,6.5295390,-0.000468000,0.000827366,0.000000,16-SEP-2026,,Magnétique,845241,,57601780,XVW.X0220374,SPXVWMF001,"""\\eosproject-smb\eos\project\g\geodetic-metrology\Accelerators_Beamlines\Theo_Beamline\51150 NORTH_AREAS\2026 - Test Xsuite\Test 1 - Gianni\h4_survey_comp_vbend_output.tfs""",,
H4TEST2,TT81,XVW.X0220374.S,709.953506,4962.061282,2451.928662,373.775175,0.000100,0.000000000,6.5295390,-0.000468000,0.000827366,0.000000,16-SEP-2026,,Magnétique,845203,,57601780,XVW.X0220374,SPXVWMF001,"""\\eosproject-smb\eos\project\g\geodetic-metrology\Accelerators_Beamlines\Theo_Beamline\51150 NORTH_AREAS\2026 - Test Xsuite\Test 1 - Gianni\h4_survey_comp_vbend_output.tfs""",,
H4TEST2,EHN1,MBNH.X0220377.E,709.992330,4962.439290,2452.028484,374.155125,,0.000000000,6.7607120,-0.040475000,0.000973761,0.000000,16-SEP-2026,,Magnétique,845213,,57386926,MBNH.X0220377,SPMBNH_HWP,"""\\eosproject-smb\eos\project\g\geodetic-metrology\Accelerators_Beamlines\Theo_Beamline\51150 NORTH_AREAS\2026 - Test Xsuite\Test 1 - Gianni\h4_survey_comp_vbend_output.tfs""",,
H4TEST2,EHN1,MBNH.X0220377.S,710.521883,4967.407050,2451.826164,379.155136,5.000011,0.000000000,6.7607120,-0.040475000,0.000973761,0.000000,16-SEP-2026,,Magnétique,845131,,57386926,MBNH.X0220377,SPMBNH_HWP,"""\\eosproject-smb\eos\project\g\geodetic-metrology\Accelerators_Beamlines\Theo_Beamline\51150 NORTH_AREAS\2026 - Test Xsuite\Test 1 - Gianni\h4_survey_comp_vbend_output.tfs""",,
H4TEST2,EHN1,MBNH.X0220382.E,710.614383,4968.064861,2451.945874,379.815136,,0.000000000,7.2167190,-0.000459000,0.000832364,0.000000,16-SEP-2026,,Magnétique,845019,,57386969,MBNH.X0220382,SPMBNH_HWP,"""\\eosproject-smb\eos\project\g\geodetic-metrology\Accelerators_Beamlines\Theo_Beamline\51150 NORTH_AREAS\2026 - Test Xsuite\Test 1 - Gianni\h4_survey_comp_vbend_output.tfs""",,
H4TEST2,EHN1,MBNH.X0220382.S,711.179970,4973.032768,2451.943581,384.815147,5.000011,0.000000000,7.2167190,-0.000459000,0.000832364,0.000000,16-SEP-2026,,Magnétique,845137,,57386969,MBNH.X0220382,SPMBNH_HWP,"""\\eosproject-smb\eos\project\g\geodetic-metrology\Accelerators_Beamlines\Theo_Beamline\51150 NORTH_AREAS\2026 - Test Xsuite\Test 1 - Gianni\h4_survey_comp_vbend_output.tfs""",,
H4TEST2,EHN1,XCSV.X0220386.E,711.207335,4973.437280,2451.973380,385.220147,,0.000000000,7.4457800,-0.000456000,0.000834009,0.000000,16-SEP-2026,,Magnétique,844915,,57015412,XCSV.X0220386,SPXCSV_001,"""\\eosproject-smb\eos\project\g\geodetic-metrology\Accelerators_Beamlines\Theo_Beamline\51150 NORTH_AREAS\2026 - Test Xsuite\Test 1 - Gianni\h4_survey_comp_vbend_output.tfs""",,
H4TEST2,EHN1,XCSV.X0220386.S,711.324027,4974.430448,2451.972924,386.220147,1.000000,0.000000000,7.4457800,-0.000456000,0.000834009,0.000000,16-SEP-2026,,Magnétique,844956,,57015412,XCSV.X0220386,SPXCSV_001,"""\\eosproject-smb\eos\project\g\geodetic-metrology\Accelerators_Beamlines\Theo_Beamline\51150 NORTH_AREAS\2026 - Test Xsuite\Test 1 - Gianni\h4_survey_comp_vbend_output.tfs""",,
H4TEST2,EHN1,MCXCA.X0220387.E,711.360240,4974.738303,2451.922783,386.530147,,0.000000000,7.4457800,-0.000456000,0.000834009,0.000000,16-SEP-2026,,Magnétique,845169,,56048105,MCXCA.X0220387,PXMCXCAHWC,"""\\eosproject-smb\eos\project\g\geodetic-metrology\Accelerators_Beamlines\Theo_Beamline\51150 NORTH_AREAS\2026 - Test Xsuite\Test 1 - Gianni\h4_survey_comp_vbend_output.tfs""",,
H4TEST2,EHN1,MCXCA.X0220387.S,711.406916,4975.135570,2451.922601,386.930147,0.400000,0.000000000,7.4457800,-0.000456000,0.000834009,0.000000,16-SEP-2026,,Magnétique,845068,,56048105,MCXCA.X0220387,PXMCXCAHWC,"""\\eosproject-smb\eos\project\g\geodetic-metrology\Accelerators_Beamlines\Theo_Beamline\51150 NORTH_AREAS\2026 - Test Xsuite\Test 1 - Gianni\h4_survey_comp_vbend_output.tfs""",,
H4TEST2,EHN1,MBXGD.X0220389.E,711.465730,4975.619011,2451.924381,387.415147,,0.000000000,7.4457800,-0.000456000,0.000834009,0.000000,16-SEP-2026,,Magnétique,845259,,56047592,MBXGD.X0220389,PXMBXGDCWP,"""\\eosproject-smb\eos\project\g\geodetic-metrology\Accelerators_Beamlines\Theo_Beamline\51150 NORTH_AREAS\2026 - Test Xsuite\Test 1 - Gianni\h4_survey_comp_vbend_output.tfs""",,
H4TEST2,EHN1,MBXGD.X0220389.S,711.815805,4978.598515,2451.923014,390.415147,3.000000,0.000000000,7.4457800,-0.000456000,0.000834009,0.000000,16-SEP-2026,,Magnétique,845242,,56047592,MBXGD.X0220389,PXMBXGDCWP,"""\\eosproject-smb\eos\project\g\geodetic-metrology\Accelerators_Beamlines\Theo_Beamline\51150 NORTH_AREAS\2026 - Test Xsuite\Test 1 - Gianni\h4_survey_comp_vbend_output.tfs""",,
H4TEST2,EHN1,MBNH.X0220394.E,711.899610,4979.277354,2451.926706,391.095147,,0.000000000,7.6748400,-0.000453000,0.000835643,0.000000,16-SEP-2026,,Magnétique,845022,,57387005,MBNH.X0220394,SPMBNH_HWP,"""\\eosproject-smb\eos\project\g\geodetic-metrology\Accelerators_Beamlines\Theo_Beamline\51150 NORTH_AREAS\2026 - Test Xsuite\Test 1 - Gianni\h4_survey_comp_vbend_output.tfs""",,
H4TEST2,EHN1,MBNH.X0220394.S,712.500931,4984.241063,2451.924443,396.095157,5.000011,0.000000000,7.6748400,-0.000453000,0.000835643,0.000000,16-SEP-2026,,Magnétique,845098,,57387005,MBNH.X0220394,SPMBNH_HWP,"""\\eosproject-smb\eos\project\g\geodetic-metrology\Accelerators_Beamlines\Theo_Beamline\51150 NORTH_AREAS\2026 - Test Xsuite\Test 1 - Gianni\h4_survey_comp_vbend_output.tfs""",,
H4TEST2,EHN1,MBNH.X0220399.E,712.603233,4985.109051,2451.918045,396.975157,,0.000000000,8.1329600,-0.000447000,0.001838884,0.000000,16-SEP-2026,,Magnétique,845132,,57387041,MBNH.X0220399,SPMBNH_HWP,"""\\eosproject-smb\eos\project\g\geodetic-metrology\Accelerators_Beamlines\Theo_Beamline\51150 NORTH_AREAS\2026 - Test Xsuite\Test 1 - Gianni\h4_survey_comp_vbend_output.tfs""",,
H4TEST2,EHN1,MBNH.X0220399.S,713.240258,4990.068304,2451.915812,401.975168,5.000011,0.000000000,8.1329600,-0.000447000,0.001838884,0.000000,16-SEP-2026,,Magnétique,845153,,57387041,MBNH.X0220399,SPMBNH_HWP,"""\\eosproject-smb\eos\project\g\geodetic-metrology\Accelerators_Beamlines\Theo_Beamline\51150 NORTH_AREAS\2026 - Test Xsuite\Test 1 - Gianni\h4_survey_comp_vbend_output.tfs""",,
H4TEST2,EHN1,XFFV.X0220402.E,713.339597,4990.438482,2451.915686,402.305168,,0.000000000,8.3620200,-0.000444000,0.000840479,0.000000,16-SEP-2026,,Magnétique,844991,,57697912,XFFV.X0220402,SPXFF__001,"""\\eosproject-smb\eos\project\g\geodetic-metrology\Accelerators_Beamlines\Theo_Beamline\51150 NORTH_AREAS\2026 - Test Xsuite\Test 1 - Gianni\h4_survey_comp_vbend_output.tfs""",,
H4TEST2,EHN1,XFFH.X0220403.E,713.321609,4990.668823,2451.917545,402.581168,,0.000000000,8.3620200,-0.000444000,0.000840479,0.000000,16-SEP-2026,,Magnétique,844887,,57697985,XFFH.X0220403,SPXFF__001,"""\\eosproject-smb\eos\project\g\geodetic-metrology\Accelerators_Beamlines\Theo_Beamline\51150 NORTH_AREAS\2026 - Test Xsuite\Test 1 - Gianni\h4_survey_comp_vbend_output.tfs""",,
H4TEST2,EHN1,XFFV.X0220402.S,713.375746,4990.712105,2451.915563,402.581168,0.276000,0.000000000,8.3620200,-0.000444000,0.000840479,0.000000,16-SEP-2026,,Magnétique,845008,,57697912,XFFV.X0220402,SPXFF__001,"""\\eosproject-smb\eos\project\g\geodetic-metrology\Accelerators_Beamlines\Theo_Beamline\51150 NORTH_AREAS\2026 - Test Xsuite\Test 1 - Gianni\h4_survey_comp_vbend_output.tfs""",,
H4TEST2,EHN1,XFFH.X0220403.S,713.357758,4990.942446,2451.917423,402.857168,0.276000,0.000000000,8.3620200,-0.000444000,0.000840479,0.000000,16-SEP-2026,,Magnétique,845204,,57697985,XFFH.X0220403,SPXFF__001,"""\\eosproject-smb\eos\project\g\geodetic-metrology\Accelerators_Beamlines\Theo_Beamline\51150 NORTH_AREAS\2026 - Test Xsuite\Test 1 - Gianni\h4_survey_comp_vbend_output.tfs""",,
H4TEST2,EHN1,XVW.X0220406.E,713.805006,4994.343101,2451.913900,406.287108,,0.000000000,8.3620200,-0.000444000,0.000840479,0.000000,16-SEP-2026,,Magnétique,844988,,62447971,XVW.X0220406,SPXVWMF001,"""\\eosproject-smb\eos\project\g\geodetic-metrology\Accelerators_Beamlines\Theo_Beamline\51150 NORTH_AREAS\2026 - Test Xsuite\Test 1 - Gianni\h4_survey_comp_vbend_output.tfs""",,
H4TEST2,EHN1,XVW.X0220406.S,713.805021,4994.343220,2451.913900,406.287228,0.000120,0.000000000,8.3620200,-0.000444000,0.000840479,0.000000,16-SEP-2026,,Magnétique,845212,,62447971,XVW.X0220406,SPXVWMF001,"""\\eosproject-smb\eos\project\g\geodetic-metrology\Accelerators_Beamlines\Theo_Beamline\51150 NORTH_AREAS\2026 - Test Xsuite\Test 1 - Gianni\h4_survey_comp_vbend_output.tfs""",,
H4TEST2,EHN1,XWCA.X0220408.E,713.827017,4994.509713,2451.913825,406.455168,,0.000000000,8.3620200,-0.000444000,0.000840479,0.000000,16-SEP-2026,,Magnétique,844941,,57698012,XWCA.X0220408,SPXWCA_,"""\\eosproject-smb\eos\project\g\geodetic-metrology\Accelerators_Beamlines\Theo_Beamline\51150 NORTH_AREAS\2026 - Test Xsuite\Test 1 - Gianni\h4_survey_comp_vbend_output.tfs""",,
H4TEST2,EHN1,XSCI.X0220408.E,713.834875,4994.569196,2451.913799,406.515168,,0.000000000,8.3620200,-0.000444000,0.000840479,0.000000,16-SEP-2026,,Magnétique,845112,,57698039,XSCI.X0220408,SPXSCI_,"""\\eosproject-smb\eos\project\g\geodetic-metrology\Accelerators_Beamlines\Theo_Beamline\51150 NORTH_AREAS\2026 - Test Xsuite\Test 1 - Gianni\h4_survey_comp_vbend_output.tfs""",,
H4TEST2,EHN1,XWCA.X0220408.S,713.834875,4994.569196,2451.913799,406.515168,0.060000,0.000000000,8.3620200,-0.000444000,0.000840479,0.000000,16-SEP-2026,,Magnétique,845158,,57698012,XWCA.X0220408,SPXWCA_,"""\\eosproject-smb\eos\project\g\geodetic-metrology\Accelerators_Beamlines\Theo_Beamline\51150 NORTH_AREAS\2026 - Test Xsuite\Test 1 - Gianni\h4_survey_comp_vbend_output.tfs""",,
H4TEST2,EHN1,XSCI.X0220408.S,713.847973,4994.668335,2451.913754,406.615168,0.100000,0.000000000,8.3620200,-0.000444000,0.000840479,0.000000,16-SEP-2026,,Magnétique,844899,,57698039,XSCI.X0220408,SPXSCI_,"""\\eosproject-smb\eos\project\g\geodetic-metrology\Accelerators_Beamlines\Theo_Beamline\51150 NORTH_AREAS\2026 - Test Xsuite\Test 1 - Gianni\h4_survey_comp_vbend_output.tfs""",,
H4TEST2,EHN1,XVW.X0220407.E,713.887519,4994.967674,2451.913620,406.917108,,0.000000000,8.3620200,-0.000444000,0.000840479,0.000000,16-SEP-2026,,Magnétique,845148,,57601789,XVW.X0220407,SPXVWMF001,"""\\eosproject-smb\eos\project\g\geodetic-metrology\Accelerators_Beamlines\Theo_Beamline\51150 NORTH_AREAS\2026 - Test Xsuite\Test 1 - Gianni\h4_survey_comp_vbend_output.tfs""",,
H4TEST2,EHN1,XVW.X0220407.S,713.887534,4994.967793,2451.913620,406.917228,0.000120,0.000000000,8.3620200,-0.000444000,0.000840479,0.000000,16-SEP-2026,,Magnétique,844894,,57601789,XVW.X0220407,SPXVWMF001,"""\\eosproject-smb\eos\project\g\geodetic-metrology\Accelerators_Beamlines\Theo_Beamline\51150 NORTH_AREAS\2026 - Test Xsuite\Test 1 - Gianni\h4_survey_comp_vbend_output.tfs""",,
H4TEST2,EHN1,QNL.X0220423.E,715.741498,5008.955405,2451.913368,421.027168,,0.000000000,8.3620200,-0.000444000,0.000840479,0.000000,16-SEP-2026,,Magnétique,845198,,56047772,QNL.X0220423,SPQNL__8WP,"""\\eosproject-smb\eos\project\g\geodetic-metrology\Accelerators_Beamlines\Theo_Beamline\51150 NORTH_AREAS\2026 - Test Xsuite\Test 1 - Gianni\h4_survey_comp_vbend_output.tfs""",,
H4TEST2,EHN1,QNL.X0220423.S,716.133107,5011.919649,2451.912041,424.017168,2.990000,0.000000000,8.3620200,-0.000444000,0.000840479,0.000000,16-SEP-2026,,Magnétique,845043,,56047772,QNL.X0220423,SPQNL__8WP,"""\\eosproject-smb\eos\project\g\geodetic-metrology\Accelerators_Beamlines\Theo_Beamline\51150 NORTH_AREAS\2026 - Test Xsuite\Test 1 - Gianni\h4_survey_comp_vbend_output.tfs""",,
H4TEST2,EHN1,MBXHD.X0220432.E,717.010314,5018.605346,2451.903046,430.760168,,0.000000000,8.3620200,-0.000444000,-0.000159521,0.000000,16-SEP-2026,,Magnétique,844888,,56047583,MBXHD.X0220432,PXMBXHDCWP,"""\\eosproject-smb\eos\project\g\geodetic-metrology\Accelerators_Beamlines\Theo_Beamline\51150 NORTH_AREAS\2026 - Test Xsuite\Test 1 - Gianni\h4_survey_comp_vbend_output.tfs""",,
H4TEST2,EHN1,MBXHD.X0220432.S,717.337746,5021.083810,2451.901937,433.260168,2.500000,0.000000000,8.3620200,-0.000444000,-0.000159521,0.000000,16-SEP-2026,,Magnétique,844962,,56047583,MBXHD.X0220432,PXMBXHDCWP,"""\\eosproject-smb\eos\project\g\geodetic-metrology\Accelerators_Beamlines\Theo_Beamline\51150 NORTH_AREAS\2026 - Test Xsuite\Test 1 - Gianni\h4_survey_comp_vbend_output.tfs""",,
H4TEST2,EHN1,XFFV.X0220441.E,718.437262,5029.406496,2451.900214,441.653168,,0.000000000,8.3620200,-0.000444000,0.000840479,0.000000,16-SEP-2026,,Magnétique,844890,,57698066,XFFV.X0220441,SPXFF__001,"""\\eosproject-smb\eos\project\g\geodetic-metrology\Accelerators_Beamlines\Theo_Beamline\51150 NORTH_AREAS\2026 - Test Xsuite\Test 1 - Gianni\h4_survey_comp_vbend_output.tfs""",,
H4TEST2,EHN1,XFFH.X0220442.E,718.522681,5029.671613,2451.948134,441.929168,,0.000000000,8.3620200,-0.000444000,0.000840479,0.000000,16-SEP-2026,,Magnétique,845002,,57698095,XFFH.X0220442,SPXFF__001,"""\\eosproject-smb\eos\project\g\geodetic-metrology\Accelerators_Beamlines\Theo_Beamline\51150 NORTH_AREAS\2026 - Test Xsuite\Test 1 - Gianni\h4_survey_comp_vbend_output.tfs""",,
H4TEST2,EHN1,XFFV.X0220441.S,718.473411,5029.680118,2451.900091,441.929168,0.276000,0.000000000,8.3620200,-0.000444000,0.000840479,0.000000,16-SEP-2026,,Magnétique,844908,,57698066,XFFV.X0220441,SPXFF__001,"""\\eosproject-smb\eos\project\g\geodetic-metrology\Accelerators_Beamlines\Theo_Beamline\51150 NORTH_AREAS\2026 - Test Xsuite\Test 1 - Gianni\h4_survey_comp_vbend_output.tfs""",,
H4TEST2,EHN1,XFFH.X0220442.S,718.558830,5029.945236,2451.948012,442.205168,0.276000,0.000000000,8.3620200,-0.000444000,0.000840479,0.000000,16-SEP-2026,,Magnétique,844891,,57698095,XFFH.X0220442,SPXFF__001,"""\\eosproject-smb\eos\project\g\geodetic-metrology\Accelerators_Beamlines\Theo_Beamline\51150 NORTH_AREAS\2026 - Test Xsuite\Test 1 - Gianni\h4_survey_comp_vbend_output.tfs""",,
H4TEST2,EHN1,QNL.X0220444.E,718.556449,5030.308656,2451.897810,442.565168,,0.000000000,8.3620200,-0.000444000,0.000840479,0.000000,16-SEP-2026,,Magnétique,845049,,56047781,QNL.X0220444,SPQNL__8WP,"""\\eosproject-smb\eos\project\g\geodetic-metrology\Accelerators_Beamlines\Theo_Beamline\51150 NORTH_AREAS\2026 - Test Xsuite\Test 1 - Gianni\h4_survey_comp_vbend_output.tfs""",,
H4TEST2,EHN1,QNL.X0220444.S,718.948058,5033.272899,2451.896484,445.555168,2.990000,0.000000000,8.3620200,-0.000444000,0.000840479,0.000000,16-SEP-2026,,Magnétique,845037,,56047781,QNL.X0220444,SPQNL__8WP,"""\\eosproject-smb\eos\project\g\geodetic-metrology\Accelerators_Beamlines\Theo_Beamline\51150 NORTH_AREAS\2026 - Test Xsuite\Test 1 - Gianni\h4_survey_comp_vbend_output.tfs""",,
H4TEST2,EHN1,XVW.X0220446.E,718.983413,5033.540514,2451.896364,445.825108,,0.000000000,8.3620200,-0.000444000,0.000840479,0.000000,16-SEP-2026,,Magnétique,844892,,62450442,XVW.X0220446,,"""\\eosproject-smb\eos\project\g\geodetic-metrology\Accelerators_Beamlines\Theo_Beamline\51150 NORTH_AREAS\2026 - Test Xsuite\Test 1 - Gianni\h4_survey_comp_vbend_output.tfs""",,
H4TEST2,EHN1,XVW.X0220446.S,718.983429,5033.540633,2451.896364,445.825228,0.000120,0.000000000,8.3620200,-0.000444000,0.000840479,0.000000,16-SEP-2026,,Magnétique,845199,,62450442,XVW.X0220446,,"""\\eosproject-smb\eos\project\g\geodetic-metrology\Accelerators_Beamlines\Theo_Beamline\51150 NORTH_AREAS\2026 - Test Xsuite\Test 1 - Gianni\h4_survey_comp_vbend_output.tfs""",,
H4TEST2,EHN1,XSCI.X0220446.E,719.028232,5033.864495,2451.896221,446.150168,,0.000000000,8.3620200,-0.000444000,0.004840479,0.000000,16-SEP-2026,,Magnétique,845017,,57698122,XSCI.X0220446,SPXSCI_,"""\\eosproject-smb\eos\project\g\geodetic-metrology\Accelerators_Beamlines\Theo_Beamline\51150 NORTH_AREAS\2026 - Test Xsuite\Test 1 - Gianni\h4_survey_comp_vbend_output.tfs""",,
H4TEST2,EHN1,XEMC.X0220447.E,719.041688,5033.981751,2451.916167,446.250168,,0.000000000,8.3620200,-0.000444000,0.000840479,0.000000,16-SEP-2026,,Magnétique,844925,,57576892,XEMC.X0220447,,"""\\eosproject-smb\eos\project\g\geodetic-metrology\Accelerators_Beamlines\Theo_Beamline\51150 NORTH_AREAS\2026 - Test Xsuite\Test 1 - Gianni\h4_survey_comp_vbend_output.tfs""",,
H4TEST2,EHN1,XSCI.X0220446.S,719.041329,5033.963633,2451.896177,446.250168,0.100000,0.000000000,8.3620200,-0.000444000,0.004840479,0.000000,16-SEP-2026,,Magnétique,845251,,57698122,XSCI.X0220446,SPXSCI_,"""\\eosproject-smb\eos\project\g\geodetic-metrology\Accelerators_Beamlines\Theo_Beamline\51150 NORTH_AREAS\2026 - Test Xsuite\Test 1 - Gianni\h4_survey_comp_vbend_output.tfs""",,
H4TEST2,EHN1,XEMC.X0220447.S,719.146467,5034.774860,2451.915812,447.050168,0.800000,0.000000000,8.3620200,-0.000444000,0.000840479,0.000000,16-SEP-2026,,Magnétique,845154,,57576892,XEMC.X0220447,,"""\\eosproject-smb\eos\project\g\geodetic-metrology\Accelerators_Beamlines\Theo_Beamline\51150 NORTH_AREAS\2026 - Test Xsuite\Test 1 - Gianni\h4_survey_comp_vbend_output.tfs""",,
H4TEST2,EHN1,XCIO.X0220450.E,719.469331,5037.218615,2451.894719,449.535168,,0.000000000,8.3620200,-0.000444000,0.000840479,0.000000,16-SEP-2026,,Magnétique,845260,,57247350,XCIO.X0220450,SPXCIOB001,"""\\eosproject-smb\eos\project\g\geodetic-metrology\Accelerators_Beamlines\Theo_Beamline\51150 NORTH_AREAS\2026 - Test Xsuite\Test 1 - Gianni\h4_survey_comp_vbend_output.tfs""",,
H4TEST2,EHN1,XCIO.X0220450.S,719.665790,5038.705694,2451.894054,451.035168,1.500000,0.000000000,8.3620200,-0.000444000,0.000840479,0.000000,16-SEP-2026,,Magnétique,845258,,57247350,XCIO.X0220450,SPXCIOB001,"""\\eosproject-smb\eos\project\g\geodetic-metrology\Accelerators_Beamlines\Theo_Beamline\51150 NORTH_AREAS\2026 - Test Xsuite\Test 1 - Gianni\h4_survey_comp_vbend_output.tfs""",,
H4TEST2,EHN1,XCHV.X0220452.E,719.730245,5039.178324,2451.895844,451.510168,,0.000000000,8.3620200,-0.000444000,0.000840479,0.000000,16-SEP-2026,,Magnétique,845058,,56051674,XCHV.X0220452,SPXCHV_002,"""\\eosproject-smb\eos\project\g\geodetic-metrology\Accelerators_Beamlines\Theo_Beamline\51150 NORTH_AREAS\2026 - Test Xsuite\Test 1 - Gianni\h4_survey_comp_vbend_output.tfs""",,
H4TEST2,EHN1,XCHV.X0220452.S,719.861218,5040.169710,2451.895400,452.510168,1.000000,0.000000000,8.3620200,-0.000444000,0.000840479,0.000000,16-SEP-2026,,Magnétique,845208,,56051674,XCHV.X0220452,SPXCHV_002,"""\\eosproject-smb\eos\project\g\geodetic-metrology\Accelerators_Beamlines\Theo_Beamline\51150 NORTH_AREAS\2026 - Test Xsuite\Test 1 - Gianni\h4_survey_comp_vbend_output.tfs""",,
H4TEST2,EHN1,XSCI.X0220453.E,719.888593,5040.376908,2451.893307,452.719168,,0.000000000,8.3620200,-0.000444000,0.005840479,0.000000,16-SEP-2026,,Magnétique,845023,,57699122,XSCI.X0220453,SPXSCI_,"""\\eosproject-smb\eos\project\g\geodetic-metrology\Accelerators_Beamlines\Theo_Beamline\51150 NORTH_AREAS\2026 - Test Xsuite\Test 1 - Gianni\h4_survey_comp_vbend_output.tfs""",,
H4TEST2,EHN1,XSCI.X0220453.S,719.901690,5040.476047,2451.893263,452.819168,0.100000,0.000000000,8.3620200,-0.000444000,0.005840479,0.000000,16-SEP-2026,,Magnétique,844922,,57699122,XSCI.X0220453,SPXSCI_,"""\\eosproject-smb\eos\project\g\geodetic-metrology\Accelerators_Beamlines\Theo_Beamline\51150 NORTH_AREAS\2026 - Test Xsuite\Test 1 - Gianni\h4_survey_comp_vbend_output.tfs""",,
H4TEST2,EHN1,XCET.X0220459.E,720.318363,5043.645274,2451.891844,456.017668,,0.000000000,8.3620200,-0.000444000,0.000840479,0.000000,16-SEP-2026,,Magnétique,845200,,56032641,XCET.X0220459,SPXCET_001,"""\\eosproject-smb\eos\project\g\geodetic-metrology\Accelerators_Beamlines\Theo_Beamline\51150 NORTH_AREAS\2026 - Test Xsuite\Test 1 - Gianni\h4_survey_comp_vbend_output.tfs""",,
H4TEST2,EHN1,XCET.X0220459.S,720.318363,5043.645274,2451.891844,456.017669,0.000001,0.000000000,8.3620200,-0.000444000,0.000840479,0.000000,16-SEP-2026,,Magnétique,844955,,56032641,XCET.X0220459,SPXCET_001,"""\\eosproject-smb\eos\project\g\geodetic-metrology\Accelerators_Beamlines\Theo_Beamline\51150 NORTH_AREAS\2026 - Test Xsuite\Test 1 - Gianni\h4_survey_comp_vbend_output.tfs""",,
H4TEST2,EHN1,XCET.X0220465.E,721.181474,5050.178507,2451.888921,462.607668,,0.000000000,8.3620200,-0.000444000,0.000840479,0.000000,16-SEP-2026,,Magnétique,845117,,56032650,XCET.X0220465,SPXCET_001,"""\\eosproject-smb\eos\project\g\geodetic-metrology\Accelerators_Beamlines\Theo_Beamline\51150 NORTH_AREAS\2026 - Test Xsuite\Test 1 - Gianni\h4_survey_comp_vbend_output.tfs""",,
H4TEST2,EHN1,XCET.X0220465.S,721.181474,5050.178507,2451.888921,462.607669,0.000001,0.000000000,8.3620200,-0.000444000,0.000840479,0.000000,16-SEP-2026,,Magnétique,845031,,56032650,XCET.X0220465,SPXCET_001,"""\\eosproject-smb\eos\project\g\geodetic-metrology\Accelerators_Beamlines\Theo_Beamline\51150 NORTH_AREAS\2026 - Test Xsuite\Test 1 - Gianni\h4_survey_comp_vbend_output.tfs""",,
H4TEST2,EHN1,XSCI.X0220466.E,721.620561,5053.502128,2451.887434,465.960168,,0.000000000,8.3620200,-0.000444000,0.000840479,0.000000,16-SEP-2026,,Magnétique,844895,,57699145,XSCI.X0220466,SPXSCI_,"""\\eosproject-smb\eos\project\g\geodetic-metrology\Accelerators_Beamlines\Theo_Beamline\51150 NORTH_AREAS\2026 - Test Xsuite\Test 1 - Gianni\h4_survey_comp_vbend_output.tfs""",,
H4TEST2,EHN1,XSCI.X0220466.S,721.633658,5053.601266,2451.887390,466.060168,0.100000,0.000000000,8.3620200,-0.000444000,0.000840479,0.000000,16-SEP-2026,,Magnétique,845261,,57699145,XSCI.X0220466,SPXSCI_,"""\\eosproject-smb\eos\project\g\geodetic-metrology\Accelerators_Beamlines\Theo_Beamline\51150 NORTH_AREAS\2026 - Test Xsuite\Test 1 - Gianni\h4_survey_comp_vbend_output.tfs""",,
H4TEST2,EHN1,XVW.X0220466.E,721.646355,5053.697371,2451.887347,466.157108,,0.000000000,8.3620200,-0.000444000,0.000840479,0.000000,16-SEP-2026,,Magnétique,845046,,57601816,XVW.X0220466,SPXVWMF001,"""\\eosproject-smb\eos\project\g\geodetic-metrology\Accelerators_Beamlines\Theo_Beamline\51150 NORTH_AREAS\2026 - Test Xsuite\Test 1 - Gianni\h4_survey_comp_vbend_output.tfs""",,
H4TEST2,EHN1,XVW.X0220466.S,721.646370,5053.697490,2451.887347,466.157228,0.000120,0.000000000,8.3620200,-0.000444000,0.000840479,0.000000,16-SEP-2026,,Magnétique,845205,,57601816,XVW.X0220466,SPXVWMF001,"""\\eosproject-smb\eos\project\g\geodetic-metrology\Accelerators_Beamlines\Theo_Beamline\51150 NORTH_AREAS\2026 - Test Xsuite\Test 1 - Gianni\h4_survey_comp_vbend_output.tfs""",,
H4TEST2,EHN1,QNL.X0220476.E,722.627531,5061.078507,2451.890049,473.597168,,0.000000000,8.3620200,-0.000444000,0.000840479,0.000000,16-SEP-2026,,Magnétique,844932,,56047790,QNL.X0220476,SPQNL__8WP,"""\\eosproject-smb\eos\project\g\geodetic-metrology\Accelerators_Beamlines\Theo_Beamline\51150 NORTH_AREAS\2026 - Test Xsuite\Test 1 - Gianni\h4_survey_comp_vbend_output.tfs""",,
H4TEST2,EHN1,QNL.X0220476.S,723.019140,5064.042751,2451.888723,476.587168,2.990000,0.000000000,8.3620200,-0.000444000,0.000840479,0.000000,16-SEP-2026,,Magnétique,844881,,56047790,QNL.X0220476,SPQNL__8WP,"""\\eosproject-smb\eos\project\g\geodetic-metrology\Accelerators_Beamlines\Theo_Beamline\51150 NORTH_AREAS\2026 - Test Xsuite\Test 1 - Gianni\h4_survey_comp_vbend_output.tfs""",,
H4TEST2,EHN1,QNL.X0220479.E,723.092470,5064.491014,2451.902534,477.027168,,0.000000000,8.3620200,-0.000444000,0.000840479,0.000000,16-SEP-2026,,Magnétique,845143,,56047799,QNL.X0220479,SPQNL__8WP,"""\\eosproject-smb\eos\project\g\geodetic-metrology\Accelerators_Beamlines\Theo_Beamline\51150 NORTH_AREAS\2026 - Test Xsuite\Test 1 - Gianni\h4_survey_comp_vbend_output.tfs""",,
H4TEST2,EHN1,QNL.X0220479.S,723.484079,5067.455258,2451.901208,480.017168,2.990000,0.000000000,8.3620200,-0.000444000,0.000840479,0.000000,16-SEP-2026,,Magnétique,845262,,56047799,QNL.X0220479,SPQNL__8WP,"""\\eosproject-smb\eos\project\g\geodetic-metrology\Accelerators_Beamlines\Theo_Beamline\51150 NORTH_AREAS\2026 - Test Xsuite\Test 1 - Gianni\h4_survey_comp_vbend_output.tfs""",,
H4TEST2,EHN1,XVW.X0220480.E,723.497002,5067.705653,2451.881080,480.287108,,0.000000000,8.3620200,-0.000444000,0.000840479,0.000000,16-SEP-2026,,Magnétique,845263,,57601825,XVW.X0220480,SPXVWMF001,"""\\eosproject-smb\eos\project\g\geodetic-metrology\Accelerators_Beamlines\Theo_Beamline\51150 NORTH_AREAS\2026 - Test Xsuite\Test 1 - Gianni\h4_survey_comp_vbend_output.tfs""",,
H4TEST2,EHN1,XVW.X0220480.S,723.497018,5067.705772,2451.881080,480.287228,0.000120,0.000000000,8.3620200,-0.000444000,0.000840479,0.000000,16-SEP-2026,,Magnétique,845024,,57601825,XVW.X0220480,SPXVWMF001,"""\\eosproject-smb\eos\project\g\geodetic-metrology\Accelerators_Beamlines\Theo_Beamline\51150 NORTH_AREAS\2026 - Test Xsuite\Test 1 - Gianni\h4_survey_comp_vbend_output.tfs""",,
H4TEST2,EHN1,XSCI.X0220480.E,723.508797,5067.794937,2451.881040,480.377168,,0.000000000,8.3620200,-0.000444000,0.000840479,0.000000,16-SEP-2026,,Magnétique,845181,,57699168,XSCI.X0220480,SPXSCI_,"""\\eosproject-smb\eos\project\g\geodetic-metrology\Accelerators_Beamlines\Theo_Beamline\51150 NORTH_AREAS\2026 - Test Xsuite\Test 1 - Gianni\h4_survey_comp_vbend_output.tfs""",,
H4TEST2,EHN1,XSCI.X0220480.S,723.521895,5067.894076,2451.880996,480.477168,0.100000,0.000000000,8.3620200,-0.000444000,0.000840479,0.000000,16-SEP-2026,,Magnétique,845092,,57699168,XSCI.X0220480,SPXSCI_,"""\\eosproject-smb\eos\project\g\geodetic-metrology\Accelerators_Beamlines\Theo_Beamline\51150 NORTH_AREAS\2026 - Test Xsuite\Test 1 - Gianni\h4_survey_comp_vbend_output.tfs""",,
H4TEST2,EHN1,XSCI.X0220481.E,723.523876,5067.893815,2451.882997,480.477168,,0.000000000,8.3620200,-0.000444000,0.002840479,0.000000,16-SEP-2026,,Magnétique,845189,,57699191,XSCI.X0220481,SPXSCI_,"""\\eosproject-smb\eos\project\g\geodetic-metrology\Accelerators_Beamlines\Theo_Beamline\51150 NORTH_AREAS\2026 - Test Xsuite\Test 1 - Gianni\h4_survey_comp_vbend_output.tfs""",,
H4TEST2,EHN1,XSCI.X0220481.S,723.536973,5067.992954,2451.882953,480.577168,0.100000,0.000000000,8.3620200,-0.000444000,0.002840479,0.000000,16-SEP-2026,,Magnétique,844929,,57699191,XSCI.X0220481,SPXSCI_,"""\\eosproject-smb\eos\project\g\geodetic-metrology\Accelerators_Beamlines\Theo_Beamline\51150 NORTH_AREAS\2026 - Test Xsuite\Test 1 - Gianni\h4_survey_comp_vbend_output.tfs""",,
H4TEST2,EHN1,XVW.X0220481.E,723.549391,5068.102208,2451.880903,480.687108,,0.000000000,8.3620200,-0.000444000,0.000840479,0.000000,16-SEP-2026,,Magnétique,845201,,57601834,XVW.X0220481,SPXVWMF001,"""\\eosproject-smb\eos\project\g\geodetic-metrology\Accelerators_Beamlines\Theo_Beamline\51150 NORTH_AREAS\2026 - Test Xsuite\Test 1 - Gianni\h4_survey_comp_vbend_output.tfs""",,
H4TEST2,EHN1,XVW.X0220481.S,723.549407,5068.102326,2451.880903,480.687228,0.000120,0.000000000,8.3620200,-0.000444000,0.000840479,0.000000,16-SEP-2026,,Magnétique,845103,,57601834,XVW.X0220481,SPXVWMF001,"""\\eosproject-smb\eos\project\g\geodetic-metrology\Accelerators_Beamlines\Theo_Beamline\51150 NORTH_AREAS\2026 - Test Xsuite\Test 1 - Gianni\h4_survey_comp_vbend_output.tfs""",,
H4TEST2,EHN1,MCXCA.X0220481.E,723.573629,5068.285673,2451.880821,480.872168,,0.000000000,8.3620200,-0.000444000,0.000840479,0.000000,16-SEP-2026,,Magnétique,845020,,56048114,MCXCA.X0220481,PXMCXCAHWC,"""\\eosproject-smb\eos\project\g\geodetic-metrology\Accelerators_Beamlines\Theo_Beamline\51150 NORTH_AREAS\2026 - Test Xsuite\Test 1 - Gianni\h4_survey_comp_vbend_output.tfs""",,
H4TEST2,EHN1,MCXCA.X0220481.S,723.626018,5068.682228,2451.880643,481.272168,0.400000,0.000000000,8.3620200,-0.000444000,0.000840479,0.000000,16-SEP-2026,,Magnétique,845069,,56048114,MCXCA.X0220481,PXMCXCAHWC,"""\\eosproject-smb\eos\project\g\geodetic-metrology\Accelerators_Beamlines\Theo_Beamline\51150 NORTH_AREAS\2026 - Test Xsuite\Test 1 - Gianni\h4_survey_comp_vbend_output.tfs""",,
H4TEST2,EHN1,MCXCA.X0220483.E,723.674478,5069.049040,2451.880479,481.642168,,0.000000000,8.3620200,-0.000444000,0.000840479,0.000000,16-SEP-2026,,Magnétique,844996,,56048123,MCXCA.X0220483,PXMCXCAHWC,"""\\eosproject-smb\eos\project\g\geodetic-metrology\Accelerators_Beamlines\Theo_Beamline\51150 NORTH_AREAS\2026 - Test Xsuite\Test 1 - Gianni\h4_survey_comp_vbend_output.tfs""",,
H4TEST2,EHN1,MCXCA.X0220483.S,723.726867,5069.445595,2451.880302,482.042168,0.400000,0.000000000,8.3620200,-0.000444000,0.000840479,0.000000,16-SEP-2026,,Magnétique,845172,,56048123,MCXCA.X0220483,PXMCXCAHWC,"""\\eosproject-smb\eos\project\g\geodetic-metrology\Accelerators_Beamlines\Theo_Beamline\51150 NORTH_AREAS\2026 - Test Xsuite\Test 1 - Gianni\h4_survey_comp_vbend_output.tfs""",,
H4TEST2,EHN1,XFFV.X0220483.E,723.775327,5069.812408,2451.880137,482.412168,,0.000000000,8.3620200,-0.000444000,0.003840479,0.000000,16-SEP-2026,,Magnétique,845138,,57699214,XFFV.X0220483,SPXFF__001,"""\\eosproject-smb\eos\project\g\geodetic-metrology\Accelerators_Beamlines\Theo_Beamline\51150 NORTH_AREAS\2026 - Test Xsuite\Test 1 - Gianni\h4_survey_comp_vbend_output.tfs""",,
H4TEST2,EHN1,XFFH.X0220483.E,723.811476,5070.086030,2451.880015,482.688168,,0.000000000,8.3620200,-0.000444000,0.002840479,0.000000,16-SEP-2026,,Magnétique,844942,,57699237,XFFH.X0220483,SPXFF__001,"""\\eosproject-smb\eos\project\g\geodetic-metrology\Accelerators_Beamlines\Theo_Beamline\51150 NORTH_AREAS\2026 - Test Xsuite\Test 1 - Gianni\h4_survey_comp_vbend_output.tfs""",,
H4TEST2,EHN1,XFFV.X0220483.S,723.811476,5070.086030,2451.880015,482.688168,0.276000,0.000000000,8.3620200,-0.000444000,0.003840479,0.000000,16-SEP-2026,,Magnétique,844903,,57699214,XFFV.X0220483,SPXFF__001,"""\\eosproject-smb\eos\project\g\geodetic-metrology\Accelerators_Beamlines\Theo_Beamline\51150 NORTH_AREAS\2026 - Test Xsuite\Test 1 - Gianni\h4_survey_comp_vbend_output.tfs""",,
H4TEST2,EHN1,XFFH.X0220483.S,723.847624,5070.359653,2451.879893,482.964168,0.276000,0.000000000,8.3620200,-0.000444000,0.002840479,0.000000,16-SEP-2026,,Magnétique,844967,,57699237,XFFH.X0220483,SPXFF__001,"""\\eosproject-smb\eos\project\g\geodetic-metrology\Accelerators_Beamlines\Theo_Beamline\51150 NORTH_AREAS\2026 - Test Xsuite\Test 1 - Gianni\h4_survey_comp_vbend_output.tfs""",,
H4TEST2,EHN1,XDWC.X0220483.E,723.883266,5070.614178,2451.881780,483.221168,,0.000000000,8.3620200,-0.000444000,0.003840479,0.000000,16-SEP-2026,,Magnétique,844900,,57699260,XDWC.X0220483,SPXDWC_,"""\\eosproject-smb\eos\project\g\geodetic-metrology\Accelerators_Beamlines\Theo_Beamline\51150 NORTH_AREAS\2026 - Test Xsuite\Test 1 - Gianni\h4_survey_comp_vbend_output.tfs""",,
H4TEST2,EHN1,XDWC.X0220483.S,723.891124,5070.673661,2451.881754,483.281168,0.060000,0.000000000,8.3620200,-0.000444000,0.003840479,0.000000,16-SEP-2026,,Magnétique,844992,,57699260,XDWC.X0220483,SPXDWC_,"""\\eosproject-smb\eos\project\g\geodetic-metrology\Accelerators_Beamlines\Theo_Beamline\51150 NORTH_AREAS\2026 - Test Xsuite\Test 1 - Gianni\h4_survey_comp_vbend_output.tfs""",,
H4TEST2,EHN1,XFFV.X0220488.E,724.344798,5074.122953,2451.878209,486.760168,,0.000000000,8.3620200,-0.000444000,0.000840479,0.000000,16-SEP-2026,,Magnétique,844999,,57768947,XFFV.X0220488,,"""\\eosproject-smb\eos\project\g\geodetic-metrology\Accelerators_Beamlines\Theo_Beamline\51150 NORTH_AREAS\2026 - Test Xsuite\Test 1 - Gianni\h4_survey_comp_vbend_output.tfs""",,
H4TEST2,EHN1,XFFH.X0220489.E,724.380946,5074.396576,2451.878087,487.036168,,0.000000000,8.3620200,-0.000444000,0.000840479,0.000000,16-SEP-2026,,Magnétique,844961,,57768983,XFFH.X0220489,,"""\\eosproject-smb\eos\project\g\geodetic-metrology\Accelerators_Beamlines\Theo_Beamline\51150 NORTH_AREAS\2026 - Test Xsuite\Test 1 - Gianni\h4_survey_comp_vbend_output.tfs""",,
H4TEST2,EHN1,XFFV.X0220488.S,724.380946,5074.396576,2451.878087,487.036168,0.276000,0.000000000,8.3620200,-0.000444000,0.000840479,0.000000,16-SEP-2026,,Magnétique,844971,,57768947,XFFV.X0220488,,"""\\eosproject-smb\eos\project\g\geodetic-metrology\Accelerators_Beamlines\Theo_Beamline\51150 NORTH_AREAS\2026 - Test Xsuite\Test 1 - Gianni\h4_survey_comp_vbend_output.tfs""",,
H4TEST2,EHN1,XFFH.X0220489.S,724.417095,5074.670198,2451.877964,487.312168,0.276000,0.000000000,8.3620200,-0.000444000,0.000840479,0.000000,16-SEP-2026,,Magnétique,845235,,57768983,XFFH.X0220489,,"""\\eosproject-smb\eos\project\g\geodetic-metrology\Accelerators_Beamlines\Theo_Beamline\51150 NORTH_AREAS\2026 - Test Xsuite\Test 1 - Gianni\h4_survey_comp_vbend_output.tfs""",,
H4TEST2,EHN1,XVW.X0220487.E,724.440676,5074.848696,2451.877884,487.492217,,0.000000000,8.3620200,-0.000444000,0.000840479,0.000000,16-SEP-2026,,Magnétique,845236,,57601843,XVW.X0220487,,"""\\eosproject-smb\eos\project\g\geodetic-metrology\Accelerators_Beamlines\Theo_Beamline\51150 NORTH_AREAS\2026 - Test Xsuite\Test 1 - Gianni\h4_survey_comp_vbend_output.tfs""",,
H4TEST2,EHN1,XVW.X0220487.S,724.440692,5074.848815,2451.877884,487.492337,0.000120,0.000000000,8.3620200,-0.000444000,0.000840479,0.000000,16-SEP-2026,,Magnétique,845173,,57601843,XVW.X0220487,,"""\\eosproject-smb\eos\project\g\geodetic-metrology\Accelerators_Beamlines\Theo_Beamline\51150 NORTH_AREAS\2026 - Test Xsuite\Test 1 - Gianni\h4_survey_comp_vbend_output.tfs""",,
H4TEST2,EHN1,XVW.X0220488.E,724.478658,5075.136197,2451.877756,487.782217,,0.000000000,8.3620200,-0.000444000,0.000840479,0.000000,16-SEP-2026,,Magnétique,845155,,57601852,XVW.X0220488,,"""\\eosproject-smb\eos\project\g\geodetic-metrology\Accelerators_Beamlines\Theo_Beamline\51150 NORTH_AREAS\2026 - Test Xsuite\Test 1 - Gianni\h4_survey_comp_vbend_output.tfs""",,
H4TEST2,EHN1,XVW.X0220488.S,724.478674,5075.136316,2451.877756,487.782337,0.000120,0.000000000,8.3620200,-0.000444000,0.000840479,0.000000,16-SEP-2026,,Magnétique,845217,,57601852,XVW.X0220488,,"""\\eosproject-smb\eos\project\g\geodetic-metrology\Accelerators_Beamlines\Theo_Beamline\51150 NORTH_AREAS\2026 - Test Xsuite\Test 1 - Gianni\h4_survey_comp_vbend_output.tfs""",,
H4TEST2,EHN1,MBHHE.X0220496.E,725.333124,5081.588719,2451.874871,494.291068,,0.000000000,8.3620200,-0.000444000,0.001840479,0.000000,16-SEP-2026,,Magnétique,845240,,63497211,MBHHE.X0220496,PXMBHHEHWC,"""\\eosproject-smb\eos\project\g\geodetic-metrology\Accelerators_Beamlines\Theo_Beamline\51150 NORTH_AREAS\2026 - Test Xsuite\Test 1 - Gianni\h4_survey_comp_vbend_output.tfs""",,
H4TEST2,EHN1,MBHHE.X0220496.S,725.595070,5083.571491,2451.873984,496.291068,2.000000,0.000000000,8.3620200,-0.000444000,0.001840479,0.000000,16-SEP-2026,,Magnétique,845076,,63497211,MBHHE.X0220496,PXMBHHEHWC,"""\\eosproject-smb\eos\project\g\geodetic-metrology\Accelerators_Beamlines\Theo_Beamline\51150 NORTH_AREAS\2026 - Test Xsuite\Test 1 - Gianni\h4_survey_comp_vbend_output.tfs""",,
H4TEST2,EHN1,XDWC.X0220496.E,725.606476,5083.657841,2451.875945,496.378168,,0.000000000,8.3620200,-0.000444000,0.004840479,0.000000,16-SEP-2026,,Magnétique,845044,,57753875,XDWC.X0220496,SPXDWC_,"""\\eosproject-smb\eos\project\g\geodetic-metrology\Accelerators_Beamlines\Theo_Beamline\51150 NORTH_AREAS\2026 - Test Xsuite\Test 1 - Gianni\h4_survey_comp_vbend_output.tfs""",,
H4TEST2,EHN1,XDWC.X0220496.S,725.614335,5083.717325,2451.875918,496.438168,0.060000,0.000000000,8.3620200,-0.000444000,0.004840479,0.000000,16-SEP-2026,,Magnétique,844884,,57753875,XDWC.X0220496,SPXDWC_,"""\\eosproject-smb\eos\project\g\geodetic-metrology\Accelerators_Beamlines\Theo_Beamline\51150 NORTH_AREAS\2026 - Test Xsuite\Test 1 - Gianni\h4_survey_comp_vbend_output.tfs""",,
H4TEST2,EHN1,HXGOL.X0220496.E,725.683603,5084.256899,2451.873676,496.982168,,0.000000000,8.3620200,-0.000444000,0.000840479,0.000000,16-SEP-2026,,Magnétique,844904,,63384564,HXGOL.X0220496,SPHXGOL001,"""\\eosproject-smb\eos\project\g\geodetic-metrology\Accelerators_Beamlines\Theo_Beamline\51150 NORTH_AREAS\2026 - Test Xsuite\Test 1 - Gianni\h4_survey_comp_vbend_output.tfs""",,
H4TEST2,EHN1,HXGOL.X0220496.S,725.948168,5086.259499,2451.872780,499.002168,2.020000,0.000000000,8.3620200,-0.000444000,0.000840479,0.000000,16-SEP-2026,,Magnétique,844981,,63384564,HXGOL.X0220496,SPHXGOL001,"""\\eosproject-smb\eos\project\g\geodetic-metrology\Accelerators_Beamlines\Theo_Beamline\51150 NORTH_AREAS\2026 - Test Xsuite\Test 1 - Gianni\h4_survey_comp_vbend_output.tfs""",,
H4TEST2,EHN1,XDWC.X0220500.E,726.118450,5087.533169,2451.874211,500.287168,,0.000000000,8.3620200,-0.000444000,0.005840479,0.000000,16-SEP-2026,,Magnétique,845082,,57753914,XDWC.X0220500,SPXDWC_,"""\\eosproject-smb\eos\project\g\geodetic-metrology\Accelerators_Beamlines\Theo_Beamline\51150 NORTH_AREAS\2026 - Test Xsuite\Test 1 - Gianni\h4_survey_comp_vbend_output.tfs""",,
H4TEST2,EHN1,XDWC.X0220500.S,726.126308,5087.592652,2451.874185,500.347168,0.060000,0.000000000,8.3620200,-0.000444000,0.005840479,0.000000,16-SEP-2026,,Magnétique,845072,,57753914,XDWC.X0220500,SPXDWC_,"""\\eosproject-smb\eos\project\g\geodetic-metrology\Accelerators_Beamlines\Theo_Beamline\51150 NORTH_AREAS\2026 - Test Xsuite\Test 1 - Gianni\h4_survey_comp_vbend_output.tfs""",,
H4TEST2,EHN1,EXP.X0220506.E,726.794916,5092.668870,2451.869912,505.467230,,0.000000000,8.3620200,-0.000444000,0.000840479,0.000000,16-SEP-2026,,Magnétique,845139,,62384800,EXP.X0220506,SPSX_EXP,"""\\eosproject-smb\eos\project\g\geodetic-metrology\Accelerators_Beamlines\Theo_Beamline\51150 NORTH_AREAS\2026 - Test Xsuite\Test 1 - Gianni\h4_survey_comp_vbend_output.tfs""",,
H4TEST2,EHN1,EXP.X0220506.S,726.794916,5092.668870,2451.869912,505.467231,0.000001,0.000000000,8.3620200,-0.000444000,0.000840479,0.000000,16-SEP-2026,,Magnétique,844968,,62384800,EXP.X0220506,SPSX_EXP,"""\\eosproject-smb\eos\project\g\geodetic-metrology\Accelerators_Beamlines\Theo_Beamline\51150 NORTH_AREAS\2026 - Test Xsuite\Test 1 - Gianni\h4_survey_comp_vbend_output.tfs""",,
H4TEST2,EHN1,XVW.X0220515.E,728.066661,5102.295213,2451.865606,515.177217,,0.000000000,8.3620200,-0.000444000,0.000840479,0.000000,16-SEP-2026,,Magnétique,845255,,57601861,XVW.X0220515,,"""\\eosproject-smb\eos\project\g\geodetic-metrology\Accelerators_Beamlines\Theo_Beamline\51150 NORTH_AREAS\2026 - Test Xsuite\Test 1 - Gianni\h4_survey_comp_vbend_output.tfs""",,
H4TEST2,EHN1,XVW.X0220515.S,728.066677,5102.295332,2451.865606,515.177337,0.000120,0.000000000,8.3620200,-0.000444000,0.000840479,0.000000,16-SEP-2026,,Magnétique,844926,,57601861,XVW.X0220515,,"""\\eosproject-smb\eos\project\g\geodetic-metrology\Accelerators_Beamlines\Theo_Beamline\51150 NORTH_AREAS\2026 - Test Xsuite\Test 1 - Gianni\h4_survey_comp_vbend_output.tfs""",,
H4TEST2,EHN1,XSCI.X0220515.E,728.084991,5102.433959,2451.865544,515.317168,,0.000000000,8.3620200,-0.000444000,0.000840479,0.000000,16-SEP-2026,,Magnétique,845050,,57699283,XSCI.X0220515,SPXSCI_,"""\\eosproject-smb\eos\project\g\geodetic-metrology\Accelerators_Beamlines\Theo_Beamline\51150 NORTH_AREAS\2026 - Test Xsuite\Test 1 - Gianni\h4_survey_comp_vbend_output.tfs""",,
H4TEST2,EHN1,XSCI.X0220515.S,728.098089,5102.533097,2451.865499,515.417168,0.100000,0.000000000,8.3620200,-0.000444000,0.000840479,0.000000,16-SEP-2026,,Magnétique,845133,,57699283,XSCI.X0220515,SPXSCI_,"""\\eosproject-smb\eos\project\g\geodetic-metrology\Accelerators_Beamlines\Theo_Beamline\51150 NORTH_AREAS\2026 - Test Xsuite\Test 1 - Gianni\h4_survey_comp_vbend_output.tfs""",,
H4TEST2,EHN1,XTDV.X0220520.E,728.375096,5104.629879,2451.864561,517.532168,,0.000000000,8.3620200,-0.000444000,0.000840479,0.000000,16-SEP-2026,,Magnétique,845182,,57611781,XTDV.X0220520,SPXTDV_001,"""\\eosproject-smb\eos\project\g\geodetic-metrology\Accelerators_Beamlines\Theo_Beamline\51150 NORTH_AREAS\2026 - Test Xsuite\Test 1 - Gianni\h4_survey_comp_vbend_output.tfs""",,
H4TEST2,EHN1,XTDV.X0220520.S,728.584653,5106.216096,2451.863852,519.132168,1.600000,0.000000000,8.3620200,-0.000444000,0.000840479,0.000000,16-SEP-2026,,Magnétique,845000,,57611781,XTDV.X0220520,SPXTDV_001,"""\\eosproject-smb\eos\project\g\geodetic-metrology\Accelerators_Beamlines\Theo_Beamline\51150 NORTH_AREAS\2026 - Test Xsuite\Test 1 - Gianni\h4_survey_comp_vbend_output.tfs""",,
H4TEST2,EHN1,XTDV.X0220521.E,728.584653,5106.216096,2451.863852,519.132168,,0.000000000,8.3620200,-0.000444000,0.000840479,0.000000,16-SEP-2026,,Magnétique,845095,,58237801,XTDV.X0220521,SPXTDV_001,"""\\eosproject-smb\eos\project\g\geodetic-metrology\Accelerators_Beamlines\Theo_Beamline\51150 NORTH_AREAS\2026 - Test Xsuite\Test 1 - Gianni\h4_survey_comp_vbend_output.tfs""",,
H4TEST2,EHN1,XTDV.X0220521.S,728.794210,5107.802313,2451.863142,520.732168,1.600000,0.000000000,8.3620200,-0.000444000,0.000840479,0.000000,16-SEP-2026,,Magnétique,845225,,58237801,XTDV.X0220521,SPXTDV_001,"""\\eosproject-smb\eos\project\g\geodetic-metrology\Accelerators_Beamlines\Theo_Beamline\51150 NORTH_AREAS\2026 - Test Xsuite\Test 1 - Gianni\h4_survey_comp_vbend_output.tfs""",,
H4TEST2,EHN1,XVW.X0220520.E,728.824340,5108.030380,2451.863040,520.962217,,0.000000000,8.3620200,-0.000444000,0.000840479,0.000000,16-SEP-2026,,Magnétique,844912,,57601870,XVW.X0220520,,"""\\eosproject-smb\eos\project\g\geodetic-metrology\Accelerators_Beamlines\Theo_Beamline\51150 NORTH_AREAS\2026 - Test Xsuite\Test 1 - Gianni\h4_survey_comp_vbend_output.tfs""",,
H4TEST2,EHN1,XVW.X0220520.S,728.824356,5108.030499,2451.863040,520.962337,0.000120,0.000000000,8.3620200,-0.000444000,0.000840479,0.000000,16-SEP-2026,,Magnétique,844989,,57601870,XVW.X0220520,,"""\\eosproject-smb\eos\project\g\geodetic-metrology\Accelerators_Beamlines\Theo_Beamline\51150 NORTH_AREAS\2026 - Test Xsuite\Test 1 - Gianni\h4_survey_comp_vbend_output.tfs""",,
H4TEST2,EHN1,XVW.X0220521.E,728.870166,5108.377258,2451.862885,521.312108,,0.000000000,8.3620200,-0.000444000,0.000840479,0.000000,16-SEP-2026,,Magnétique,845206,,57601879,XVW.X0220521,,"""\\eosproject-smb\eos\project\g\geodetic-metrology\Accelerators_Beamlines\Theo_Beamline\51150 NORTH_AREAS\2026 - Test Xsuite\Test 1 - Gianni\h4_survey_comp_vbend_output.tfs""",,
H4TEST2,EHN1,XVW.X0220521.S,728.870182,5108.377376,2451.862885,521.312228,0.000120,0.000000000,8.3620200,-0.000444000,0.000840479,0.000000,16-SEP-2026,,Magnétique,844923,,57601879,XVW.X0220521,,"""\\eosproject-smb\eos\project\g\geodetic-metrology\Accelerators_Beamlines\Theo_Beamline\51150 NORTH_AREAS\2026 - Test Xsuite\Test 1 - Gianni\h4_survey_comp_vbend_output.tfs""",,
H4TEST2,EHN1,QNL.X0220526.E,729.281429,5111.490269,2451.861492,524.452168,,0.000000000,8.3620200,-0.000444000,0.005840479,0.000000,16-SEP-2026,,Magnétique,845062,,57387100,QNL.X0220526,SPQNL__8WP,"""\\eosproject-smb\eos\project\g\geodetic-metrology\Accelerators_Beamlines\Theo_Beamline\51150 NORTH_AREAS\2026 - Test Xsuite\Test 1 - Gianni\h4_survey_comp_vbend_output.tfs""",,
H4TEST2,EHN1,QNL.X0220526.S,729.673038,5114.454512,2451.860166,527.442168,2.990000,0.000000000,8.3620200,-0.000444000,0.005840479,0.000000,16-SEP-2026,,Magnétique,845100,,57387100,QNL.X0220526,SPQNL__8WP,"""\\eosproject-smb\eos\project\g\geodetic-metrology\Accelerators_Beamlines\Theo_Beamline\51150 NORTH_AREAS\2026 - Test Xsuite\Test 1 - Gianni\h4_survey_comp_vbend_output.tfs""",,
H4TEST2,EHN1,QNL.X0220538.E,730.851794,5123.376985,2451.856175,536.442168,,0.000000000,8.3620200,-0.000444000,-0.000159521,0.000000,16-SEP-2026,,Magnétique,844963,,57387141,QNL.X0220538,SPQNL__8WP,"""\\eosproject-smb\eos\project\g\geodetic-metrology\Accelerators_Beamlines\Theo_Beamline\51150 NORTH_AREAS\2026 - Test Xsuite\Test 1 - Gianni\h4_survey_comp_vbend_output.tfs""",,
H4TEST2,EHN1,QNL.X0220538.S,731.243403,5126.341229,2451.854848,539.432168,2.990000,0.000000000,8.3620200,-0.000444000,-0.000159521,0.000000,16-SEP-2026,,Magnétique,845079,,57387141,QNL.X0220538,SPQNL__8WP,"""\\eosproject-smb\eos\project\g\geodetic-metrology\Accelerators_Beamlines\Theo_Beamline\51150 NORTH_AREAS\2026 - Test Xsuite\Test 1 - Gianni\h4_survey_comp_vbend_output.tfs""",,
H4TEST2,EHN1,XWCA.X0220540.E,731.289637,5126.691188,2451.854692,539.785168,,0.000000000,8.3620200,-0.000444000,0.000840479,0.000000,16-SEP-2026,,Magnétique,845032,,57699337,XWCA.X0220540,SPXWCA_,"""\\eosproject-smb\eos\project\g\geodetic-metrology\Accelerators_Beamlines\Theo_Beamline\51150 NORTH_AREAS\2026 - Test Xsuite\Test 1 - Gianni\h4_survey_comp_vbend_output.tfs""",,
H4TEST2,EHN1,XSCI.X0220540.E,731.297756,5126.752655,2451.856664,539.845168,,0.000000000,8.3620200,-0.000444000,0.001840479,0.000000,16-SEP-2026,,Magnétique,845051,,57699314,XSCI.X0220540,SPXSCI_,"""\\eosproject-smb\eos\project\g\geodetic-metrology\Accelerators_Beamlines\Theo_Beamline\51150 NORTH_AREAS\2026 - Test Xsuite\Test 1 - Gianni\h4_survey_comp_vbend_output.tfs""",,
H4TEST2,EHN1,XWCA.X0220540.S,731.297495,5126.750671,2451.854665,539.845168,0.060000,0.000000000,8.3620200,-0.000444000,0.000840479,0.000000,16-SEP-2026,,Magnétique,845003,,57699337,XWCA.X0220540,SPXWCA_,"""\\eosproject-smb\eos\project\g\geodetic-metrology\Accelerators_Beamlines\Theo_Beamline\51150 NORTH_AREAS\2026 - Test Xsuite\Test 1 - Gianni\h4_survey_comp_vbend_output.tfs""",,
H4TEST2,EHN1,XSCI.X0220540.S,731.310853,5126.851793,2451.856620,539.945168,0.100000,0.000000000,8.3620200,-0.000444000,0.001840479,0.000000,16-SEP-2026,,Magnétique,845140,,57699314,XSCI.X0220540,SPXSCI_,"""\\eosproject-smb\eos\project\g\geodetic-metrology\Accelerators_Beamlines\Theo_Beamline\51150 NORTH_AREAS\2026 - Test Xsuite\Test 1 - Gianni\h4_survey_comp_vbend_output.tfs""",,
H4TEST2,EHN1,MBHHE.X0220544.E,731.683472,5129.672285,2451.853358,542.792168,,0.000000000,8.3620200,-0.000444000,0.000840479,0.000000,16-SEP-2026,,Magnétique,845230,,57386659,MBHHE.X0220544,PXMBHHEHWC,"""\\eosproject-smb\eos\project\g\geodetic-metrology\Accelerators_Beamlines\Theo_Beamline\51150 NORTH_AREAS\2026 - Test Xsuite\Test 1 - Gianni\h4_survey_comp_vbend_output.tfs""",,
H4TEST2,EHN1,MBHHE.X0220544.S,731.945418,5131.655057,2451.852471,544.792168,2.000000,0.000000000,8.3620200,-0.000444000,0.000840479,0.000000,16-SEP-2026,,Magnétique,845202,,57386659,MBHHE.X0220544,PXMBHHEHWC,"""\\eosproject-smb\eos\project\g\geodetic-metrology\Accelerators_Beamlines\Theo_Beamline\51150 NORTH_AREAS\2026 - Test Xsuite\Test 1 - Gianni\h4_survey_comp_vbend_output.tfs""",,
H4TEST2,EHN1,MBHHE.X0220547.E,732.078094,5132.659331,2451.852022,545.805168,,0.000000000,8.3620200,-0.000444000,0.000840479,0.000000,16-SEP-2026,,Magnétique,844938,,57386618,MBHHE.X0220547,PXMBHHEHWC,"""\\eosproject-smb\eos\project\g\geodetic-metrology\Accelerators_Beamlines\Theo_Beamline\51150 NORTH_AREAS\2026 - Test Xsuite\Test 1 - Gianni\h4_survey_comp_vbend_output.tfs""",,
H4TEST2,EHN1,MBHHE.X0220547.S,732.340040,5134.642102,2451.851135,547.805168,2.000000,0.000000000,8.3620200,-0.000444000,0.000840479,0.000000,16-SEP-2026,,Magnétique,845104,,57386618,MBHHE.X0220547,PXMBHHEHWC,"""\\eosproject-smb\eos\project\g\geodetic-metrology\Accelerators_Beamlines\Theo_Beamline\51150 NORTH_AREAS\2026 - Test Xsuite\Test 1 - Gianni\h4_survey_comp_vbend_output.tfs""",,
H4TEST2,EHN1,MBHHE.X0220580.E,736.526196,5166.328777,2451.836959,579.767168,,0.000000000,8.3620200,-0.000444000,0.000840479,0.000000,16-SEP-2026,,Magnétique,844950,,57386546,MBHHE.X0220580,PXMBHHEHWC,"""\\eosproject-smb\eos\project\g\geodetic-metrology\Accelerators_Beamlines\Theo_Beamline\51150 NORTH_AREAS\2026 - Test Xsuite\Test 1 - Gianni\h4_survey_comp_vbend_output.tfs""",,
H4TEST2,EHN1,MBHHE.X0220580.S,736.788142,5168.311548,2451.836072,581.767168,2.000000,0.000000000,8.3620200,-0.000444000,0.000840479,0.000000,16-SEP-2026,,Magnétique,844972,,57386546,MBHHE.X0220580,PXMBHHEHWC,"""\\eosproject-smb\eos\project\g\geodetic-metrology\Accelerators_Beamlines\Theo_Beamline\51150 NORTH_AREAS\2026 - Test Xsuite\Test 1 - Gianni\h4_survey_comp_vbend_output.tfs""",,
H4TEST2,EHN1,XSCI.X0220596.E,738.898114,5184.282775,2451.830927,597.875168,,0.000000000,8.3620200,-0.000444000,0.002840479,0.000000,16-SEP-2026,,Magnétique,845144,,57699393,XSCI.X0220596,SPXSCI_,"""\\eosproject-smb\eos\project\g\geodetic-metrology\Accelerators_Beamlines\Theo_Beamline\51150 NORTH_AREAS\2026 - Test Xsuite\Test 1 - Gianni\h4_survey_comp_vbend_output.tfs""",,
H4TEST2,EHN1,XSCI.X0220596.S,738.911212,5184.381914,2451.830883,597.975168,0.100000,0.000000000,8.3620200,-0.000444000,0.002840479,0.000000,16-SEP-2026,,Magnétique,845052,,57699393,XSCI.X0220596,SPXSCI_,"""\\eosproject-smb\eos\project\g\geodetic-metrology\Accelerators_Beamlines\Theo_Beamline\51150 NORTH_AREAS\2026 - Test Xsuite\Test 1 - Gianni\h4_survey_comp_vbend_output.tfs""",,
H4TEST2,EHN1,XWCM.X0220596.E,738.931121,5184.532604,2451.828816,598.129168,,0.000000000,8.3620200,-0.000444000,0.000840479,0.000000,16-SEP-2026,,Magnétique,844982,,57717887,XWCM.X0220596,SPXWCM_002,"""\\eosproject-smb\eos\project\g\geodetic-metrology\Accelerators_Beamlines\Theo_Beamline\51150 NORTH_AREAS\2026 - Test Xsuite\Test 1 - Gianni\h4_survey_comp_vbend_output.tfs""",,
H4TEST2,EHN1,XWCM.X0220596.S,738.944218,5184.631742,2451.828771,598.229168,0.100000,0.000000000,8.3620200,-0.000444000,0.000840479,0.000000,16-SEP-2026,,Magnétique,844990,,57717887,XWCM.X0220596,SPXWCM_002,"""\\eosproject-smb\eos\project\g\geodetic-metrology\Accelerators_Beamlines\Theo_Beamline\51150 NORTH_AREAS\2026 - Test Xsuite\Test 1 - Gianni\h4_survey_comp_vbend_output.tfs""",,
H4TEST2,EHN1,XTDV.X0220603.E,739.083836,5185.688559,2451.828298,599.295168,,0.000000000,8.3620200,-0.000444000,0.000840479,0.000000,16-SEP-2026,,Magnétique,845210,,57611869,XTDV.X0220603,SPXTDV_001,"""\\eosproject-smb\eos\project\g\geodetic-metrology\Accelerators_Beamlines\Theo_Beamline\51150 NORTH_AREAS\2026 - Test Xsuite\Test 1 - Gianni\h4_survey_comp_vbend_output.tfs""",,
H4TEST2,EHN1,XTDV.X0220603.S,739.293392,5187.274777,2451.827589,600.895168,1.600000,0.000000000,8.3620200,-0.000444000,0.000840479,0.000000,16-SEP-2026,,Magnétique,845119,,57611869,XTDV.X0220603,SPXTDV_001,"""\\eosproject-smb\eos\project\g\geodetic-metrology\Accelerators_Beamlines\Theo_Beamline\51150 NORTH_AREAS\2026 - Test Xsuite\Test 1 - Gianni\h4_survey_comp_vbend_output.tfs""",,
H4TEST2,EHN1,XTDV.X0220604.E,739.293392,5187.274777,2451.827589,600.895168,,0.000000000,8.3620200,-0.000444000,0.000840479,0.000000,16-SEP-2026,,Magnétique,845184,,58237931,XTDV.X0220604,SPXTDV_001,"""\\eosproject-smb\eos\project\g\geodetic-metrology\Accelerators_Beamlines\Theo_Beamline\51150 NORTH_AREAS\2026 - Test Xsuite\Test 1 - Gianni\h4_survey_comp_vbend_output.tfs""",,
H4TEST2,EHN1,XTDV.X0220604.S,739.502949,5188.860994,2451.826879,602.495168,1.600000,0.000000000,8.3620200,-0.000444000,0.000840479,0.000000,16-SEP-2026,,Magnétique,845123,,58237931,XTDV.X0220604,SPXTDV_001,"""\\eosproject-smb\eos\project\g\geodetic-metrology\Accelerators_Beamlines\Theo_Beamline\51150 NORTH_AREAS\2026 - Test Xsuite\Test 1 - Gianni\h4_survey_comp_vbend_output.tfs""",,
H4TEST2,EHN1,EXP.X0220620.E,741.775337,5206.061601,2451.819184,619.845231,,0.000000000,8.3620200,-0.000444000,0.000840479,0.000000,16-SEP-2026,,Magnétique,845159,,62387090,EXP.X0220620,SPSX_EXP,"""\\eosproject-smb\eos\project\g\geodetic-metrology\Accelerators_Beamlines\Theo_Beamline\51150 NORTH_AREAS\2026 - Test Xsuite\Test 1 - Gianni\h4_survey_comp_vbend_output.tfs""",,
H4TEST2,EHN1,EXP.X0220620.S,741.775337,5206.061601,2451.819184,619.845232,0.000001,0.000000000,8.3620200,-0.000444000,0.000840479,0.000000,16-SEP-2026,,Magnétique,845252,,62387090,EXP.X0220620,SPSX_EXP,"""\\eosproject-smb\eos\project\g\geodetic-metrology\Accelerators_Beamlines\Theo_Beamline\51150 NORTH_AREAS\2026 - Test Xsuite\Test 1 - Gianni\h4_survey_comp_vbend_output.tfs""",,
H4TEST2,EHN1,EXP.X0220623.E,742.158433,5208.961404,2451.817887,622.770231,,0.000000000,8.3620200,-0.000444000,0.000840479,0.000000,16-SEP-2026,,Magnétique,845195,,62387015,EXP.X0220623,SPSX_EXP,"""\\eosproject-smb\eos\project\g\geodetic-metrology\Accelerators_Beamlines\Theo_Beamline\51150 NORTH_AREAS\2026 - Test Xsuite\Test 1 - Gianni\h4_survey_comp_vbend_output.tfs""",,
H4TEST2,EHN1,EXP.X0220623.S,742.158433,5208.961404,2451.817887,622.770232,0.000001,0.000000000,8.3620200,-0.000444000,0.000840479,0.000000,16-SEP-2026,,Magnétique,845219,,62387015,EXP.X0220623,SPSX_EXP,"""\\eosproject-smb\eos\project\g\geodetic-metrology\Accelerators_Beamlines\Theo_Beamline\51150 NORTH_AREAS\2026 - Test Xsuite\Test 1 - Gianni\h4_survey_comp_vbend_output.tfs""",,
H4TEST2,EHN1,XVW.X0220627.E,742.712433,5213.154845,2451.816011,627.000108,,0.000000000,8.3620200,-0.000444000,0.000840479,0.000000,16-SEP-2026,,Magnétique,845060,,57601888,XVW.X0220627,SPXVWMF001,"""\\eosproject-smb\eos\project\g\geodetic-metrology\Accelerators_Beamlines\Theo_Beamline\51150 NORTH_AREAS\2026 - Test Xsuite\Test 1 - Gianni\h4_survey_comp_vbend_output.tfs""",,
H4TEST2,EHN1,XVW.X0220627.S,742.712448,5213.154964,2451.816011,627.000228,0.000120,0.000000000,8.3620200,-0.000444000,0.000840479,0.000000,16-SEP-2026,,Magnétique,845211,,57601888,XVW.X0220627,SPXVWMF001,"""\\eosproject-smb\eos\project\g\geodetic-metrology\Accelerators_Beamlines\Theo_Beamline\51150 NORTH_AREAS\2026 - Test Xsuite\Test 1 - Gianni\h4_survey_comp_vbend_output.tfs""",,
H4TEST2,EHN1,XTDV.X0220628.E,742.751077,5213.447363,2451.815880,627.295168,,0.000000000,8.3620200,-0.000444000,0.000840479,0.000000,16-SEP-2026,,Magnétique,845088,,57611921,XTDV.X0220628,SPXTDV_001,"""\\eosproject-smb\eos\project\g\geodetic-metrology\Accelerators_Beamlines\Theo_Beamline\51150 NORTH_AREAS\2026 - Test Xsuite\Test 1 - Gianni\h4_survey_comp_vbend_output.tfs""",,
H4TEST2,EHN1,XTDV.X0220628.S,742.960634,5215.033581,2451.815171,628.895168,1.600000,0.000000000,8.3620200,-0.000444000,0.000840479,0.000000,16-SEP-2026,,Magnétique,844909,,57611921,XTDV.X0220628,SPXTDV_001,"""\\eosproject-smb\eos\project\g\geodetic-metrology\Accelerators_Beamlines\Theo_Beamline\51150 NORTH_AREAS\2026 - Test Xsuite\Test 1 - Gianni\h4_survey_comp_vbend_output.tfs""",,
H4TEST2,EHN1,XTDV.X0220629.E,742.960634,5215.033581,2451.815171,628.895168,,0.000000000,8.3620200,-0.000444000,0.000840479,0.000000,16-SEP-2026,,Magnétique,845179,,58238836,XTDV.X0220629,SPXTDV_001,"""\\eosproject-smb\eos\project\g\geodetic-metrology\Accelerators_Beamlines\Theo_Beamline\51150 NORTH_AREAS\2026 - Test Xsuite\Test 1 - Gianni\h4_survey_comp_vbend_output.tfs""",,
H4TEST2,EHN1,XTDV.X0220629.S,743.170191,5216.619798,2451.814461,630.495168,1.600000,0.000000000,8.3620200,-0.000444000,0.000840479,0.000000,16-SEP-2026,,Magnétique,845070,,58238836,XTDV.X0220629,SPXTDV_001,"""\\eosproject-smb\eos\project\g\geodetic-metrology\Accelerators_Beamlines\Theo_Beamline\51150 NORTH_AREAS\2026 - Test Xsuite\Test 1 - Gianni\h4_survey_comp_vbend_output.tfs""",,
H4TEST2,EHN1,XVW.X0220631.E,743.236324,5217.120388,2451.814237,631.000108,,0.000000000,8.3620200,-0.000444000,0.000840479,0.000000,16-SEP-2026,,Magnétique,845161,,57601906,XVW.X0220631,SPXVWMF001,"""\\eosproject-smb\eos\project\g\geodetic-metrology\Accelerators_Beamlines\Theo_Beamline\51150 NORTH_AREAS\2026 - Test Xsuite\Test 1 - Gianni\h4_survey_comp_vbend_output.tfs""",,
H4TEST2,EHN1,XVW.X0220631.S,743.236340,5217.120507,2451.814237,631.000228,0.000120,0.000000000,8.3620200,-0.000444000,0.000840479,0.000000,16-SEP-2026,,Magnétique,845145,,57601906,XVW.X0220631,SPXVWMF001,"""\\eosproject-smb\eos\project\g\geodetic-metrology\Accelerators_Beamlines\Theo_Beamline\51150 NORTH_AREAS\2026 - Test Xsuite\Test 1 - Gianni\h4_survey_comp_vbend_output.tfs""",,
H4TEST2,EHN1,XCIO.X0220634.E,743.391273,5218.293257,2451.813712,632.183168,,0.000000000,8.3620200,-0.000444000,0.000840479,0.000000,16-SEP-2026,,Magnétique,845227,,57247359,XCIO.X0220634,SPXCIOP002,"""\\eosproject-smb\eos\project\g\geodetic-metrology\Accelerators_Beamlines\Theo_Beamline\51150 NORTH_AREAS\2026 - Test Xsuite\Test 1 - Gianni\h4_survey_comp_vbend_output.tfs""",,
H4TEST2,EHN1,XCIO.X0220634.S,743.404370,5218.392396,2451.813668,632.283168,0.100000,0.000000000,8.3620200,-0.000444000,0.000840479,0.000000,16-SEP-2026,,Magnétique,845185,,57247359,XCIO.X0220634,SPXCIOP002,"""\\eosproject-smb\eos\project\g\geodetic-metrology\Accelerators_Beamlines\Theo_Beamline\51150 NORTH_AREAS\2026 - Test Xsuite\Test 1 - Gianni\h4_survey_comp_vbend_output.tfs""",,
H4TEST2,EHN1,MBHHE.X0220635.E,743.484801,5219.001105,2451.813396,632.895168,,0.000000000,8.7949290,-0.000438000,0.001843498,0.000000,16-SEP-2026,,Magnétique,845162,,56047610,MBHHE.X0220635,PXMBHHEHWC,"""\\eosproject-smb\eos\project\g\geodetic-metrology\Accelerators_Beamlines\Theo_Beamline\51150 NORTH_AREAS\2026 - Test Xsuite\Test 1 - Gianni\h4_survey_comp_vbend_output.tfs""",,
H4TEST2,EHN1,MBHHE.X0220635.S,743.760224,5220.982049,2451.812520,634.895184,2.000015,0.000000000,8.7949290,-0.000438000,0.001843498,0.000000,16-SEP-2026,,Magnétique,845128,,56047610,MBHHE.X0220635,PXMBHHEHWC,"""\\eosproject-smb\eos\project\g\geodetic-metrology\Accelerators_Beamlines\Theo_Beamline\51150 NORTH_AREAS\2026 - Test Xsuite\Test 1 - Gianni\h4_survey_comp_vbend_output.tfs""",,
H4TEST2,EHN1,XVW.X0220645.E,745.219541,5230.979038,2451.808155,645.000124,,0.000000000,9.2278380,-0.000432000,0.000846433,0.000000,16-SEP-2026,,Magnétique,845215,,57601915,XVW.X0220645,SPXVWMF001,"""\\eosproject-smb\eos\project\g\geodetic-metrology\Accelerators_Beamlines\Theo_Beamline\51150 NORTH_AREAS\2026 - Test Xsuite\Test 1 - Gianni\h4_survey_comp_vbend_output.tfs""",,
H4TEST2,EHN1,XVW.X0220645.S,745.219558,5230.979156,2451.808155,645.000244,0.000120,0.000000000,9.2278380,-0.000432000,0.000846433,0.000000,16-SEP-2026,,Magnétique,845157,,57601915,XVW.X0220645,SPXVWMF001,"""\\eosproject-smb\eos\project\g\geodetic-metrology\Accelerators_Beamlines\Theo_Beamline\51150 NORTH_AREAS\2026 - Test Xsuite\Test 1 - Gianni\h4_survey_comp_vbend_output.tfs""",,
H4TEST2,EHN1,MBHHE.X0220652.E,746.177931,5237.544517,2451.807289,651.635184,,0.000000000,9.6607460,-0.000426000,0.001849374,0.000000,16-SEP-2026,,Magnétique,844924,,56047619,MBHHE.X0220652,PXMBHHEHWC,"""\\eosproject-smb\eos\project\g\geodetic-metrology\Accelerators_Beamlines\Theo_Beamline\51150 NORTH_AREAS\2026 - Test Xsuite\Test 1 - Gianni\h4_survey_comp_vbend_output.tfs""",,
H4TEST2,EHN1,MBHHE.X0220652.S,746.480268,5239.521532,2451.806436,653.635199,2.000015,0.000000000,9.6607460,-0.000426000,0.001849374,0.000000,16-SEP-2026,,Magnétique,845110,,56047619,MBHHE.X0220652,PXMBHHEHWC,"""\\eosproject-smb\eos\project\g\geodetic-metrology\Accelerators_Beamlines\Theo_Beamline\51150 NORTH_AREAS\2026 - Test Xsuite\Test 1 - Gianni\h4_survey_comp_vbend_output.tfs""",,
H4TEST2,EHN1,EXP.X0220656.E,746.653956,5240.607796,2451.803973,654.735262,,0.000000000,10.0936550,-0.000420000,0.000852230,0.000000,16-SEP-2026,,Magnétique,844943,,62387053,EXP.X0220656,SPSX_EXP,"""\\eosproject-smb\eos\project\g\geodetic-metrology\Accelerators_Beamlines\Theo_Beamline\51150 NORTH_AREAS\2026 - Test Xsuite\Test 1 - Gianni\h4_survey_comp_vbend_output.tfs""",,
H4TEST2,EHN1,EXP.X0220656.S,746.653956,5240.607796,2451.803973,654.735263,0.000001,0.000000000,10.0936550,-0.000420000,0.000852230,0.000000,16-SEP-2026,,Magnétique,845228,,62387053,EXP.X0220656,SPSX_EXP,"""\\eosproject-smb\eos\project\g\geodetic-metrology\Accelerators_Beamlines\Theo_Beamline\51150 NORTH_AREAS\2026 - Test Xsuite\Test 1 - Gianni\h4_survey_comp_vbend_output.tfs""",,
H4TEST2,EHN1,XTDV.X0220667.E,747.964410,5248.803627,2451.800483,663.035198,,0.000000000,10.0936550,-0.000420000,0.000852230,0.000000,16-SEP-2026,,Magnétique,845114,,57611957,XTDV.X0220667,SPXTDV_002,"""\\eosproject-smb\eos\project\g\geodetic-metrology\Accelerators_Beamlines\Theo_Beamline\51150 NORTH_AREAS\2026 - Test Xsuite\Test 1 - Gianni\h4_survey_comp_vbend_output.tfs""",,
H4TEST2,EHN1,XTDV.X0220667.S,748.217030,5250.383558,2451.799811,664.635198,1.600000,0.000000000,10.0936550,-0.000420000,0.000852230,0.000000,16-SEP-2026,,Magnétique,844913,,57611957,XTDV.X0220667,SPXTDV_002,"""\\eosproject-smb\eos\project\g\geodetic-metrology\Accelerators_Beamlines\Theo_Beamline\51150 NORTH_AREAS\2026 - Test Xsuite\Test 1 - Gianni\h4_survey_comp_vbend_output.tfs""",,
H4TEST2,EHN1,XTDV.X0220668.E,748.217030,5250.383558,2451.799811,664.635198,,0.000000000,10.0936550,-0.000420000,0.000852230,0.000000,16-SEP-2026,,Magnétique,844976,,58238889,XTDV.X0220668,SPXTDV_002,"""\\eosproject-smb\eos\project\g\geodetic-metrology\Accelerators_Beamlines\Theo_Beamline\51150 NORTH_AREAS\2026 - Test Xsuite\Test 1 - Gianni\h4_survey_comp_vbend_output.tfs""",,
H4TEST2,EHN1,XTDV.X0220668.S,748.469650,5251.963489,2451.799138,666.235198,1.600000,0.000000000,10.0936550,-0.000420000,0.000852230,0.000000,16-SEP-2026,,Magnétique,845231,,58238889,XTDV.X0220668,SPXTDV_002,"""\\eosproject-smb\eos\project\g\geodetic-metrology\Accelerators_Beamlines\Theo_Beamline\51150 NORTH_AREAS\2026 - Test Xsuite\Test 1 - Gianni\h4_survey_comp_vbend_output.tfs""",,
H4TEST2,EHN1,XVW.X0220669.E,748.483133,5252.047818,2451.799102,666.320598,,0.000000000,10.0936550,-0.000420000,0.000852230,0.000000,16-SEP-2026,,Magnétique,845080,,62242998,XVW.X0220669,SPXVWAN001,"""\\eosproject-smb\eos\project\g\geodetic-metrology\Accelerators_Beamlines\Theo_Beamline\51150 NORTH_AREAS\2026 - Test Xsuite\Test 1 - Gianni\h4_survey_comp_vbend_output.tfs""",,
H4TEST2,EHN1,XVW.X0220669.S,748.483165,5252.048015,2451.799102,666.320798,0.000200,0.000000000,10.0936550,-0.000420000,0.000852230,0.000000,16-SEP-2026,,Magnétique,845004,,62242998,XVW.X0220669,SPXVWAN001,"""\\eosproject-smb\eos\project\g\geodetic-metrology\Accelerators_Beamlines\Theo_Beamline\51150 NORTH_AREAS\2026 - Test Xsuite\Test 1 - Gianni\h4_survey_comp_vbend_output.tfs""",,
H4TEST2,EHN1,XVW.X0220672.E,750.725007,5266.068918,2451.793131,680.519798,,0.000000000,10.0936550,-0.000420000,0.000852230,0.000000,16-SEP-2026,,Magnétique,844882,,62243064,XVW.X0220672,SPXVWAN001,"""\\eosproject-smb\eos\project\g\geodetic-metrology\Accelerators_Beamlines\Theo_Beamline\51150 NORTH_AREAS\2026 - Test Xsuite\Test 1 - Gianni\h4_survey_comp_vbend_output.tfs""",,
H4TEST2,EHN1,XVW.X0220672.S,750.725038,5266.069116,2451.793131,680.519998,0.000200,0.000000000,10.0936550,-0.000420000,0.000852230,0.000000,16-SEP-2026,,Magnétique,845192,,62243064,XVW.X0220672,SPXVWAN001,"""\\eosproject-smb\eos\project\g\geodetic-metrology\Accelerators_Beamlines\Theo_Beamline\51150 NORTH_AREAS\2026 - Test Xsuite\Test 1 - Gianni\h4_survey_comp_vbend_output.tfs""",,
H4TEST2,EHN1,XWCA.X0220680.E,750.759173,5266.282604,2451.793040,680.736198,,0.000000000,10.0936550,-0.000420000,0.000852230,0.000000,16-SEP-2026,,Magnétique,845010,,57702748,XWCA.X0220680,SPXWCA_,"""\\eosproject-smb\eos\project\g\geodetic-metrology\Accelerators_Beamlines\Theo_Beamline\51150 NORTH_AREAS\2026 - Test Xsuite\Test 1 - Gianni\h4_survey_comp_vbend_output.tfs""",,
H4TEST2,EHN1,XSCI.X0220680.E,750.768961,5266.343827,2451.795014,680.796198,,0.000000000,10.0936550,-0.000420000,0.005852230,0.000000,16-SEP-2026,,Magnétique,844918,,57702771,XSCI.X0220680,SPXSCI_,"""\\eosproject-smb\eos\project\g\geodetic-metrology\Accelerators_Beamlines\Theo_Beamline\51150 NORTH_AREAS\2026 - Test Xsuite\Test 1 - Gianni\h4_survey_comp_vbend_output.tfs""",,
H4TEST2,EHN1,XWCA.X0220680.S,750.768647,5266.341851,2451.793015,680.796198,0.060000,0.000000000,10.0936550,-0.000420000,0.000852230,0.000000,16-SEP-2026,,Magnétique,845035,,57702748,XWCA.X0220680,SPXWCA_,"""\\eosproject-smb\eos\project\g\geodetic-metrology\Accelerators_Beamlines\Theo_Beamline\51150 NORTH_AREAS\2026 - Test Xsuite\Test 1 - Gianni\h4_survey_comp_vbend_output.tfs""",,
H4TEST2,EHN1,XSCI.X0220680.S,750.784750,5266.442573,2451.794972,680.896198,0.100000,0.000000000,10.0936550,-0.000420000,0.005852230,0.000000,16-SEP-2026,,Magnétique,845115,,57702771,XSCI.X0220680,SPXSCI_,"""\\eosproject-smb\eos\project\g\geodetic-metrology\Accelerators_Beamlines\Theo_Beamline\51150 NORTH_AREAS\2026 - Test Xsuite\Test 1 - Gianni\h4_survey_comp_vbend_output.tfs""",,
H4TEST2,EHN1,XCON.X0220681.E,750.812855,5266.618339,2451.792897,681.076198,,0.000000000,10.0936550,-0.000420000,0.000852230,0.000000,16-SEP-2026,,Magnétique,845193,,57588577,XCON.X0220681,SPXCON_008,"""\\eosproject-smb\eos\project\g\geodetic-metrology\Accelerators_Beamlines\Theo_Beamline\51150 NORTH_AREAS\2026 - Test Xsuite\Test 1 - Gianni\h4_survey_comp_vbend_output.tfs""",,
H4TEST2,EHN1,XCON.X0220681.S,750.860221,5266.914576,2451.792771,681.376198,0.300000,0.000000000,10.0936550,-0.000420000,0.000852230,0.000000,16-SEP-2026,,Magnétique,845018,,57588577,XCON.X0220681,SPXCON_008,"""\\eosproject-smb\eos\project\g\geodetic-metrology\Accelerators_Beamlines\Theo_Beamline\51150 NORTH_AREAS\2026 - Test Xsuite\Test 1 - Gianni\h4_survey_comp_vbend_output.tfs""",,
H4TEST2,EHN1,XVW.X0220682.E,750.955735,5267.511938,2451.792517,681.981148,,0.000000000,10.0936550,-0.000420000,0.000852230,0.000000,16-SEP-2026,,Magnétique,845005,,61761193,XVW.X0220682,SPXVWMA001,"""\\eosproject-smb\eos\project\g\geodetic-metrology\Accelerators_Beamlines\Theo_Beamline\51150 NORTH_AREAS\2026 - Test Xsuite\Test 1 - Gianni\h4_survey_comp_vbend_output.tfs""",,
H4TEST2,EHN1,XVW.X0220682.S,750.955751,5267.512037,2451.792517,681.981248,0.000100,0.000000000,10.0936550,-0.000420000,0.000852230,0.000000,16-SEP-2026,,Magnétique,845248,,61761193,XVW.X0220682,SPXVWMA001,"""\\eosproject-smb\eos\project\g\geodetic-metrology\Accelerators_Beamlines\Theo_Beamline\51150 NORTH_AREAS\2026 - Test Xsuite\Test 1 - Gianni\h4_survey_comp_vbend_output.tfs""",,
H4TEST2,EHN1,MQNFB.X0220683.E,751.007530,5267.835874,2451.792379,682.309198,,0.000000000,10.0936550,-0.000420000,0.576208822,0.000000,16-SEP-2026,,Magnétique,845016,,56047833,MQNFB.X0220683,PXMQNFBTWC,"""\\eosproject-smb\eos\project\g\geodetic-metrology\Accelerators_Beamlines\Theo_Beamline\51150 NORTH_AREAS\2026 - Test Xsuite\Test 1 - Gianni\h4_survey_comp_vbend_output.tfs""",,
H4TEST2,EHN1,MQNFB.X0220683.S,751.323305,5269.810788,2451.791538,684.309198,2.000000,0.000000000,10.0936550,-0.000420000,0.576208822,0.000000,16-SEP-2026,,Magnétique,845040,,56047833,MQNFB.X0220683,PXMQNFBTWC,"""\\eosproject-smb\eos\project\g\geodetic-metrology\Accelerators_Beamlines\Theo_Beamline\51150 NORTH_AREAS\2026 - Test Xsuite\Test 1 - Gianni\h4_survey_comp_vbend_output.tfs""",,
H4TEST2,EHN1,MQNFB.X0220686.E,751.444878,5270.571130,2451.791214,685.079198,,0.000000000,10.0936550,-0.000420000,0.575208822,0.000000,16-SEP-2026,,Magnétique,844995,,56047842,MQNFB.X0220686,PXMQNFBTWC,"""\\eosproject-smb\eos\project\g\geodetic-metrology\Accelerators_Beamlines\Theo_Beamline\51150 NORTH_AREAS\2026 - Test Xsuite\Test 1 - Gianni\h4_survey_comp_vbend_output.tfs""",,
H4TEST2,EHN1,MQNFB.X0220686.S,751.760653,5272.546044,2451.790373,687.079198,2.000000,0.000000000,10.0936550,-0.000420000,0.575208822,0.000000,16-SEP-2026,,Magnétique,845250,,56047842,MQNFB.X0220686,PXMQNFBTWC,"""\\eosproject-smb\eos\project\g\geodetic-metrology\Accelerators_Beamlines\Theo_Beamline\51150 NORTH_AREAS\2026 - Test Xsuite\Test 1 - Gianni\h4_survey_comp_vbend_output.tfs""",,
H4TEST2,EHN1,XBTF.X0220687.E,751.839100,5273.029724,2451.788494,687.569198,,0.000000000,10.0936550,-0.000420000,-0.989587505,0.000000,16-SEP-2026,,Magnétique,845175,,57709654,XBTF.X0220687,SPXBTF_,"""\\eosproject-smb\eos\project\g\geodetic-metrology\Accelerators_Beamlines\Theo_Beamline\51150 NORTH_AREAS\2026 - Test Xsuite\Test 1 - Gianni\h4_survey_comp_vbend_output.tfs""",,
H4TEST2,EHN1,XBTF.X0220687.S,751.863099,5273.179817,2451.788431,687.721198,0.152000,0.000000000,10.0936550,-0.000420000,-0.989587505,0.000000,16-SEP-2026,,Magnétique,844952,,57709654,XBTF.X0220687,SPXBTF_,"""\\eosproject-smb\eos\project\g\geodetic-metrology\Accelerators_Beamlines\Theo_Beamline\51150 NORTH_AREAS\2026 - Test Xsuite\Test 1 - Gianni\h4_survey_comp_vbend_output.tfs""",,
H4TEST2,EHN1,XVW.X0220687.E,751.870061,5273.230302,2451.790082,687.772148,,0.000000000,10.0936550,-0.000420000,0.000852230,0.000000,16-SEP-2026,,Magnétique,845246,,61598007,XVW.X0220687,SPXVWMA001,"""\\eosproject-smb\eos\project\g\geodetic-metrology\Accelerators_Beamlines\Theo_Beamline\51150 NORTH_AREAS\2026 - Test Xsuite\Test 1 - Gianni\h4_survey_comp_vbend_output.tfs""",,
H4TEST2,EHN1,XVW.X0220687.S,751.870076,5273.230401,2451.790082,687.772248,0.000100,0.000000000,10.0936550,-0.000420000,0.000852230,0.000000,16-SEP-2026,,Magnétique,845170,,61598007,XVW.X0220687,SPXVWMA001,"""\\eosproject-smb\eos\project\g\geodetic-metrology\Accelerators_Beamlines\Theo_Beamline\51150 NORTH_AREAS\2026 - Test Xsuite\Test 1 - Gianni\h4_survey_comp_vbend_output.tfs""",,
H4TEST2,EHN1,XVW.X0220688.E,751.886165,5273.331023,2451.790039,687.874148,,0.000000000,10.0936550,-0.000420000,0.000852230,0.000000,16-SEP-2026,,Magnétique,845099,,61598114,XVW.X0220688,SPXVWMA001,"""\\eosproject-smb\eos\project\g\geodetic-metrology\Accelerators_Beamlines\Theo_Beamline\51150 NORTH_AREAS\2026 - Test Xsuite\Test 1 - Gianni\h4_survey_comp_vbend_output.tfs""",,
H4TEST2,EHN1,XVW.X0220688.S,751.886181,5273.331122,2451.790039,687.874248,0.000100,0.000000000,10.0936550,-0.000420000,0.000852230,0.000000,16-SEP-2026,,Magnétique,845243,,61598114,XVW.X0220688,SPXVWMA001,"""\\eosproject-smb\eos\project\g\geodetic-metrology\Accelerators_Beamlines\Theo_Beamline\51150 NORTH_AREAS\2026 - Test Xsuite\Test 1 - Gianni\h4_survey_comp_vbend_output.tfs""",,
H4TEST2,EHN1,MQNEE.X0220689.E,751.948138,5273.708017,2451.790975,688.256198,,0.000000000,10.0936550,-0.000420000,0.582208822,0.000000,16-SEP-2026,,Magnétique,845127,,56047851,MQNEE.X0220689,PXMQNEETWC,"""\\eosproject-smb\eos\project\g\geodetic-metrology\Accelerators_Beamlines\Theo_Beamline\51150 NORTH_AREAS\2026 - Test Xsuite\Test 1 - Gianni\h4_survey_comp_vbend_output.tfs""",,
H4TEST2,EHN1,MQNEE.X0220689.S,752.106025,5274.695474,2451.790554,689.256198,1.000000,0.000000000,10.0936550,-0.000420000,0.582208822,0.000000,16-SEP-2026,,Magnétique,845057,,56047851,MQNEE.X0220689,PXMQNEETWC,"""\\eosproject-smb\eos\project\g\geodetic-metrology\Accelerators_Beamlines\Theo_Beamline\51150 NORTH_AREAS\2026 - Test Xsuite\Test 1 - Gianni\h4_survey_comp_vbend_output.tfs""",,
H4TEST2,EHN1,MBHHE.X0220692.E,752.308337,5275.964018,2451.787148,690.538898,,0.000000000,12.1902370,-0.050612000,-0.988745130,0.000000,16-SEP-2026,,Magnétique,844953,,56047628,MBHHE.X0220692,PXMBHHEHWC,"""\\eosproject-smb\eos\project\g\geodetic-metrology\Accelerators_Beamlines\Theo_Beamline\51150 NORTH_AREAS\2026 - Test Xsuite\Test 1 - Gianni\h4_survey_comp_vbend_output.tfs""",,
H4TEST2,EHN1,MBHHE.X0220692.S,752.688481,5277.924949,2451.685968,692.540099,2.001201,0.000000000,12.1902370,-0.050612000,-0.988745130,0.000000,16-SEP-2026,,Magnétique,844978,,56047628,MBHHE.X0220692,PXMBHHEHWC,"""\\eosproject-smb\eos\project\g\geodetic-metrology\Accelerators_Beamlines\Theo_Beamline\51150 NORTH_AREAS\2026 - Test Xsuite\Test 1 - Gianni\h4_survey_comp_vbend_output.tfs""",,
H4TEST2,EHN1,XCSH.X0220694.E,752.842285,5278.597953,2451.616073,693.236099,,0.000000000,14.2975090,-0.100748000,-0.986587916,0.000000,16-SEP-2026,,Magnétique,845254,,56998575,XCSH.X0220694,SPXCSH_001,"""\\eosproject-smb\eos\project\g\geodetic-metrology\Accelerators_Beamlines\Theo_Beamline\51150 NORTH_AREAS\2026 - Test Xsuite\Test 1 - Gianni\h4_survey_comp_vbend_output.tfs""",,
H4TEST2,EHN1,XCSH.X0220694.S,753.063857,5279.567896,2451.515495,694.236099,1.000000,0.000000000,14.2975090,-0.100748000,-0.986587916,0.000000,16-SEP-2026,,Magnétique,845257,,56998575,XCSH.X0220694,SPXCSH_001,"""\\eosproject-smb\eos\project\g\geodetic-metrology\Accelerators_Beamlines\Theo_Beamline\51150 NORTH_AREAS\2026 - Test Xsuite\Test 1 - Gianni\h4_survey_comp_vbend_output.tfs""",,
H4TEST2,EHN1,MQNFB.X0220696.E,753.196538,5280.146125,2451.458306,694.832099,,0.000000000,14.2975090,-0.100748000,0.585208411,0.000000,16-SEP-2026,,Magnétique,845048,,56047869,MQNFB.X0220696,PXMQNFBTWC,"""\\eosproject-smb\eos\project\g\geodetic-metrology\Accelerators_Beamlines\Theo_Beamline\51150 NORTH_AREAS\2026 - Test Xsuite\Test 1 - Gianni\h4_survey_comp_vbend_output.tfs""",,
H4TEST2,EHN1,MQNFB.X0220696.S,753.639683,5282.086012,2451.257152,696.832099,2.000000,0.000000000,14.2975090,-0.100748000,0.585208411,0.000000,16-SEP-2026,,Magnétique,844936,,56047869,MQNFB.X0220696,PXMQNFBTWC,"""\\eosproject-smb\eos\project\g\geodetic-metrology\Accelerators_Beamlines\Theo_Beamline\51150 NORTH_AREAS\2026 - Test Xsuite\Test 1 - Gianni\h4_survey_comp_vbend_output.tfs""",,
H4TEST2,EHN1,XBPF.X0220697.E,753.747041,5282.563489,2451.206577,697.322099,,0.000000000,14.2975090,-0.100748000,-0.989587916,0.000000,16-SEP-2026,,Magnétique,845055,,57702794,XBPF.X0220697,SPXBPF_L01,"""\\eosproject-smb\eos\project\g\geodetic-metrology\Accelerators_Beamlines\Theo_Beamline\51150 NORTH_AREAS\2026 - Test Xsuite\Test 1 - Gianni\h4_survey_comp_vbend_output.tfs""",,
H4TEST2,EHN1,XBPF.X0220697.S,753.780720,5282.710920,2451.191289,697.474099,0.152000,0.000000000,14.2975090,-0.100748000,-0.989587916,0.000000,16-SEP-2026,,Magnétique,845009,,57702794,XBPF.X0220697,SPXBPF_L01,"""\\eosproject-smb\eos\project\g\geodetic-metrology\Accelerators_Beamlines\Theo_Beamline\51150 NORTH_AREAS\2026 - Test Xsuite\Test 1 - Gianni\h4_survey_comp_vbend_output.tfs""",,
H4TEST2,EHN1,MBHHE.X0220699.E,753.978528,5283.569027,2451.103270,698.359099,,0.000000000,16.4154760,-0.150884000,-0.985409699,0.000000,16-SEP-2026,,Magnétique,845122,,56047637,MBHHE.X0220699,PXMBHHEHWC,"""\\eosproject-smb\eos\project\g\geodetic-metrology\Accelerators_Beamlines\Theo_Beamline\51150 NORTH_AREAS\2026 - Test Xsuite\Test 1 - Gianni\h4_survey_comp_vbend_output.tfs""",,
H4TEST2,EHN1,MBHHE.X0220699.S,754.482745,5285.480934,2450.802646,700.360300,2.001201,0.000000000,16.4154760,-0.150884000,-0.985409699,0.000000,16-SEP-2026,,Magnétique,845118,,56047637,MBHHE.X0220699,PXMBHHEHWC,"""\\eosproject-smb\eos\project\g\geodetic-metrology\Accelerators_Beamlines\Theo_Beamline\51150 NORTH_AREAS\2026 - Test Xsuite\Test 1 - Gianni\h4_survey_comp_vbend_output.tfs""",,
H4TEST2,EHN1,XBPF.X0220701.E,754.664278,5286.091203,2450.671779,701.010300,,0.000000000,18.5659470,-0.200853000,-0.987228942,0.000000,16-SEP-2026,,Magnétique,844959,,57702824,XBPF.X0220701,SPXBPF_L01,"""\\eosproject-smb\eos\project\g\geodetic-metrology\Accelerators_Beamlines\Theo_Beamline\51150 NORTH_AREAS\2026 - Test Xsuite\Test 1 - Gianni\h4_survey_comp_vbend_output.tfs""",,
H4TEST2,EHN1,XBPF.X0220701.S,754.707102,5286.233858,2450.641454,701.162300,0.152000,0.000000000,18.5659470,-0.200853000,-0.987228942,0.000000,16-SEP-2026,,Magnétique,844993,,57702824,XBPF.X0220701,SPXBPF_L01,"""\\eosproject-smb\eos\project\g\geodetic-metrology\Accelerators_Beamlines\Theo_Beamline\51150 NORTH_AREAS\2026 - Test Xsuite\Test 1 - Gianni\h4_survey_comp_vbend_output.tfs""",,
H4TEST2,EHN1,XBTF.X0220702.E,754.751335,5286.381206,2450.610131,701.321300,,0.000000000,18.5659470,-0.200853000,0.014285462,0.000000,16-SEP-2026,,Magnétique,844947,,63132162,XBTF.X0220702,SPXBTF_,"""\\eosproject-smb\eos\project\g\geodetic-metrology\Accelerators_Beamlines\Theo_Beamline\51150 NORTH_AREAS\2026 - Test Xsuite\Test 1 - Gianni\h4_survey_comp_vbend_output.tfs""",,
H4TEST2,EHN1,XBPF.X0220702.E,754.794159,5286.523861,2450.579807,701.473300,,0.000000000,18.5659470,-0.200853000,0.014285462,0.000000,16-SEP-2026,,Magnétique,844907,,57702851,XBPF.X0220702,SPXBPF_L01,"""\\eosproject-smb\eos\project\g\geodetic-metrology\Accelerators_Beamlines\Theo_Beamline\51150 NORTH_AREAS\2026 - Test Xsuite\Test 1 - Gianni\h4_survey_comp_vbend_output.tfs""",,
H4TEST2,EHN1,XBTF.X0220702.S,754.794159,5286.523861,2450.579807,701.473300,0.152000,0.000000000,18.5659470,-0.200853000,0.014285462,0.000000,16-SEP-2026,,Magnétique,844987,,63132162,XBTF.X0220702,SPXBTF_,"""\\eosproject-smb\eos\project\g\geodetic-metrology\Accelerators_Beamlines\Theo_Beamline\51150 NORTH_AREAS\2026 - Test Xsuite\Test 1 - Gianni\h4_survey_comp_vbend_output.tfs""",,
H4TEST2,EHN1,XBPF.X0220702.S,754.836983,5286.666516,2450.549482,701.625300,0.152000,0.000000000,18.5659470,-0.200853000,0.014285462,0.000000,16-SEP-2026,,Magnétique,845239,,57702851,XBPF.X0220702,SPXBPF_L01,"""\\eosproject-smb\eos\project\g\geodetic-metrology\Accelerators_Beamlines\Theo_Beamline\51150 NORTH_AREAS\2026 - Test Xsuite\Test 1 - Gianni\h4_survey_comp_vbend_output.tfs""",,
H4TEST2,EHN1,MQNEE.X0220703.E,754.975597,5287.128269,2450.451325,702.115300,,0.000000000,18.5659470,-0.200853000,0.584567385,0.000000,16-SEP-2026,,Magnétique,844970,,56047878,MQNEE.X0220703,PXMQNEETWC,"""\\eosproject-smb\eos\project\g\geodetic-metrology\Accelerators_Beamlines\Theo_Beamline\51150 NORTH_AREAS\2026 - Test Xsuite\Test 1 - Gianni\h4_survey_comp_vbend_output.tfs""",,
H4TEST2,EHN1,MQNEE.X0220703.S,755.257334,5288.066790,2450.251820,703.115300,1.000000,0.000000000,18.5659470,-0.200853000,0.584567385,0.000000,16-SEP-2026,,Magnétique,845237,,56047878,MQNEE.X0220703,PXMQNEETWC,"""\\eosproject-smb\eos\project\g\geodetic-metrology\Accelerators_Beamlines\Theo_Beamline\51150 NORTH_AREAS\2026 - Test Xsuite\Test 1 - Gianni\h4_survey_comp_vbend_output.tfs""",,
H4TEST2,EHN1,MQNEE.X0220704.E,755.474271,5288.789451,2450.098201,703.885300,,0.000000000,18.5659470,-0.200853000,0.585567385,0.000000,16-SEP-2026,,Magnétique,845041,,56047887,MQNEE.X0220704,PXMQNEETWC,"""\\eosproject-smb\eos\project\g\geodetic-metrology\Accelerators_Beamlines\Theo_Beamline\51150 NORTH_AREAS\2026 - Test Xsuite\Test 1 - Gianni\h4_survey_comp_vbend_output.tfs""",,
H4TEST2,EHN1,MQNEE.X0220704.S,755.756008,5289.727973,2449.898696,704.885300,1.000000,0.000000000,18.5659470,-0.200853000,0.585567385,0.000000,16-SEP-2026,,Magnétique,844897,,56047887,MQNEE.X0220704,PXMQNEETWC,"""\\eosproject-smb\eos\project\g\geodetic-metrology\Accelerators_Beamlines\Theo_Beamline\51150 NORTH_AREAS\2026 - Test Xsuite\Test 1 - Gianni\h4_survey_comp_vbend_output.tfs""",,
H4TEST2,EHN1,MBHGG.X0220706.E,756.005931,5290.553673,2449.725155,705.765300,,0.000000000,19.4654130,-0.200418000,0.033786281,0.000000,16-SEP-2026,,Magnétique,845084,,57386582,MBHGG.X0220706,PXMBHGGHWC,"""\\eosproject-smb\eos\project\g\geodetic-metrology\Accelerators_Beamlines\Theo_Beamline\51150 NORTH_AREAS\2026 - Test Xsuite\Test 1 - Gianni\h4_survey_comp_vbend_output.tfs""",,
H4TEST2,EHN1,MBHGG.X0220706.S,756.300925,5291.488203,2449.526076,706.765332,1.000032,0.000000000,19.4654130,-0.200418000,0.033786281,0.000000,16-SEP-2026,,Magnétique,845042,,57386582,MBHGG.X0220706,PXMBHGGHWC,"""\\eosproject-smb\eos\project\g\geodetic-metrology\Accelerators_Beamlines\Theo_Beamline\51150 NORTH_AREAS\2026 - Test Xsuite\Test 1 - Gianni\h4_survey_comp_vbend_output.tfs""",,
H4TEST2,EHN1,XBPF.X0220707.E,756.495738,5292.082331,2449.399297,707.405332,,0.000000000,20.3647140,-0.199945000,0.002000000,0.000000,16-SEP-2026,,Magnétique,844906,,57702874,XBPF.X0220707,SPXBPF_L01,"""\\eosproject-smb\eos\project\g\geodetic-metrology\Accelerators_Beamlines\Theo_Beamline\51150 NORTH_AREAS\2026 - Test Xsuite\Test 1 - Gianni\h4_survey_comp_vbend_output.tfs""",,
H4TEST2,EHN1,XBPF.X0220707.S,756.542584,5292.223745,2449.369108,707.557332,0.152000,0.000000000,20.3647140,-0.199945000,0.002000000,0.000000,16-SEP-2026,,Magnétique,845061,,57702874,XBPF.X0220707,SPXBPF_L01,"""\\eosproject-smb\eos\project\g\geodetic-metrology\Accelerators_Beamlines\Theo_Beamline\51150 NORTH_AREAS\2026 - Test Xsuite\Test 1 - Gianni\h4_survey_comp_vbend_output.tfs""",,
H4TEST2,EHN1,XVW.X0220709.E,757.577056,5295.346536,2448.700406,710.914282,,0.000000000,20.3647140,-0.199945000,0.019910262,0.000000,16-SEP-2026,,Magnétique,844937,,62245481,XVW.X0220709,SPXVWMA001,"""\\eosproject-smb\eos\project\g\geodetic-metrology\Accelerators_Beamlines\Theo_Beamline\51150 NORTH_AREAS\2026 - Test Xsuite\Test 1 - Gianni\h4_survey_comp_vbend_output.tfs""",,
H4TEST2,EHN1,XVW.X0220709.S,757.577087,5295.346629,2448.700386,710.914382,0.000100,0.000000000,20.3647140,-0.199945000,0.019910262,0.000000,16-SEP-2026,,Magnétique,845171,,62245481,XVW.X0220709,SPXVWMA001,"""\\eosproject-smb\eos\project\g\geodetic-metrology\Accelerators_Beamlines\Theo_Beamline\51150 NORTH_AREAS\2026 - Test Xsuite\Test 1 - Gianni\h4_survey_comp_vbend_output.tfs""",,
H4TEST2,EHN1,XCETW.X0220711.E,757.618277,5295.470971,2448.673841,711.048032,,0.000000000,20.3647140,-0.199945000,0.019910262,0.000000,16-SEP-2026,,Magnétique,845111,,62488601,XCETW.X0220711,SPXCETWBA001,"""\\eosproject-smb\eos\project\g\geodetic-metrology\Accelerators_Beamlines\Theo_Beamline\51150 NORTH_AREAS\2026 - Test Xsuite\Test 1 - Gianni\h4_survey_comp_vbend_output.tfs""",,
H4TEST2,EHN1,XCETW.X0220711.S,757.618708,5295.472274,2448.673563,711.049432,0.001400,0.000000000,20.3647140,-0.199945000,0.019910262,0.000000,16-SEP-2026,,Magnétique,845027,,62488601,XCETW.X0220711,SPXCETWBA001,"""\\eosproject-smb\eos\project\g\geodetic-metrology\Accelerators_Beamlines\Theo_Beamline\51150 NORTH_AREAS\2026 - Test Xsuite\Test 1 - Gianni\h4_survey_comp_vbend_output.tfs""",,
H4TEST2,EHN1,XCET.X0220713.E,758.220245,5297.288148,2448.285906,713.001232,,0.000000000,20.3647140,-0.199945000,0.019910262,0.000000,16-SEP-2026,,Magnétique,844902,,57603635,XCET.X0220713,SPXCET_002,"""\\eosproject-smb\eos\project\g\geodetic-metrology\Accelerators_Beamlines\Theo_Beamline\51150 NORTH_AREAS\2026 - Test Xsuite\Test 1 - Gianni\h4_survey_comp_vbend_output.tfs""",,
H4TEST2,EHN1,XCET.X0220713.S,758.325031,5297.604470,2448.218376,713.341232,0.340000,0.000000000,20.3647140,-0.199945000,0.019910262,0.000000,16-SEP-2026,,Magnétique,845247,,57603635,XCET.X0220713,SPXCET_002,"""\\eosproject-smb\eos\project\g\geodetic-metrology\Accelerators_Beamlines\Theo_Beamline\51150 NORTH_AREAS\2026 - Test Xsuite\Test 1 - Gianni\h4_survey_comp_vbend_output.tfs""",,
H4TEST2,EHN1,XCETW.X0220713.E,758.337097,5297.640894,2448.210601,713.380382,,0.000000000,20.3647140,-0.199945000,0.019910262,0.000000,16-SEP-2026,,Magnétique,844954,,62488638,XCETW.X0220713,SPXCETWAAP01,"""\\eosproject-smb\eos\project\g\geodetic-metrology\Accelerators_Beamlines\Theo_Beamline\51150 NORTH_AREAS\2026 - Test Xsuite\Test 1 - Gianni\h4_survey_comp_vbend_output.tfs""",,
H4TEST2,EHN1,XCETW.X0220713.S,758.337528,5297.642196,2448.210323,713.381782,0.001400,0.000000000,20.3647140,-0.199945000,0.019910262,0.000000,16-SEP-2026,,Magnétique,844931,,62488638,XCETW.X0220713,SPXCETWAAP01,"""\\eosproject-smb\eos\project\g\geodetic-metrology\Accelerators_Beamlines\Theo_Beamline\51150 NORTH_AREAS\2026 - Test Xsuite\Test 1 - Gianni\h4_survey_comp_vbend_output.tfs""",,
H4TEST2,EHN1,XCETW.X0220714.E,758.374373,5297.753421,2448.186578,713.501332,,0.000000000,20.3647140,-0.199945000,0.019910262,0.000000,16-SEP-2026,,Magnétique,844966,,62490744,XCETW.X0220714,SPXCETWBA002,"""\\eosproject-smb\eos\project\g\geodetic-metrology\Accelerators_Beamlines\Theo_Beamline\51150 NORTH_AREAS\2026 - Test Xsuite\Test 1 - Gianni\h4_survey_comp_vbend_output.tfs""",,
H4TEST2,EHN1,XCETW.X0220714.S,758.374805,5297.754723,2448.186300,713.502732,0.001400,0.000000000,20.3647140,-0.199945000,0.019910262,0.000000,16-SEP-2026,,Magnétique,845188,,62490744,XCETW.X0220714,SPXCETWBA002,"""\\eosproject-smb\eos\project\g\geodetic-metrology\Accelerators_Beamlines\Theo_Beamline\51150 NORTH_AREAS\2026 - Test Xsuite\Test 1 - Gianni\h4_survey_comp_vbend_output.tfs""",,
H4TEST2,EHN1,XCET.X0220716.E,758.947370,5299.483144,2447.817312,715.360532,,0.000000000,20.3647140,-0.199945000,0.019910262,0.000000,16-SEP-2026,,Magnétique,844994,,57603671,XCET.X0220716,SPXCET_003,"""\\eosproject-smb\eos\project\g\geodetic-metrology\Accelerators_Beamlines\Theo_Beamline\51150 NORTH_AREAS\2026 - Test Xsuite\Test 1 - Gianni\h4_survey_comp_vbend_output.tfs""",,
H4TEST2,EHN1,XCET.X0220716.S,759.052157,5299.799466,2447.749783,715.700532,0.340000,0.000000000,20.3647140,-0.199945000,0.019910262,0.000000,16-SEP-2026,,Magnétique,844957,,57603671,XCET.X0220716,SPXCET_003,"""\\eosproject-smb\eos\project\g\geodetic-metrology\Accelerators_Beamlines\Theo_Beamline\51150 NORTH_AREAS\2026 - Test Xsuite\Test 1 - Gianni\h4_survey_comp_vbend_output.tfs""",,
H4TEST2,EHN1,XCETW.X0220715.E,759.064223,5299.835889,2447.742008,715.739682,,0.000000000,20.3647140,-0.199945000,0.019910262,0.000000,16-SEP-2026,,Magnétique,844886,,62490590,XCETW.X0220715,SPXCETWAAP02,"""\\eosproject-smb\eos\project\g\geodetic-metrology\Accelerators_Beamlines\Theo_Beamline\51150 NORTH_AREAS\2026 - Test Xsuite\Test 1 - Gianni\h4_survey_comp_vbend_output.tfs""",,
H4TEST2,EHN1,XCETW.X0220715.S,759.064654,5299.837192,2447.741729,715.741082,0.001400,0.000000000,20.3647140,-0.199945000,0.019910262,0.000000,16-SEP-2026,,Magnétique,844898,,62490590,XCETW.X0220715,SPXCETWAAP02,"""\\eosproject-smb\eos\project\g\geodetic-metrology\Accelerators_Beamlines\Theo_Beamline\51150 NORTH_AREAS\2026 - Test Xsuite\Test 1 - Gianni\h4_survey_comp_vbend_output.tfs""",,
H4TEST2,EHN1,XBPF.X0220716.E,759.136851,5300.055133,2447.697243,715.974932,,0.000000000,20.3647140,-0.199945000,0.003000000,0.000000,16-SEP-2026,,Magnétique,844960,,57702918,XBPF.X0220716,SPXBPF_L01,"""\\eosproject-smb\eos\project\g\geodetic-metrology\Accelerators_Beamlines\Theo_Beamline\51150 NORTH_AREAS\2026 - Test Xsuite\Test 1 - Gianni\h4_survey_comp_vbend_output.tfs""",,
H4TEST2,EHN1,XBPF.X0220716.S,759.183696,5300.196548,2447.667054,716.126932,0.152000,0.000000000,20.3647140,-0.199945000,0.003000000,0.000000,16-SEP-2026,,Magnétique,845229,,57702918,XBPF.X0220716,SPXBPF_L01,"""\\eosproject-smb\eos\project\g\geodetic-metrology\Accelerators_Beamlines\Theo_Beamline\51150 NORTH_AREAS\2026 - Test Xsuite\Test 1 - Gianni\h4_survey_comp_vbend_output.tfs""",,
H4TEST2,EHN1,XBTF.X0220716.E,759.189735,5300.214778,2447.661121,716.146932,,0.000000000,20.3647140,-0.199945000,0.019910262,0.000000,16-SEP-2026,,Magnétique,845178,,58281976,XBTF.X0220716,SPXBTF_,"""\\eosproject-smb\eos\project\g\geodetic-metrology\Accelerators_Beamlines\Theo_Beamline\51150 NORTH_AREAS\2026 - Test Xsuite\Test 1 - Gianni\h4_survey_comp_vbend_output.tfs""",,
H4TEST2,EHN1,XBTF.X0220716.S,759.236581,5300.356192,2447.630932,716.298932,0.152000,0.000000000,20.3647140,-0.199945000,0.019910262,0.000000,16-SEP-2026,,Magnétique,844949,,58281976,XBTF.X0220716,SPXBTF_,"""\\eosproject-smb\eos\project\g\geodetic-metrology\Accelerators_Beamlines\Theo_Beamline\51150 NORTH_AREAS\2026 - Test Xsuite\Test 1 - Gianni\h4_survey_comp_vbend_output.tfs""",,
H4TEST2,EHN1,EXP.X0220717.E,759.528496,5301.237406,2447.442808,717.246108,,0.000000000,20.3647140,-0.199945000,0.019910262,0.000000,16-SEP-2026,,Magnétique,845075,,62387127,EXP.X0220717,SPSX_EXP,"""\\eosproject-smb\eos\project\g\geodetic-metrology\Accelerators_Beamlines\Theo_Beamline\51150 NORTH_AREAS\2026 - Test Xsuite\Test 1 - Gianni\h4_survey_comp_vbend_output.tfs""",,
H4TEST2,EHN1,EXP.X0220717.S,759.528496,5301.237406,2447.442808,717.246109,0.000001,0.000000000,20.3647140,-0.199945000,0.019910262,0.000000,16-SEP-2026,,Magnétique,845067,,62387127,EXP.X0220717,SPSX_EXP,"""\\eosproject-smb\eos\project\g\geodetic-metrology\Accelerators_Beamlines\Theo_Beamline\51150 NORTH_AREAS\2026 - Test Xsuite\Test 1 - Gianni\h4_survey_comp_vbend_output.tfs""",,
H4TEST2,EHN1,EXP.X0220724.E,761.584777,5307.444759,2446.117647,723.918108,,0.000000000,20.3647140,-0.199945000,0.019910262,0.000000,16-SEP-2026,,Magnétique,845183,,62387172,EXP.X0220724,SPSX_EXP,"""\\eosproject-smb\eos\project\g\geodetic-metrology\Accelerators_Beamlines\Theo_Beamline\51150 NORTH_AREAS\2026 - Test Xsuite\Test 1 - Gianni\h4_survey_comp_vbend_output.tfs""",,
H4TEST2,EHN1,EXP.X0220724.S,761.584777,5307.444759,2446.117647,723.918109,0.000001,0.000000000,20.3647140,-0.199945000,0.019910262,0.000000,16-SEP-2026,,Magnétique,845142,,62387172,EXP.X0220724,SPSX_EXP,"""\\eosproject-smb\eos\project\g\geodetic-metrology\Accelerators_Beamlines\Theo_Beamline\51150 NORTH_AREAS\2026 - Test Xsuite\Test 1 - Gianni\h4_survey_comp_vbend_output.tfs""",,
H4TEST2,EHN1,EXP.X0220730.E,763.658263,5313.704051,2444.781398,730.645933,,0.000000000,20.3647140,-0.199945000,0.019910262,0.000000,16-SEP-2026,,Magnétique,845047,,62387213,EXP.X0220730,SPSX_EXP,"""\\eosproject-smb\eos\project\g\geodetic-metrology\Accelerators_Beamlines\Theo_Beamline\51150 NORTH_AREAS\2026 - Test Xsuite\Test 1 - Gianni\h4_survey_comp_vbend_output.tfs""",,
H4TEST2,EHN1,EXP.X0220730.S,763.658263,5313.704051,2444.781398,730.645934,0.000001,0.000000000,20.3647140,-0.199945000,0.019910262,0.000000,16-SEP-2026,,Magnétique,844921,,62387213,EXP.X0220730,SPSX_EXP,"""\\eosproject-smb\eos\project\g\geodetic-metrology\Accelerators_Beamlines\Theo_Beamline\51150 NORTH_AREAS\2026 - Test Xsuite\Test 1 - Gianni\h4_survey_comp_vbend_output.tfs""",,
