{"t_test": [0.0, 6.0606060606060605e-05, 0.00012121212121212121, 0.0001818181818181818, 0.00024242424242424242, 0.00030303030303030303, 0.0003636363636363636, 0.00042424242424242425, 0.00048484848484848484, 0.0005454545454545455, 0.0006060606060606061, 0.0006666666666666666, 0.0007272727272727272, 0.0007878787878787878, 0.0008484848484848485, 0.0009090909090909091, 0.0009696969696969697, 0.0010303030303030303, 0.001090909090909091, 0.0011515151515151514, 0.0012121212121212121, 0.0012727272727272726, 0.0013333333333333333, 0.001393939393939394, 0.0014545454545454545, 0.0015151515151515152, 0.0015757575757575756, 0.0016363636363636363, 0.001696969696969697, 0.0017575757575757575, 0.0018181818181818182, 0.0018787878787878787, 0.0019393939393939393, 0.002, 0.0020606060606060605, 0.002121212121212121, 0.002181818181818182, 0.0022424242424242424, 0.002303030303030303, 0.0023636363636363638, 0.0024242424242424242, 0.0024848484848484847, 0.002545454545454545, 0.002606060606060606, 0.0026666666666666666, 0.002727272727272727, 0.002787878787878788, 0.0028484848484848484, 0.002909090909090909, 0.00296969696969697, 0.0030303030303030303, 0.0030909090909090908, 0.0031515151515151513, 0.003212121212121212, 0.0032727272727272726, 0.003333333333333333, 0.003393939393939394, 0.0034545454545454545, 0.003515151515151515, 0.003575757575757576, 0.0036363636363636364, 0.003696969696969697, 0.0037575757575757573, 0.0038181818181818182, 0.0038787878787878787, 0.00393939393939394, 0.004, 0.0040606060606060606, 0.004121212121212121, 0.0041818181818181815, 0.004242424242424242, 0.004303030303030303, 0.004363636363636364, 0.004424242424242424, 0.004484848484848485, 0.004545454545454545, 0.004606060606060606, 0.004666666666666666, 0.0047272727272727275, 0.004787878787878788, 0.0048484848484848485, 0.004909090909090909, 0.004969696969696969, 0.00503030303030303, 0.00509090909090909, 0.005151515151515152, 0.005212121212121212, 0.005272727272727273, 0.005333333333333333, 0.005393939393939394, 0.005454545454545454, 0.0055151515151515155, 0.005575757575757576, 0.005636363636363636, 0.005696969696969697, 0.005757575757575757, 0.005818181818181818, 0.005878787878787878, 0.00593939393939394, 0.006], "qx_ptc": [4.400115843822654, 4.399864927793402, 4.399614951349052, 4.399366642482133, 4.399120879963127, 4.398877960306554, 4.398639665498286, 4.398405752143715, 4.398177337689426, 4.3979557406888565, 4.39774032980216, 4.3975338910600845, 4.397335476180002, 4.397146182993155, 4.397143129176128, 4.397185690305157, 4.397228316988908, 4.397271022864647, 4.3973138080364205, 4.397356635782768, 4.397399530632026, 4.397442513160785, 4.3974855465220415, 4.397528633443221, 4.397571811032271, 4.397615050550643, 4.397658335493425, 4.397701686537795, 4.397745103745927, 4.397788613496978, 4.397832182686993, 4.397875798849706, 4.397919499532842, 4.397963276530721, 4.398007092281782, 4.398050984473208, 4.398094961627119, 4.398138986054289, 4.398183068980635, 4.398227218889689, 4.398271447134898, 4.398315759498171, 4.398360118006072, 4.3984045396322475, 4.398449054207603, 4.398493623629662, 4.39853824509656, 4.398582957069495, 4.39862773837142, 4.398672563414531, 4.398717456503142, 4.398762417745775, 4.398807471634957, 4.398852592538814, 4.39889775898647, 4.398943009890766, 4.398988342556429, 4.399033718143635, 4.39907916705099, 4.399124706817394, 4.399170298470592, 4.399215947875403, 4.399261666758566, 4.399307464002693, 4.399353351466973, 4.399399295588919, 4.39944530259928, 4.399491382729867, 4.3995375331969795, 4.399583754144579, 4.399647172531999, 4.399712195586572, 4.399766425494848, 4.39981340772521, 4.3998529277976495, 4.399885288068268, 4.399912622536845, 4.399934071024105, 4.399951713286797, 4.399965993521877, 4.399977365130711, 4.399987180827879, 4.399995794486228, 4.399999999999997, 4.4, 4.400000000000001, 4.400000000000001, 4.400000000000001, 4.400000000000001, 4.400000000000001, 4.400000000000001, 4.400000000000001, 4.400000000000001, 4.400000000000001, 4.400000000000001, 4.400000000000001, 4.400000000000001, 4.400000000000001, 4.400000000000001, 4.400000000000001], "qy_ptc": [4.470608108477389, 4.470840227794614, 4.471038918828156, 4.471173461378038, 4.471238055708818, 4.471266712726877, 4.471200025660344, 4.471092721616354, 4.4709259236984265, 4.4706866201377755, 4.470415592410392, 4.470063403048163, 4.469674525266152, 4.469242152112729, 4.468594202231655, 4.467912756064723, 4.467253984591704, 4.46661641235526, 4.465998919113905, 4.465401005844722, 4.4648213944403015, 4.4642589895518885, 4.46371352185541, 4.463184252121293, 4.462670102944381, 4.462170851944327, 4.461686147421418, 4.461215260284772, 4.460757740674478, 4.460312907467987, 4.459880722718794, 4.4594609404457515, 4.459052865939623, 4.458656277647441, 4.45827121924315, 4.457897082152757, 4.457533552040067, 4.4571807033176265, 4.456838213771094, 4.456505806406932, 4.456183204334198, 4.4558701913627115, 4.45556686129798, 4.4552729266961455, 4.454988043701266, 4.454712315623674, 4.454445614383557, 4.454187583609161, 4.453938231446777, 4.453697578823407, 4.453465379825161, 4.4532415317556735, 4.453025823192634, 4.452818292233919, 4.452618944750584, 4.4524275258239125, 4.4522439781526675, 4.452068383294145, 4.451900549815511, 4.451740355805903, 4.451587879284121, 4.451443036585292, 4.451305734517127, 4.4511758989769525, 4.451053457236236, 4.450938457318448, 4.450830838283262, 4.450730537802413, 4.450637528129714, 4.4505517772063605, 4.450457764844772, 4.450367978168906, 4.450295685679528, 4.450234585427168, 4.450184491011264, 4.450144370110084, 4.4501109450159895, 4.450084871911012, 4.450063307376853, 4.450045527389484, 4.45003081409236, 4.450017709381581, 4.450005807248303, 4.449999999999995, 4.449999999999991, 4.449999999999995, 4.449999999999995, 4.449999999999995, 4.449999999999995, 4.449999999999995, 4.449999999999995, 4.449999999999995, 4.449999999999995, 4.449999999999995, 4.449999999999995, 4.449999999999995, 4.449999999999995, 4.449999999999995, 4.449999999999995, 4.449999999999995],