{"t_test": [0.0, 0.0006666666666666666, 0.0013333333333333333, 0.002, 0.0026666666666666666, 0.003333333333333333, 0.004, 0.004666666666666666, 0.005333333333333333, 0.006], "qx_ptc": [4.400115843822654, 4.3975338910600845, 4.3974855465220415, 4.397963276530721, 4.398449054207603, 4.398943009890766, 4.39944530259928, 4.399934071024105, 4.400000000000001, 4.400000000000001], "qy_ptc": [4.470608108477389, 4.470063403048163, 4.46371352185541, 4.458656277647441, 4.454988043701266, 4.4524275258239125, 4.450830838283262, 4.450084871911012, 4.449999999999995, 4.449999999999995], "dqx_ptc": [-3.5595663304324248, -3.5559337879707593, -3.5554655527425156, -3.5555209301970434, -3.5556632056217943, -3.555894827561703, -3.5562183427988563, -3.5578911259511785, -3.559210667286006, -3.559210667286006], "dqy_ptc": [-8.522610044250849, -8.441518683299147, -7.8701719620664905, -7.644908689393118, -7.564605025872461, -7.53976833229214, -7.535093857651056, -7.5320746477649285, -7.529903886818669, -7.529903886818669], "bety_at_scraper_ptc": [9.783507815810498, 9.581529229917988, 7.957945265926816, 7.030646204822362, 6.490596078265873, 6.163534950388345, 5.976437176007619, 5.912288587639149, 5.917156321284649, 5.917156321284649]}