{"t_test": [0.0, 6.0606060606060605e-05, 0.00012121212121212121, 0.0001818181818181818, 0.00024242424242424242, 0.00030303030303030303, 0.0003636363636363636, 0.00042424242424242425, 0.00048484848484848484, 0.0005454545454545455, 0.0006060606060606061, 0.0006666666666666666, 0.0007272727272727272, 0.0007878787878787878, 0.0008484848484848485, 0.0009090909090909091, 0.0009696969696969697, 0.0010303030303030303, 0.001090909090909091, 0.0011515151515151514, 0.0012121212121212121, 0.0012727272727272726, 0.0013333333333333333, 0.001393939393939394, 0.0014545454545454545, 0.0015151515151515152, 0.0015757575757575756, 0.0016363636363636363, 0.001696969696969697, 0.0017575757575757575, 0.0018181818181818182, 0.0018787878787878787, 0.0019393939393939393, 0.002, 0.0020606060606060605, 0.002121212121212121, 0.002181818181818182, 0.0022424242424242424, 0.002303030303030303, 0.0023636363636363638, 0.0024242424242424242, 0.0024848484848484847, 0.002545454545454545, 0.002606060606060606, 0.0026666666666666666, 0.002727272727272727, 0.002787878787878788, 0.0028484848484848484, 0.002909090909090909, 0.00296969696969697, 0.0030303030303030303, 0.0030909090909090908, 0.0031515151515151513, 0.003212121212121212, 0.0032727272727272726, 0.003333333333333333, 0.003393939393939394, 0.0034545454545454545, 0.003515151515151515, 0.003575757575757576, 0.0036363636363636364, 0.003696969696969697, 0.0037575757575757573, 0.0038181818181818182, 0.0038787878787878787, 0.00393939393939394, 0.004, 0.0040606060606060606, 0.004121212121212121, 0.0041818181818181815, 0.004242424242424242, 0.004303030303030303, 0.004363636363636364, 0.004424242424242424, 0.004484848484848485, 0.004545454545454545, 0.004606060606060606, 0.004666666666666666, 0.0047272727272727275, 0.004787878787878788, 0.0048484848484848485, 0.004909090909090909, 0.004969696969696969, 0.00503030303030303, 0.00509090909090909, 0.005151515151515152, 0.005212121212121212, 0.005272727272727273, 0.005333333333333333, 0.005393939393939394, 0.005454545454545454, 0.0055151515151515155, 0.005575757575757576, 0.005636363636363636, 0.005696969696969697, 0.005757575757575757, 0.005818181818181818, 0.005878787878787878, 0.00593939393939394, 0.006], "qx_ptc": [4.400115843822655, 4.399864927793401, 4.399614951349048, 4.3993666424821365, 4.399120879963124, 4.3988779603065495, 4.398639665498292, 4.398405752143716, 4.398177337689426, 4.3979557406888565, 4.3977403298021605, 4.397533891060086, 4.397335476180002, 4.397146182993153, 4.397143129176131, 4.397185690305164, 4.397228316988907, 4.3972710228646505, 4.397313808036425, 4.3973566357827645, 4.397399530632031, 4.397442513160788, 4.397485546522042, 4.397528633443223, 4.397571811032274, 4.397615050550646, 4.397658335493424, 4.397701686537797, 4.3977451037459305, 4.397788613496978, 4.397832182686993, 4.397875798849705, 4.397919499532845, 4.397963276530717, 4.398007092281782, 4.398050984473206, 4.398094961627118, 4.3981389860542945, 4.398183068980635, 4.3982272188896925, 4.3982714471348965, 4.39831575949817, 4.3983601180060745, 4.398404539632252, 4.398449054207599, 4.3984936236296654, 4.398538245096561, 4.398582957069497, 4.398627738371422, 4.398672563414534, 4.398717456503147, 4.398762417745778, 4.398807471634965, 4.398852592538814, 4.398897758986469, 4.398943009890767, 4.398988342556425, 4.399033718143645, 4.399079167050985, 4.399124706817398, 4.399170298470587, 4.399215947875404, 4.399261666758571, 4.399307464002693, 4.3993533514669725, 4.399399295588916, 4.399445302599274, 4.399491382729862, 4.399537533196975, 4.3995837541445795, 4.399647172532003, 4.3997121955865675, 4.39976642549485, 4.399813407725207, 4.399852927797651, 4.3998852880682655, 4.399912622536843, 4.399934071024105, 4.3999517132868, 4.399965993521873, 4.3999773651307095, 4.399987180827878, 4.3999957944862285, 4.4, 4.4, 4.4, 4.4, 4.4, 4.4, 4.4, 4.4, 4.4, 4.4, 4.4, 4.4, 4.4, 4.4, 4.4, 4.4, 4.4], "qy_ptc": [4.4706081084773865, 4.470840227794617, 4.471038918828155, 4.47117346137804, 4.471238055708821, 4.471266712726878, 4.47120002566034, 4.471092721616356, 4.470925923698427, 4.4706866201377755, 4.470415592410391, 4.470063403048162, 4.469674525266152, 4.469242152112729, 4.468594202231653, 4.467912756064726, 4.467253984591706, 4.466616412355265, 4.465998919113902, 4.465401005844725, 4.464821394440302, 4.4642589895518885, 4.463713521855408, 4.463184252121292, 4.462670102944376, 4.462170851944327, 4.461686147421419, 4.461215260284774, 4.460757740674477, 4.460312907467991, 4.459880722718795, 4.4594609404457515, 4.459052865939619, 4.458656277647444, 4.4582712192431435, 4.457897082152749, 4.457533552040058, 4.457180703317632, 4.456838213771091, 4.456505806406931, 4.456183204334197, 4.455870191362709, 4.455566861297976, 4.455272926696144, 4.454988043701262, 4.454712315623671, 4.4544456143835625, 4.454187583609161, 4.453938231446778, 4.453697578823411, 4.453465379825165, 4.453241531755671, 4.453025823192633, 4.452818292233919, 4.452618944750584, 4.452427525823912, 4.452243978152675, 4.452068383294145, 4.451900549815508, 4.451740355805897, 4.451587879284121, 4.451443036585294, 4.451305734517125, 4.451175898976951, 4.451053457236237, 4.450938457318447, 4.450830838283259, 4.450730537802414, 4.450637528129713, 4.450551777206367, 4.450457764844767, 4.450367978168908, 4.450295685679526, 4.45023458542717, 4.450184491011267, 4.45014437011009, 4.450110945015991, 4.450084871911011, 4.450063307376858, 4.4500455273894834, 4.450030814092365, 4.450017709381587, 4.4500058072482975, 4.449999999999992, 4.449999999999992, 4.449999999999992, 4.449999999999992, 4.449999999999992, 4.449999999999992, 4.449999999999992, 4.449999999999992, 4.449999999999992, 4.449999999999992, 4.449999999999992, 4.449999999999992, 4.449999999999992, 4.449999999999992, 4.449999999999992, 4.449999999999992, 4.449999999999992], "dqx_ptc": [-3.559566330432631, -3.5591269920060893, -3.558710383387257, -3.5583163640959623, -3.557944889606125, -3.5575957721366107, -3.5572685795239734, -3.5569626457968604, -3.556677186556294, -3.556411307747209, -3.5561639123257702, -3.5559337879706354, -3.5557197198099764, -3.555520397179872, -3.5554785065247807, -3.5554744737059303, -3.5554711269523147, -3.5554684672447876, -3.555466496964975, -3.5554652193029557, -3.5554646347316137, -3.5554647452731554, -3.5554655527423153, -3.5554670582724706, -3.5554692652110718, -3.5554721743442332, -3.555475785720933, -3.55548010232832, -3.555485125938237, -3.5554908620091323, -3.555497308420601, -3.555504464470737, -3.555512338069465, -3.5555209301970687, -3.5555302348350923, -3.5555402613440057, -3.555551014142395, -3.55556248578346, -3.5555746803234434, -3.555587601714826, -3.555601255363161, -3.5556156455478716, -3.5556307616566243, -3.5556466106876363, -3.555663205621863, -3.5556805343930495, -3.5556985970671064, -3.5557174112226955, -3.555736970372131, -3.555757264639918, -3.5557783062985995, -3.555800097251427, -3.5558226518081733, -3.5558459595471814, -3.555870010659037, -3.555894827561667, -3.5559204113368024, -3.5559467416310437, -3.5559738374461363, -3.5560017117423097, -3.556030342655499, -3.5560597350669116, -3.556089898142666, -3.556120839846709, -3.556152570785974, -3.556185069826971, -3.5562183427987843, -3.556252398911254, -3.5562872380914348, -3.5563228623662453, -3.5564693463732313, -3.556665436369375, -3.556861267697814, -3.557059811649134, -3.5572611846766886, -3.5574659764773875, -3.55767605076618, -3.55789112595136, -3.558112957908531, -3.5583420953366405, -3.5585790315700274, -3.5588247631775856, -3.559079616065079, -3.559210667286002, -3.559210667286002, -3.559210667286002, -3.559210667286002, -3.559210667286002, -3.559210667286002, -3.559210667286002, -3.559210667286002, -3.559210667286002, -3.559210667286002, -3.559210667286002, -3.559210667286002, -3.559210667286002, -3.559210667286002, -3.559210667286002, -3.559210667286002, -3.559210667286002],