point,name,new_minus_old_x_mm,new_minus_old_y_mm,new_minus_old_z_mm,new_minus_old_norm_mm,old_minus_nominal_x_mm,old_minus_nominal_y_mm,old_minus_nominal_z_mm,old_minus_nominal_norm_mm,old_minus_nominal_legacy_seed_x_mm,old_minus_nominal_legacy_seed_y_mm,old_minus_nominal_legacy_seed_z_mm,old_minus_nominal_legacy_seed_norm_mm,new_minus_aligned_x_mm,new_minus_aligned_y_mm,new_minus_aligned_z_mm,new_minus_aligned_norm_mm,new_minus_tfs_x_mm,new_minus_tfs_y_mm,new_minus_tfs_z_mm,new_minus_tfs_norm_mm
TBACA.X0200000.E,TBACA.X0200000,0.0,0.0,0.0,0.0,0.0,0.0,0.0,0.0,0.0,0.0,0.0,0.0,0.0,0.0,0.0,0.0,0.0,0.0,0.0,0.0
TBACA.X0200000.S,TBACA.X0200000,0.0,0.0,0.0,0.0,0.0,0.0,0.0,0.0,0.0,0.0,0.0,0.0,0.0,0.0,0.0,0.0,0.0,0.0,0.0,0.0
TBID.230950.E,TBID.230950,0.0,0.0,0.0,0.0,-0.00029675049972865963,-0.00047241792344721034,0.0004999969860364217,0.0007491572194999453,-0.0003185924697390874,-0.00046986133384052664,0.0004999969860364217,0.0007564838536666569,-0.00029675049972865963,-0.00047241792344721034,0.0004999969860364217,0.0007491572194999453,-0.00029699992865062086,-0.0004719995558843948,0.0005000001692678779,0.0007489944643596816
TBID.230950.S,TBID.230950,0.0,0.0,0.0,0.0,6.27132976660505e-05,-0.0003812883733189665,-5.4569682106375694e-09,0.0003864114146374984,2.5269969228247646e-05,-0.00037690460885642096,-5.4569682106375694e-09,0.00037775078497838594,6.27132976660505e-05,-0.0003812883733189665,-5.4569682106375694e-09,0.0003864114146374984,6.300001587078441e-05,-0.00038100006349850446,0.0,0.00038617360135771
TCMAA.X0200001.E,TCMAA.X0200001,0.0,0.0,0.0,0.0,-0.0002653939645824721,-0.00016306239558616653,0.0004999942575523164,0.0005890819627831038,-0.00030595754196838243,-0.00015831392374821007,0.0004999942575523164,0.0006071800173961431,-0.0002653939645824721,-0.00016306239558616653,0.0004999942575523164,0.0005890819627831038,-0.0002650000396897667,-0.0001629996404517442,0.0005000001692678779,0.0005888922423422493
TCMAA.X0200001.S,TCMAA.X0200001,0.0,0.0,0.0,0.0,0.00010974827091558836,-0.0004172543413005769,0.0004999906195735093,0.0006604063052126634,4.422247457114281e-05,-0.0004095827534911223,0.0004999906195735093,0.0006478458758656001,0.00010974827091558836,-0.0004172543413005769,0.0004999906195735093,0.0006604063052126634,0.00010999997357430402,-0.0004169996827840805,0.0005000001692678779,0.000660294554646847
XVW.X0200001.E,XVW.X0200001,0.0,0.0,0.0,0.0,-0.00024760856831562705,0.00022846325009595603,0.00029599004847113974,0.00044845910464798186,-0.0003163046358167776,0.00023650591174373403,0.00029599004847113974,0.0004935522036450318,-0.00024760856831562705,0.00022846325009595603,0.00029599004847113974,0.00044845910464798186,-0.0002479999920979026,0.0002280003172927536,0.00029600005291285925,0.00044844639823569943
XVW.X0200001.S,XVW.X0200001,0.0,0.0,0.0,0.0,0.0004950788934365846,-0.0004146641003899276,0.0003699901753861923,0.0007442729047606707,0.0004263703203832847,-0.0004066196197527461,0.0003699901753861923,0.0006957182584594988,0.0004950788934365846,-0.0004146641003899276,0.0003699901753861923,0.0007442729047606707,0.0004949999947712058,-0.00041499970393488184,0.0003700001798279118,0.0007444124408969939
MBSA.X0200003.E,MBSA.X0200003,0.0,0.0,0.0,0.0,0.00011142992661916651,0.00034485856303945184,0.0004499875103647355,0.0005777826724056731,2.4998257686092984e-05,0.00035497760109137744,0.0004499875103647355,0.0005736922255427403,0.00011142992661916651,0.00034485856303945184,0.0004499875103647355,0.0005777826724056731,0.00011100007668574108,0.00034499953471822664,0.00044999978854320943,0.000577793653192008
MBSA.X0200003.S,MBSA.X0200003,0.0,0.0,0.0,0.0,0.0001752813432176481,-6.997106538619846e-05,0.00044995567805017345,0.00048793402369690716,-0.00014829151950834785,-3.208697307854891e-05,0.00044995567805017345,0.00047484740792072305,0.0001752813432176481,-6.997106538619846e-05,0.00044995567805017345,0.00048793402369690716,0.0001749999682942871,-7.00001692166552e-05,0.0004500002432905603,0.0004878782958432618
MBSA.X0200007.E,MBSA.X0200007,0.0,0.0,0.0,0.0,0.00013497287909558509,1.4450961316470057e-05,-0.00025005192583194,0.0002845214824693973,-0.00024414100607828004,5.8837940741796046e-05,-0.00025005192583194,0.0003543906033346707,0.00013497287909558509,1.4450961316470057e-05,-0.00025005192583194,0.0002845214824693973,0.00013499993656296283,1.4000761439092457e-05,-0.00025000008463393897,0.00028446624845463657
MBSA.X0200007.S,MBSA.X0200007,0.0,0.0,0.0,0.0,0.0001988244093809044,-0.00040037866710918024,-0.0002500837581465021,0.0005122266187250203,-0.00041743066958588315,-0.00032822754292283207,-0.0002500837581465021,0.00058696130190393,0.0001988244093809044,-0.00040037866710918024,-0.0002500837581465021,0.0005122266187250203,0.0001990000555451843,-0.00039999940781854093,-0.00025000008463393897,0.0005119576063300032
XVW.X0200021.E,XVW.X0200021,-0.0010000001111620804,0.0010000003385357559,0.0,0.0014142138803574938,0.0009558669944453868,-0.000621977960690856,0.0002158190000045579,0.0011606533226671005,-0.00038066082197474316,-0.00046549666876671836,0.0002158190000045579,0.0006388799971687691,-4.413311671669362e-05,0.0003780223778448999,0.0002158190000045579,0.0004375231318520301,-4.400010311655933e-05,0.00037799964047735557,0.0002159999894502107,0.00043757940161503155
XVW.X0200021.S,XVW.X0200021,-0.0019999999949504854,0.0,0.0,0.0019999999949504854,0.0016985544561975985,-0.00026510497264098376,0.0002898191269196104,0.0017433768994443346,0.00036201413422531914,-0.00010862186172744259,0.0002898191269196104,0.00047628570055428733,-0.00030144553875288693,-0.00026510497264098376,0.0002898191269196104,0.000495121384795123,-0.0003010000000358559,-0.0002650003807502799,0.00029000011636526324,0.0004949002619834068
XTAX.X0220023.E,XTAX.X0220023,-0.0009999999974752427,0.0,0.0,0.0009999999974752427,0.001417056978425535,-5.7579200074542314e-05,-5.61853994440753e-05,0.0014193388050414255,4.717969659395749e-05,0.00010280655260430649,-5.61853994440753e-05,0.00012630087149252068,0.0004170569809502922,-5.7579200074542314e-05,-5.61853994440753e-05,0.00042474543994172186,0.00041700002384459367,-5.800029612146318e-05,-5.600031727226451e-05,0.00042472236787242956
XTAX.X0220023.S,XTAX.X0220023,-0.0019999999949504854,0.0,0.0,0.0019999999949504854,0.0016191937675102963,-0.0003088816811214201,0.0004938010533805937,0.0017207660590552007,0.00014853139873594046,-0.00013669523468706757,0.0004938010533805937,0.000533466628681112,-0.0003808062274401891,-0.0003088816811214201,0.0004938010533805937,0.0006958884652797513,-0.00038100006349850446,-0.0003089999154326506,0.0004940002327202819,0.0006961883552968566
XTAX.X0220025.E,XTAX.X0220025,-0.0019999999949504854,0.0010000003385357559,0.0,0.00223606812438118,0.001887950929813087,-0.0006215914254426025,-0.00010619896784191951,0.00199048055361929,0.00041604050693422323,-0.00044925945985596627,-0.00010619896784191951,0.0006214515157684057,-0.00011204906513739843,0.0003784089130931534,-0.00010619896784191951,0.000408688780464054,-0.00011199995242350269,0.00037800054997205734,-0.00010599978850223124,0.000408245465724437
XTAX.X0220025.S,XTAX.X0220025,-0.0019999999949504854,0.0,0.0,0.0019999999949504854,0.002090087832584686,0.0001271055225515738,0.00044378703023539856,0.0021404602051864484,0.0005173923227630439,0.000311237272399012,0.00044378703023539856,0.0007493399652959056,9.00878376342007e-05,0.0001271055225515738,0.00044378703023539856,0.0004703387721184267,9.000007139547961e-05,0.00012700002116616815,0.0004439998519956134,0.000470494300496324
XCIO.X0220026.E,XCIO.X0220026,-0.0019999999949504854,0.0,0.0,0.0019999999949504854,0.0021418014739538194,-0.000186792021850124,-0.0002502133611415047,0.002164442547020211,0.0005645005103360745,-2.1209416445344687e-06,-0.0002502133611415047,0.0006174723076032456,0.00014180147900333395,-0.000186792021850124,-0.0002502133611415047,0.0003429367944215366,0.0001419999762219959,-0.00018699938664212823,-0.00025000008463393897,0.0003429763930193392
XCIO.X0220026.S,XCIO.X0220026,-0.0009999999974752427,0.0,0.0,0.0009999999974752427,0.0014855871768304496,0.0002496599336154759,-0.0002502138158888556,0.0015270580526219727,-9.795439837034792e-05,0.00043506224756129086,-0.0002502138158888556,0.0005113523023071675,0.0004855871793552069,0.0002496599336154759,-0.0002502138158888556,0.0006006096443353969,0.0004860000899498118,0.00025000008463393897,-0.0002499996298865881,0.0006009957942378905
XVW.X0220025.E,XVW.X0220025,-0.0019999999949504854,0.0,0.0,0.0019999999949504854,0.0016733757775000413,-0.00010586518328636885,-0.0002187148311350029,0.001690925813604647,8.578103916079272e-05,8.001188689377159e-05,-0.0002187148311350029,0.0002481863535374578,-0.0003266242174504441,-0.00010586518328636885,-0.0002187148311350029,0.0004070958042227705,-0.0003270000661359518,-0.00010599978850223124,-0.0002190004124713596,0.00040758579351844466
XVW.X0220025.S,XVW.X0220025,-0.0019999999949504854,0.0,0.0,0.0019999999949504854,0.002044719622062985,-0.0004274288585293107,-0.00018171476767747663,0.002096805670238695,0.0004571186309476616,-0.00024155178834917024,-0.00018171476767747663,0.000548019129233849,4.471962711249944e-05,-0.0004274288585293107,-0.00018171476767747663,0.0004665999688650116,4.5000092541158665e-05,-0.00042699957703007385,-0.00018200034901383333,0.00046634512343728005
MSN.X0220027.E,MSN.X0220027,-0.0019999999949504854,0.0,0.0,0.0019999999949504854,0.001949791339939111,-0.00036249184631742537,-0.00010021631169365719,0.0019857315823337378,0.00034784011404553894,-0.00017493402992840856,-0.00010021631169365719,0.0004020422476502776,-5.02086550113745e-05,-0.00036249184631742537,-0.00010021631169365719,0.00037942661584837114,-5.000003966415534e-05,-0.0003619998096837662,-9.999985195463523e-05,0.00037887179436908345
MSN.X0220027.S,MSN.X0220027,-0.0019999999949504854,0.0010000003385357559,0.0,0.00223606812438118,0.0016683537751305266,-0.0005589936336036772,-0.00010153826224268414,0.0017624381464610285,-0.0001332605279458221,-0.0003477598511381075,-0.00010153826224268414,0.00038601204783175096,-0.0003316462198199588,0.0004410067049320787,-0.00010153826224268414,0.0005610580608236389,-0.00033200001325894846,0.0004410003384691663,-0.00010200028555118479,0.0005613460301689007
MSN.X0220031.E,MSN.X0220031,-0.0019999999949504854,0.000999999429041054,0.0,0.002236067717642821,0.0022771680505684344,-0.0005347474143491127,-0.0003523109626257792,0.0023654961724908813,0.0004459215006136219,-0.0003199556886102073,-0.0003523109626257792,0.000652181448501749,0.000277168055617949,0.00046525201469194144,-0.0003523109626257792,0.0006460685587584712,0.0002769999127849587,0.00046499917516484857,-0.00035199991543777287,0.0006456447359462196
MSN.X0220031.S,MSN.X0220031,-0.0019999999949504854,0.0,0.0,0.0019999999949504854,0.0020120630779274506,6.834852683823556e-06,-0.00036502297007245943,0.0020449171898760635,-1.8770947463053744e-05,0.00024593191483290866,-0.00036502297007245943,0.000440541285105677,1.2063082976965234e-05,6.834852683823556e-06,-0.00036502297007245943,0.00036528619172183105,1.1999986782029737e-05,7.000380719546229e-06,-0.0003649997779575642,0.0003652640728597033
QNL.X0220034.E,QNL.X0220034,-1.4909999999872525,0.18399999953544466,0.0,1.5023105537108599,0.0022761437321605626,-0.0006548898454639129,-0.0003686991476570256,0.0023970085649885732,0.00021413063677755417,-0.000411942892242223,-0.0003686991476570256,0.0005928641813760262,-2.876720373024e-05,-0.00046710920287296176,-0.0003652025952760596,0.0005936257196377531,-2.8999920687056147e-05,-0.000467000063508749,-0.0003650002327049151,0.000593426680047058
QNL.X0220034.S,QNL.X0220034,1.4859999999998763,-0.18499999987398041,0.0,1.4974715356069395,0.0022749077288608532,4.445610102266073e-06,-9.067844075616449e-05,0.0022767185855739826,2.6443217393534724e-05,0.00027041369321523234,-9.067844075616449e-05,0.0002864356626581138,-0.00023575432805955643,0.00031033869163366035,-9.473205864196643e-05,0.0004010790067533454,-0.00023600000531587284,0.00030999945010989904,-9.499990483163856e-05,0.00040102449238862227
QNL.X0220041.E,QNL.X0220041,-0.002999999992425728,0.0010000003385357559,0.0,0.0031622777600372166,0.0026077642587551964,-0.0007954058673931286,0.00038102007238194346,0.0027528678171467647,0.00011922031717404025,-0.0004997946234652773,0.00038102007238194346,0.0006396752654510086,-0.00039223573367053177,0.0002045944711426273,0.00038102007238194346,0.0005838527759188382,-0.00039200006085593486,0.00020500010577961802,0.00038100006349850446,0.0005838237229391895
QNL.X0220041.S,QNL.X0220041,-0.002999999992425728,0.0,0.0,0.002999999992425728,0.002606528255455487,-0.0001360695023322478,-0.0003409595592529513,0.0026322533838896924,-6.84671022099792e-05,0.00018256287148687989,-0.0003409595592529513,0.0003927726660251876,-0.0003934717369702412,-0.0001360695023322478,-0.0003409595592529513,0.0005381341266871031,-0.0003930000502805342,-0.00013599947124021128,-0.0003410000317671802,0.0005377972827779417
QNL.X0220049.E,QNL.X0220049,-2.9810000000907166,0.367999999980384,0.0,3.00362863891767,0.003373952495167032,-0.00086473210103577,-0.0004730836735689081,0.0035149858048650826,0.0004264513790985802,-0.0005124529707245529,-0.0004730836735689081,0.0008174821026401456,-0.00023586960651300615,-0.0004891708158538677,-0.0004660905688069761,0.0007156556271633372,-0.00023600000531587284,-0.0004889998308499344,-0.0004659996193367988,0.0007155225239658063
QNL.X0220049.S,QNL.X0220049,2.972999999997228,-0.3729999998540734,0.0,2.9963073940893743,0.0033727164918673225,-0.00020539664546959102,-0.0001950634214153979,0.0033845906775943025,0.00023876395971456077,0.00016990452422760427,-0.0001950634214153979,0.0003520305585966452,-0.0002797529532472254,0.00039374390325974673,-0.00020428387870197184,0.0005244310052831421,-0.00027999999474559445,0.0003939994712709449,-0.0002040001163550187,0.0005246442870099496
MBNV.X0220053.E,MBNV.X0220053,-0.0009999999974752427,0.017999999727180693,-5.999999999858119,6.000027083129509,0.0035631762784760213,-3.3526703191455454e-05,0.0003008931344083976,0.003576015367648079,0.0003949267011194024,0.0003460090738371946,0.0003008931344083976,0.0006051661398069434,0.0003078386043853243,-0.00018537502910476178,0.0002730121195781976,0.0004512916188032695,0.00030799992600805126,-0.00018500031728763133,0.00027300029614707455,0.00045124077111214115
MBNV.X0220053.S,MBNV.X0220053,-0.0019999999949504854,0.01900000006571645,-6.000000000312866,6.000030416902641,0.004048043706461613,-0.0009418654371984303,0.00045342267185333185,0.004180832509269305,0.0005680039976141416,-0.0005238325684331357,0.00045342267185333185,0.0008958912994373345,-0.0002072940787911648,-9.371342457598075e-05,0.0004255407475284301,0.00048253286815997385,-0.0002070000846288167,-9.399991540703923e-05,0.0004260000423528254,0.00048286753382007045
MBNV.X0220059.E,MBNV.X0220059,-0.0009999999974752427,0.020000000404252205,-1.9999999999527063,2.00010024744436,0.003372961373315775,-8.259303285740316e-05,0.0001700677785265725,0.0033782559234388663,-0.000148233880281623,0.0003405220923013985,0.0001700677785265725,0.0004084747579736501,-5.444428552436875e-05,0.0002958913682959974,7.234120857901871e-05,0.0003094335672111376,-5.3999997362552676e-05,0.00029600050766021013,7.200014806585386e-05,0.0003093805449147744
MBNV.X0220059.S,MBNV.X0220059,-0.0019999999949504854,0.020000000404252205,-1.9999999999527063,2.0001009974066246,0.004028575517622812,-0.0005853298716829158,0.00043533100324566476,0.004094086569951975,0.00019560388864192646,-0.0001237194737768732,0.00043533100324566476,0.0004930319176588333,-0.0003988301386925741,-0.00020684456103481352,0.00033760488804546185,0.0005619850642067024,-0.0003989999868281302,-0.00020699917513411492,0.0003380000634933822,0.0005623999385815956
MBNV.X0220065.E,MBNV.X0220065,-0.005999999984851456,-0.015999999959603883,1.0000000002037268,1.0001459895465157,0.0038303267047012923,-0.0004550174708128907,-0.00012700002116616815,0.0038593487234077502,-4.3797740545414854e-05,1.1674273991957307e-05,-0.00012700002116616815,0.00013484634265092222,-0.0001182139612865285,0.00014073157217353582,1.2823875294998288e-05,0.0001842399734777164,-0.00011800000265793642,0.00014099987311055884,1.299986251979135e-05,0.00018432026820184528
MBNV.X0220065.S,MBNV.X0220065,-0.005999999984851456,-0.015999999959603883,1.0000000002037268,1.0001459895465157,0.00429703493409761,-0.0005939473339822143,-0.0004384432941151317,0.004359990273217862,0.00011116242149000755,-8.876395440893248e-05,-0.0004384432941151317,0.0004609432131058673,0.00034849438179662684,1.8017090042121708e-06,-0.00029861985240131617,0.0004589394257931354,0.00034800007142621325,1.999978849198669e-06,-0.00029900002118665725,0.0004588126657990909
XCSH.X0220068.E,XCSH.X0220068,-7.944000000065898,0.9810000001380104,0.0,8.004342384063651,0.0040832507011145935,-0.0007413236744469032,-0.00015736713976366445,0.004152982241128136,-0.0001278717718378175,-0.00023302254703594372,-0.00015736713976366445,0.00030889337017401034,-0.00020960794699931284,-7.315975381061435e-05,-0.00013871931514586322,0.0002617840511135729,-0.0002100000529026147,-7.299968274310231e-05,-0.00013899989426136017,0.00026220211003034254
XCSH.X0220068.S,XCSH.X0220068,7.920000000012806,-1.1070000000472646,-0.00199999976757681,7.996990246355598,0.004505575248003879,-0.0008370980140171014,-0.0002041642801486887,0.004587224046608713,0.00023210714061860926,-0.00032109892345033586,-0.0002041642801486887,0.0004457143666696685,0.0004815595957552432,-0.0004875837475992739,0.00035527909858501516,0.0007719201986463928,0.00048200001856457675,-0.0004880002961726859,0.0003549998837115709,0.0007723297381275114
MBNV.X0220071.E,MBNV.X0220071,-0.06200000007083872,-0.4669999998441199,19.993999999769585,19.999549219686163,0.004291668460609799,-0.0009854666132014245,7.689186531933956e-05,0.00440402940277195,-7.049607120279688e-06,-0.00046634977479698136,7.689186531933956e-05,0.0004726988135864453,7.406720214930829e-05,-0.0003861759978462942,-0.0003726408976945095,0.0005417371044901553,7.400001322821481e-05,-0.00038599955587415025,-0.0003730001481017098,0.0005418493975051689
MBNV.X0220071.S,MBNV.X0220071,-0.06300000006831397,-0.4669999998441199,19.994000000224332,19.999552345210972,0.0052072091420996,-0.0008234837878262624,9.720770322019234e-05,0.005272817267452352,0.0005967859806332854,-0.0002658798621268943,9.720770322019234e-05,0.0006605262639217259,-1.0392113836132921e-05,-0.00022419317247113213,-0.0003523241502989549,0.0004177354204476016,-1.0000007932831068e-05,-0.0002239994500996545,-0.00035199991543777287,0.0004173484087328039
MBNV.X0220077.E,MBNV.X0220077,-0.37799999995513645,-3.0159999996612896,99.95299999991403,99.99920674175739,0.00530332170001202,-0.0003027853381354362,0.00041921157389879227,0.005328474299318603,0.0006517569772768184,0.00025989811547333375,0.00041921157389879227,0.0008173570404335598,-3.212994670320768e-05,5.918991519138217e-06,-0.00038513326217071153,0.00038651649067796397,-3.200000264769187e-05,5.999936547596008e-06,-0.0003850000211969018,0.00038637419133482807
MBNV.X0220077.S,MBNV.X0220077,-0.37799999995513645,-3.014999999322754,99.95400000025256,100.00017612507675,0.0053014855438959785,-0.0009347259037895128,0.00027747546482714824,0.005390403892189731,0.00033827336665126495,-0.00033356263884343207,0.00027747546482714824,0.0005501686452341837,-3.396598913241178e-05,0.00037397876440081745,0.0004731309672934003,0.0006040419826903539,-3.399998149689054e-05,0.00037400059227366,0.000473000000056345,0.000603954834251817
MBNV.X0220083.E,MBNV.X0220083,-0.739999999950669,-5.949999999756983,-0.22400000034394907,6.000022999721682,0.005214083898863464,-0.00030311275622807443,0.00018458695194567554,0.005226147777302514,0.0002097386868626927,0.00030312912713270634,0.00018458695194567554,0.0004122498360360113,-4.716730472864583e-05,0.0003499635568005033,-0.00046157310862326995,0.0005811617505720529,-4.699995770351961e-05,0.0003499999365885742,-0.00046200011638575234,0.0005815092941446313
MBNV.X0220083.S,MBNV.X0220083,-0.7410000000618311,-5.949999999756983,-0.2230000000054133,6.000109165440421,0.005923375510974438,-0.0008665938366902992,-1.5545992937404662e-05,0.005986451703613561,0.0006074549219192704,-0.00022188032744452357,-1.5545992937404662e-05,0.0006468956946581463,-0.00033787569009291474,-0.0002135175236617215,0.00033829428502940573,0.0005236341644220266,-0.0003380000634933822,-0.00021399955585366115,0.0003380000634933822,0.0005237212004001986
QNL.X0220087.E,QNL.X0220087,-0.005999999984851456,0.000999999429041054,0.0,0.006082762421490742,0.005846387580277224,-0.0007458729669451714,9.721406968310475e-05,0.005894575879313432,0.0004961982540407917,-9.692848834674805e-05,9.721406968310475e-05,0.0005148382411113876,-0.00015361240457423264,0.00025412646209588274,9.721406968310475e-05,0.0003124541645118519,-0.00015399996300402563,0.0002540000423323363,9.699988368083723e-05,0.00031247557911645807
QNL.X0220087.S,QNL.X0220087,-0.006000000098538294,0.0010000003385357559,0.0,0.006082762683150738,0.005826906658512598,-0.0005699948815163225,-0.00032645766623318195,0.005863813603774908,0.00029041996185696917,0.00010195162758463994,-0.00032645766623318195,0.00044867861154124136,-0.0001730934400256956,0.0004300054570194334,-0.00032645766623318195,0.0005669573527954607,-0.00017299998944508843,0.00043000000005122274,-0.0003259997356508393,0.0005666611192207115
QNL.X0220097.E,QNL.X0220097,-0.007000000096013537,-0.006999999641266186,0.1999999999497959,0.20024485006171888,0.006492856869044772,-0.0012056962077622302,9.283940016757697e-05,0.0066045070082132225,0.0005060167040937813,-0.0004781431925948709,9.283940016757697e-05,0.0007023481840727039,0.0004893757932222798,-0.00013869066606275737,0.0002580818545538932,0.0005703770783392717,0.0004889999445367721,-0.00013899989426136017,0.00025800000003073364,0.00057009290153228
QNL.X0220097.S,QNL.X0220097,-0.0049999999873762135,0.008999999408842996,-0.1999999999497959,0.20026482459271597,0.006473375833593309,-0.0010298172128386796,-0.0003308327904960606,0.006563121857018663,0.0003002382982231211,-0.00027926216716878116,-0.0003308327904960606,0.0005268593066456457,0.0004801328259418369,-7.029029802652076e-05,-0.0004949879439664073,0.0006931675996580066,0.0004800000397153781,-7.00001692166552e-05,-0.0004950002221448813,0.0006930550351455551
XVVS.X0220105.E,XVVS.X0220105,-0.006999999982326699,0.0010000003385357559,0.0,0.007071067842245994,0.006941663059478742,-0.0006037689672666602,-0.00042476540329516865,0.006980805730358247,0.00037250356399454176,0.00019568415154935792,-0.00042476540329516865,0.0005978936696376162,-5.8336922847956885e-05,0.0003962313712690957,-0.00042476540329516865,0.0005838048851985256,-5.7999955060950015e-05,0.00039600035961484537,-0.00042500005292822607,0.0005837853411924232
XVVS.X0220105.S,XVVS.X0220105,-0.006999999982326699,0.0,0.0,0.006999999982326699,0.007096768740666448,-0.000497989276482258,0.0002589890755189117,0.007118932168466694,0.0005076710749563063,0.00030392584449145943,0.0002589890755189117,0.0006458917715339613,9.676875833974918e-05,-0.000497989276482258,0.0002589890755189117,0.0005695900748082607,9.699999736767495e-05,-0.0004980001904186793,0.000258999989455333,0.0005696439095472122
MBXHC.X0220117.E,MBXHC.X0220117,-0.24999999993724487,-1.9829999991998193,-0.08100000013655517,2.000337470732683,0.007345236781475251,-0.0005749889169237576,9.699851943878457e-05,0.00736834610637254,0.0001381180254611536,0.00030323371902341023,9.699851943878457e-05,0.0003470388884309259,-0.00029326054118428146,2.1228515834081918e-05,0.00038015377867850475,0.00048059264491225946,-0.0002929999709522235,2.1000232663936913e-05,0.0003800000740739051,0.00048030203939408445
MBXHC.X0220117.S,MBXHC.X0220117,-0.24999999993724487,-1.983000000109314,-0.08100000013655517,2.000337471634295,0.007466976626346877,-0.0008458100637653843,0.00015301293387892656,0.007516285489542799,0.00010406654382677516,5.1448296289891005e-05,0.00015301293387892656,0.00019206699526316145,-0.00017152069631265476,-0.00024959354050224647,0.00043616819311864674,0.0005309980954884957,-0.0001720000000204891,-0.00025000008463393897,0.00043599993659881875,0.0005312061624625592
MBXHC.X0220120.E,MBXHC.X0220120,0.11099999994712562,0.9930000005624606,0.04099999978279811,1.0000255002186182,0.007533185112151841,-0.0008063270797720179,-2.8184331313241273e-05,0.007576267923592155,0.00012041414265695494,9.695850167190656e-05,-2.8184331313241273e-05,0.0001571460254980862,-0.00012820498795917956,9.097766451304778e-05,0.00033050537240342237,0.00036598805385611556,-0.0001280000105907675,9.100040188059211e-05,0.00033100013752118684,0.000366368894548528
MBXHC.X0220120.S,MBXHC.X0220120,0.11099999994712562,0.9930000005624606,0.041000000237545464,1.0000255002372627,0.00805805586878705,-0.0005451001925393939,-0.0003030572770512663,0.008082155796418035,0.0004894458243143163,0.00037682457332266495,-0.0003030572770512663,0.000688039015734033,0.00039666576867603,0.0003522045517456718,5.563288141274825e-05,0.000533373036255115,0.00039700000797893154,0.00035199991543777287,5.5999862524913624e-05,0.000533525005418003
MBXHC.X0220123.E,MBXHC.X0220123,2.3149999999532156,19.84900000024936,0.8130000001074222,20.00007487510627,0.007920559028207208,-0.0006199170456966385,-0.00016544663594686426,0.007946503951562982,0.0003020728627234348,0.00030790943128522485,-0.00016544663594686426,0.00046198357288377255,9.526650046609575e-05,0.00036221081245457754,1.8942046153824776e-05,0.00037500823975288245,9.500001851847628e-05,0.0003619998096837662,1.9000253814738244e-05,0.00037473974352157825
MBXHC.X0220123.S,MBXHC.X0220123,2.3139999999557403,19.848999999339867,0.8130000001074222,19.999959149302377,0.008758995704738481,-0.0008539009286323562,-0.00011688507584040053,0.008801296192749145,0.0009846236252997187,9.216910257237032e-05,-0.00011688507584040053,0.0009958117030450953,-6.629693416471127e-05,0.00012822692951885983,6.75036062602885e-05,0.00015935546991433576,-6.599998414458241e-05,0.0001279995558434166,6.800019036745653e-05,0.00015926051014990308
MBXHC.X0220127.E,MBXHC.X0220127,11.353999999982989,99.26999999970576,4.064000000198575,99.9998115595365,0.00802264128196839,-0.0009309687811764888,-0.0004510857252171263,0.008089063873042623,0.00019837830222968478,2.0875631889794022e-05,-0.0004510857252171263,0.0004932221348408759,-1.648425040912116e-05,-0.00020103470887988806,-0.00045003343984717503,0.0004931701346053437,-1.5999944480427075e-05,-0.00020100014808122069,-0.00044999978854320943,0.0004931093868919781
MBXHC.X0220127.S,MBXHC.X0220127,11.353999999982989,99.27000000061525,4.064000000198575,99.99981156043935,0.008044504966164823,-0.0006826230674050748,-0.00042477904571569525,0.008084582341746737,6.431014298868831e-05,0.0002870683601940982,-0.00042477904571569525,0.0005167023084861251,5.379433787311427e-06,4.7311004891525954e-05,-0.00042372676034574397,0.000426393758074409,4.999947122996673e-06,4.699995770351961e-05,-0.00042400006350362673,0.00042662635800715
XVW.X0220128.E,XVW.X0220128,-0.007999999979801942,0.000999999429041054,0.0,0.008062257657437743,0.008288473395623441,-0.001309102117375005,-0.00048815718400874175,0.008405405226398823,0.00027949567993346136,-0.00033615287975408137,-0.00048815718400874175,0.0006552969021502959,0.00028847341582149966,-0.00030910268833395094,-0.00048815718400874175,0.0006458009134945103,0.00028800002382922685,-0.00030900082492735237,-0.0004880002961726859,0.0006454221971671323
XVW.X0220128.S,XVW.X0220128,-0.008999999977277184,0.000999999429041054,0.0,0.00905538505250173,0.008816537615530251,-0.000876343619893305,0.00038394364310079254,0.008868298956804797,0.0008075473942881217,9.660743671702221e-05,0.00038394364310079254,0.0008993767352606345,-0.0001834623617469333,0.0001236558091477491,0.00038394364310079254,0.00044312742906669176,-0.0001829999973779195,0.00012399959814501926,0.0003839995770249516,0.0004430807765360471
XWCA.X0220130.E,XWCA.X0220130,-0.007999999979801942,0.0010000003385357559,0.0,0.008062257770246663,0.008244962259595923,-0.0013125636542099528,-0.00010966732588713057,0.008349506148921703,0.00022577887648367323,-0.0003384593583177775,-0.00010966732588713057,0.00042137603238241446,0.000244962279793981,-0.00031256331567419693,-0.00010966732588713057,0.0004119821199935094,0.00024499991013726685,-0.00031299987313104793,-0.00011000020094797947,0.00041242444248118564
XSCI.X0220130.E,XSCI.X0220130,-0.01899999995202961,-0.07900000036897836,1.9990000000689179,2.000650644248518,0.00866421248701954,-0.0014849820217932574,-0.0004794142114405986,0.008803612191106883,0.0006412861921489821,-0.000510453901370056,-0.0004794142114405986,0.0009495520795596538,-0.00037059760416013887,0.00018507398635847494,0.00017300908439210616,0.000448917707289484,-0.00037099994187883567,0.00018499940779292956,0.00017299998944508843,0.0004492156877334482
XWCA.X0220130.S,XWCA.X0220130,-0.008999999977277184,0.000999999429041054,0.0,0.00905538505250173,0.00866421248701954,-0.0014849820217932574,-0.0004794142114405986,0.008803612191106883,0.0006412861921489821,-0.000510453901370056,-0.0004794142114405986,0.0009495520795596538,-0.0003357874902576441,-0.00048498259275220335,-0.0004794142114405986,0.0007601311334351382,-0.0003359999709573458,-0.0004850007826462388,-0.0004790003913512919,0.0007599757328793415
XSCI.X0220130.S,XSCI.X0220130,-0.01900000006571645,-0.07999999979801942,1.9990000000689179,2.00069038090498,0.008696296276866633,-0.001105679984902963,-0.00042899227992165834,0.008776795060857457,0.000667131871523452,-0.00013044609659118578,-0.00042899227992165834,0.0008038130966528495,-0.0003385139279998839,-0.00043562340579228476,0.00022343101591104642,0.0005952149611653108,-0.0003390000529179815,-0.00043599993659881875,0.00022299991542240605,0.0005956055262260152
XVW.X0220129.E,XVW.X0220129,-0.007999999979801942,0.0010000003385357559,0.0,0.008062257770246663,0.00819231297555234,-0.0014556999303749762,8.075949153862894e-05,0.00832103216387069,0.00014759052646695636,-0.0004787052603205666,8.075949153862894e-05,0.0005074088935315902,0.00019231299575039884,-0.0004556995918392204,8.075949153862894e-05,0.0005011671395956671,0.00019200001588615123,-0.00045599972509080544,8.100005288724788e-05,0.0005013589172946956
XVW.X0220129.S,XVW.X0220129,-0.009000000090964022,0.0010000003385357559,0.0,0.009055385265930103,0.00872037719545915,-0.0010229414328932762,-4.713956514024176e-05,0.00878029667749418,0.0006756422408216167,-4.594585334416479e-05,-4.713956514024176e-05,0.0006788413641076906,-0.00027962289550487185,-2.2941094357520342e-05,-4.713956514024176e-05,0.00028449498431863473,-0.00027999999474559445,-2.3000211513135582e-05,-4.699995770351961e-05,0.0002848473324630486
XCHV.X0220130.E,XCHV.X0220130,-0.01799999995455437,-0.07999999979801942,1.9980000001851295,1.9996819748914636,0.008500460126015241,-0.0007177795851021074,8.614006219431758e-05,0.008531145878314309,0.00044715397962136194,0.00026018642529379576,8.614006219431758e-05,0.0005244652206898245,0.0004656500323108048,-4.772300599142909e-05,-0.00026143652576138265,0.0005361496944828875,0.00046599996039731195,-4.799949238076806e-05,-0.00026099996830453165,0.0005362656970327995
XCHV.X0220130.S,XCHV.X0220130,0.0,0.07399999958579428,-1.9980000001851295,1.9993699009134043,0.008821297228678304,-0.0009247542038792744,-0.0004096423253940884,0.008879091280589146,0.0007056092954371707,6.027130439179018e-05,-0.0004096423253940884,0.0008181222052326317,-0.0002450116198815522,0.0003479108272586018,0.0002630513336043805,0.0005002685695821695,-0.00024499991013726685,0.00034799995773937553,0.0002629999471537303,0.0005002978100659057
QNL.X0220132.E,QNL.X0220132,-0.024000000053092663,-0.12000000060652383,2.997999999934109,3.000496625519354,0.009135194432019489,-0.0007782300599501468,-0.00043064528654213063,0.009178391727303364,0.0009973609849112108,0.00020930201571900398,-0.00043064528654213063,0.0011063415525180515,8.297911335830577e-05,0.00022685344447381794,4.798948793904856e-05,0.00024627425662463836,8.300003173644654e-05,0.00022699987312080339,4.799994712811895e-05,0.0002464182269829368
QNL.X0220132.S,QNL.X0220132,0.006000000098538294,0.1160000001618755,-2.997999999934109,3.000249322913623,0.00869449706897285,-0.0010370858944952488,0.00047696357796667144,0.008769111738918901,0.0003701422883750638,-2.8445356292650104e-05,0.00047696357796667144,0.000604407732118736,0.00042312592540838523,-6.522350304294378e-05,0.00024298151402035728,0.0004922699160597977,0.0004230000740790274,-6.499976734630764e-05,0.00024299970391439274,0.0004921411266378977
LSX.X0220134.E,LSX.X0220134,-0.02899999992678204,-0.1609999999345746,3.9959999999155116,3.999347196643404,0.009242082114724326,-0.0006922946340637282,0.00030890396374161355,0.009273121121525157,0.000889031639417226,0.00031959370971890166,0.00030890396374161355,0.0009939512332061621,0.00017246190964215202,-0.00035218272387282923,-0.0003862492121697869,0.0005504218701811224,0.0001720000000204891,-0.00035199991543777287,-0.00038600001062150113,0.0005499854076928282
LSX.X0220134.S,LSX.X0220134,0.005999999984851456,0.11700000050041126,-3.9979999996830884,3.999716114623998,0.008466668077744544,-0.001037176843965426,-0.0003381442184036132,0.008536658928222233,6.995048806857085e-05,-2.034721546806395e-05,-0.0003381442184036132,0.0003459025764548821,-0.00032710147479519947,1.099215296562761e-05,0.00021487539925146848,0.00039151965396834454,-0.0003270000661359518,1.1000338417943567e-05,0.00021500000002561137,0.00039150357687924004
MCXCA.X0220135.E,MCXCA.X0220135,-0.008999999977277184,0.0010000003385357559,0.0,0.009055385152938605,0.00888366548679187,-0.0010975554687320255,-0.0004028433977509849,0.008960269152836434,0.00046031084366404684,-7.771086529828608e-05,-0.0004028433977509849,0.0006166099695039588,-0.00011633449048531475,-9.75551301962696e-05,-0.0004028433977509849,0.00043050379814311404,-0.00011600002380873775,-9.799987310543656e-05,-0.0004029998308396898,0.00043066093891729724
MCXCA.X0220135.S,MCXCA.X0220135,-0.009000000090964022,0.00199999976757681,0.0,0.009219544495671124,0.009012000418806565,-0.0015803452697582543,-0.00020115658116992563,0.009151726978574314,0.0005636931064145756,-0.00055767668527551,-0.00020115658116992563,0.000818056950136827,1.2000327842542902e-05,0.0004196544978185557,-0.00020115658116992563,0.00046552967204641804,1.1999986782029737e-05,0.0004200001058052294,-0.00020100014808122069,0.00046577370909900597
MBXHC.X0220137.E,MBXHC.X0220137,0.020999999946980097,0.24300000040966552,-5.996000000322965,6.0009587570712295,0.00878529897363478,-0.0011317006283206865,0.00047113780965446495,0.008870411219553228,0.00030330545541801257,-0.00010522035154281184,0.00047113780965446495,0.0005701195991641821,-0.00011027066193491919,-0.00014186844055075198,-0.0004861326488025952,0.0005182771705754507,-0.00011000008726114174,-0.00014200031728250906,-0.00048600031732348725,0.0005181316606272216
MBXHC.X0220137.S,MBXHC.X0220137,0.021000000060666935,0.24299999950017082,-5.9949999999844295,5.999959583161618,0.008819865115583525,-0.001418783540430013,0.00012948930816492066,0.00893418909989101,0.0001818949613152654,-0.00037485187931451946,0.00012948930816492066,0.0004363108860738393,-7.570440629933728e-05,-0.00042895226215478033,0.00017221918824361637,0.0004683915553680795,-7.599999207741348e-05,-0.0004290004653739743,0.0001720000000204891,0.00046840302955243753
MBXHC.X0220141.E,MBXHC.X0220141,0.0,0.08199999956559623,-1.9990000000689179,2.0006811340651693,0.009648393415773171,-0.0011581587386899628,0.0004797961992153432,0.009729492872823356,0.0009605037121218629,-0.0001087055352400057,0.0004797961992153432,0.0010791610941713863,-0.0003167964450767613,0.0001717844497761689,-0.00017262709661736153,0.0003995872861900318,-0.000316999944516283,0.0001720000000204891,-0.00017299998944508843,0.00040000245146545725
MBXHC.X0220141.S,MBXHC.X0220141,0.0,0.08200000047509093,-1.9990000000689179,2.000681134102446,0.00948433978464891,-0.0009938376024365425,0.0004244752744853031,0.009545710743016484,0.0006404296755135874,7.267044566106051e-05,0.0004244752744853031,0.000771758007150162,-0.0004808500762010226,0.00033610649552429095,-0.00022794802134740166,0.000629400248293838,-0.0004810000291399774,0.0003360000846441835,-0.00022799986254540272,0.0006294767845078008
MBXHC.X0220144.E,MBXHC.X0220144,-0.013999999964653398,-0.03899999956047395,0.9990000003199384,0.9998589903601228,0.009450550464862317,-0.0013910239431424998,-6.893924364703707e-05,0.009552622902565542,0.0005567068228629068,-0.0003191216819686815,-6.893924364703707e-05,0.0006453787677319869,0.0004331453737904667,-5.5995769798755646e-05,-0.00024272731025121175,0.0004996668772424547,0.00043299996832502075,-5.599940777756274e-05,-0.00024299970391439274,0.0004996736558428804
MBXHC.X0220144.S,MBXHC.X0220144,-0.015000000075815478,-0.03999999989900971,0.9989999998651911,0.9999129960775823,0.009835946002567653,-0.0007839698810130358,-0.00018367200027569197,0.009868848866177223,0.0007860390951464069,0.0003045915946131572,-0.00018367200027569197,0.0008627681625401124,-0.00018145919966627844,-0.0004489420462050475,-0.00035746052162721753,0.0006018757567108878,-0.00018100001852872083,-0.000449000253865961,-0.00035700031730812043,0.0006015076568400383
MBXHC.X0220147.E,MBXHC.X0220147,-0.10899999995217513,-0.8060000000114087,19.984000000022206,20.000544317615347,0.009492946105638111,-0.0007189501047832891,-0.0003113623279205058,0.009525222386745927,0.00039309225030592643,0.0003748782546608709,-0.0003113623279205058,0.0006261004091327799,0.00014484464827546617,-1.8390892364550382e-05,0.00021287132767611183,0.0002581325225588565,0.00014500005818263162,-1.7999809642788023e-05,0.0002130000211764127,0.00025829831405043167
MBXHC.X0220147.S,MBXHC.X0220147,-0.10999999994965037,-0.804999999672873,19.983000000138418,19.999510344130783,0.010135238994735118,-0.0016734484233893454,0.00016872854757821187,0.01027384876416387,0.0008792800372248166,-0.0005633573891827837,0.00016872854757821187,0.0010578157942556776,-0.00021286246010276955,2.7111127565149218e-05,-0.0003070376806135755,0.0003745898790349533,-0.0002130000211764127,2.700016921153292e-05,-0.0003069999365834519,0.0003746291222273666
QNL.X0220167.E,QNL.X0220167,-0.26000000002568413,-2.0160000003670575,49.958000000060565,49.99933619566908,0.010638345884217415,-0.0011645252016023733,0.0003662635208456777,0.010708159088476176,0.0003460248763076379,5.219953891355544e-05,0.0003662635208456777,0.0005065638889506201,-0.00023190784759208327,-0.0004131261448492296,-0.00032315256248693913,0.0005734823798292802,-0.0002320000476174755,-0.00041300063458038494,-0.0003229997673770413,0.0005733431747077263
QNL.X0220167.S,QNL.X0220167,0.0669999999445281,0.3550000001268927,-50.02699999977267,50.02830441837238,0.011392757983230695,-0.0009802279237192124,0.0001255702954949811,0.011435538865572374,0.0009137107781498344,0.0002557098923716694,0.0001255702954949811,0.0009570908181957464,0.0003269826720497804,-0.00018181071936851367,-0.0002175220288336277,0.0004327685738659962,0.00032699995244911406,-0.00018199989426648244,-0.00021799996829940937,0.0004331015084172268
QNL.X0220177.E,QNL.X0220177,-0.509999999962929,-4.03199999982462,99.91700000000492,99.9996200642759,0.011886032439178962,-0.0011260126484557986,0.0004219818947603926,0.011946704162621698,0.0009555947144690435,0.00015636942407581955,0.0004219818947603926,0.0010562581950510715,0.00014552495031239232,0.0003767854650504887,4.315006663091481e-05,0.00040621019938818587,0.00014600004760723095,0.0003770001058001071,4.3000000005122274e-05,0.00040656376335704856
QNL.X0220177.S,QNL.X0220177,-0.19800000006853224,-2.621000000544882,-100.19000000011147,100.22447278497015,0.011640444540716999,-0.000941714461077936,0.0001812891241570469,0.011679881890595002,0.0005232806188359973,0.0003598806870286353,0.0001812891241570469,0.0006604562525127732,0.00021231880964478478,0.0003477998689049855,-0.0003412615114939399,0.0005315105313786661,0.00021199991806497565,0.00034799995773937553,-0.0003410000317671802,0.0005313463630358087
XCSV.X0220179.E,XCSV.X0220179,99.46300000001429,-10.236999999506224,0.08200000002034358,99.98845564360286,0.011686448374348402,-0.0013165090422262438,0.00038998314266791567,0.011766832985818189,0.00055086161410145,-1.3018507161177695e-05,0.00038998314266791567,0.0006750591462859417,0.00024232224404840963,0.00024395922082476318,-0.00034661252357182093,0.0004882380698828275,0.00024200005555030657,0.00024400014808634296,-0.0003469999683147762,0.0004883739112227069
XCSV.X0220179.S,XCSV.X0220179,99.46200000001681,-10.23799999984476,0.08299999990413198,99.98756411174416,0.01204578347824281,-0.0010107232810696587,0.00019911612980649807,0.012089752205432203,0.0008477463779854588,0.0002991928340634331,0.00019911612980649807,0.0009207809220935736,-0.0003983426495324238,-0.0004502553565544076,0.00046252034735516645,0.0007585063112855371,-0.00039799999740353087,-0.00044999978854320943,0.0004629996510630008,0.0007584671940872619
LSX.X0220195.E,LSX.X0220195,49.72399999996924,-5.118000000038592,0.041000000237545464,49.98671604533904,0.013382345173340582,-0.0014350198398460634,0.0002577589839347638,0.013461533492621964,0.001252675247087609,-2.924571163021028e-05,0.0002577589839347638,0.0012792537981627576,0.0001602820702828467,-0.00015478599380003288,-0.00011053862181142904,0.0002487324523313944,0.00016000001323845936,-0.00015499972505494952,-0.00011099973562522791,0.00024888925310725577
LSX.X0220195.S,LSX.X0220195,49.72399999996924,-5.118000000038592,0.04099999978279811,49.98671604533867,0.013033879781687574,-0.0011209704098291695,2.4152086552930996e-05,0.013082017434114721,0.0008604946515333722,0.0002893020791816525,2.4152086552930996e-05,0.0009081464978852405,-0.00018818332137016114,0.000159263436216861,-0.00034414597394061275,0.00042333704767837224,-0.0001880000581877539,0.00015899968275334686,-0.0003440000000409782,0.000423037730022343
XCHV.X0220196.E,XCHV.X0220196,19.882000000052358,-2.0460000005186885,0.01699999984339229,19.987004002706335,0.013147959066373005,-0.0015842751963646151,-0.000190941591426963,0.013244440879107464,0.0009519669674773468,-0.00017167621990665793,-0.000190941591426963,0.0009859880947486722,0.00025913391255016904,0.00012781765690306202,0.00026173893274972215,0.00038986537030968925,0.0002590001031421707,0.0001279995558434166,0.000261999957729131,0.0003900114326193957
XCHV.X0220196.S,XCHV.X0220196,19.881000000054883,-2.0459999996091938,0.01699999984339229,19.986009256491844,0.013507294170267414,-0.0012784903447027318,-0.0003818086042883806,0.013573036181118315,0.0012488517313613556,0.0001405342118232511,-0.0003818086042883806,0.0013134528244005109,-0.0003815309810306644,0.0004336034180596471,7.087191988830455e-05,0.0005818940132600477,-0.00038199993923626607,0.0004339999577496201,7.100015864125453e-05,0.0005825126088165528
LSX.X0220197.E,LSX.X0220197,5.95500000008542,-0.6130000001576263,0.004999999873689376,5.986469660927828,0.013453515407491068,-0.0011608872227952816,0.00029839566195732914,0.013506804801089109,0.0011745269148377702,0.00026025099941762164,0.00029839566195732914,0.001239469252321797,-1.313208031206159e-05,0.00015274054021574557,0.000334199739882024,0.0003676840903492191,-1.2999976206629071e-05,0.00015299974620575085,0.00033399965104763396,0.0003676053435688039
LSX.X0220197.S,LSX.X0220197,5.954999999971733,-0.6119999998190906,0.004999999873689376,5.986367345848452,0.01310505001583806,-0.0018468372218194418,6.478876457549632e-05,0.013234702158550079,0.0007823463192835334,-0.00042120063881156966,6.478876457549632e-05,0.0008908834522242434,-0.00036159758565190714,0.00046679087972734123,0.00010059284250019118,0.000598970332577651,-0.00036200003705744166,0.000467000063508749,0.00010099984137923457,0.0005994447882043811
MCXCA.X0220198.E,MCXCA.X0220198,-0.013000000080864993,0.0010000003385357559,0.0,0.013038404916996612,0.013231252182777098,-0.0012050186342094094,0.00039100586946005933,0.01329176398462551,0.0008824442829791224,0.0002233036866527982,0.00039100586946005933,0.0009906856408505604,0.000231252101912105,-0.00020501829567365348,0.00039100586946005933,0.0004983930438438252,0.00023099994450603845,-0.00020500010577961802,0.0003909999577444978,0.0004982639708905778
MCXCA.X0220198.S,MCXCA.X0220198,-0.012999999967178155,0.00199999976757681,0.0,0.013152946370184108,0.013174986179365078,-0.001882704054878559,0.00011465908755781129,0.01330931936994062,0.0008011982117750449,-0.0004518115019891411,0.00011465908755781129,0.0009269298324257361,0.00017498621218692278,0.00011729571269825101,0.00011465908755781129,0.00023984404314576427,0.00017500008198112482,0.00011700012692017481,0.00011500014807097614,0.000239873075706891
XCSV.X0220213.E,XCSV.X0220213,-1.007999999956155,0.10399999973742524,-0.000999999883788405,1.0133513703828305,0.013624079770124808,-0.0019516292013577186,-0.00027400483304518275,0.013765881183957978,0.00036861899843643187,-0.00043001909943996,-0.00027400483304518275,0.0006291860141671545,0.00036852111406915355,-0.0003372342689544894,-0.0004466387508728076,0.0006700902457529588,0.000368999963029637,-0.00033700052881613374,-0.0004470002750167623,0.0006704771248918851
XCSV.X0220213.S,XCSV.X0220213,-1.0089999999536303,0.10399999973742524,0.0,1.0143456017806802,0.013983414874019218,-0.0016458434402011335,-0.00046487184590660036,0.014087611508048893,0.0006655038760072784,-0.00011780775821534917,-0.00046487184590660036,0.0008202925758490365,-0.0002721437795116799,-3.144850779790431e-05,0.0003624941200541798,0.0004543712495784376,-0.00027199996566196205,-3.100012690993026e-05,0.0003619998096837662,0.0004538599468995069
QNL.X0220215.E,QNL.X0220215,-5.9819999999035645,0.6160000002637389,-0.005000000328436727,6.013634924001827,0.014014808812135016,-0.0019210501704947092,0.00024595965442131273,0.014147996181433543,0.0006775381962143001,-0.00039102269511204213,0.00024595965442131273,0.0008200322597465688,0.0004814564817934297,-0.00023467782739317045,0.00021015512174926698,0.0005753600626810442,0.0004810000291399774,-0.00023499978851759806,0.0002100000529026147,0.0005750529983010921
QNL.X0220215.S,QNL.X0220215,-5.9830000000147265,0.6159999993542442,-0.004999999873689376,6.014629664358345,0.014769220911148295,-0.0017367519831168465,5.266429070616141e-06,0.014870985895643755,0.0012452240980564966,-0.0001875114321592264,5.266429070616141e-06,0.0012592741269660769,0.00023586846964462893,-5.038054951000959e-05,-3.0537648854078725e-05,0.00024311454653920807,0.00023600000531587284,-5.00003807246685e-05,-3.100012690993026e-05,0.00024322222030508559
QNL.X0220225.E,QNL.X0220225,-19.909999999981665,2.050000000053842,-0.01699999984339229,20.01526639841412,0.015262495367096562,-0.0018825376173481345,0.00030167802833602764,0.01538111577045552,0.0012871080343757058,-0.000286852809949778,0.00030167802833602764,0.001352753214563281,0.00015132059161260258,0.0004053690645378083,-0.0001510024958406575,0.00045828348615278906,0.00015099999473022763,0.0004049998096888885,-0.00015099976735655218,0.0004578501654453098
QNL.X0220225.S,QNL.X0220225,-19.909999999981665,2.0489999997153063,-0.01699999984339229,20.015164001279075,0.0150169074686346,-0.0016982394299702719,6.098525773268193e-05,0.015112751115687046,0.0008547939387426595,-8.334154699696228e-05,6.098525773268193e-05,0.0008610096938059165,-9.426730684936047e-05,-0.00041033308662008494,-0.0003916952664440032,0.0005750519531924366,-9.400002909387695e-05,-0.00041000021155923605,-0.00039199994716909714,0.0005749783800534095
XVW.X0220257.E,XVW.X0220257,-0.016999999957079126,0.0020000006770715117,0.0,0.01711724280510669,0.01681740150161204,-0.002308017428731546,4.3186446418985724e-05,0.01697509360171265,0.00077678635079792,-0.000499835550726857,4.3186446418985724e-05,0.0009247149191565309,-0.00018259845546708675,-0.00030801675166003406,4.3186446418985724e-05,0.00036066824700334337,-0.0001829999973779195,-0.0003079994712607004,4.3000000005122274e-05,0.00036083468976475923
XVW.X0220257.S,XVW.X0220257,-0.017000000070765964,0.00199999976757681,0.0,0.017117242811748336,0.016590637528679508,-0.0017006868802127428,-2.013257471844554e-05,0.016677589597814232,0.0005500161250893143,0.00010749499779194593,-2.013257471844554e-05,0.0005607835883594923,-0.0004093625420864555,0.00029931288736406714,-2.013257471844554e-05,0.0005075147445843259,-0.00040899999476096127,0.00029900002118665725,-2.000024323933758e-05,0.0005070325611967346
XSCI.X0220256.E,XSCI.X0220256,-0.02700000004551839,-0.0780000000304426,1.9980000001851295,1.9997042283165238,0.016621642203062947,-0.0023296424842556007,0.0003606123755162116,0.016787979774721774,0.0005747799605160253,-0.0005208185029914603,0.0003606123755162116,0.0008553743048774113,-0.00041316798160551116,0.00034041386243188754,1.303578756051138e-05,0.0005354991227976857,-0.0004129999524593586,0.00034000004234258085,1.3000317267142236e-05,0.0005351055949748944
XSCI.X0220256.S,XSCI.X0220256,-0.02700000004551839,-0.07899999945948366,1.9980000001851295,1.999743483714057,0.016857575701578753,-0.0019990648070233874,4.152570909354836e-05,0.016975742782619367,0.0008044684136621072,-0.00018959781300509349,4.152570909354836e-05,0.0008275512937528788,-0.00017723448308970546,-0.00032900788937695324,-0.0003060508788621519,0.00048303767318983327,-0.0001770000608303235,-0.0003289997039246373,-0.0003059999471588526,0.0004829138581337854
XCON.X0220256.E,XCON.X0220256,-0.016999999957079126,0.00199999976757681,0.0,0.017117242698840185,0.017329442698610364,-0.0023379070626106113,0.00040335226003662683,0.01749108592179174,0.001263845319954271,-0.0005271549525787123,0.00040335226003662683,0.001427546980829434,0.0003294427415312384,-0.00033790729503380135,0.00040335226003662683,0.0006208114896337966,0.00032900004498515045,-0.0003380000634933822,0.0004029998308396898,0.0006203982077493293
XCON.X0220256.S,XCON.X0220256,-0.016999999957079126,0.00199999976757681,0.0,0.017117242698840185,0.017061802054740838,-0.0022646008801530115,-0.00022983886083238758,0.017212969889112605,0.0009961422620108351,-0.00045384240365820006,-0.00022983886083238758,0.0011185250267522159,6.180209766171174e-05,-0.00026460111257620156,-0.00022983886083238758,0.00035589204824030705,6.200002644618507e-05,-0.0002649994712555781,-0.00023000029614195228,0.0003563268994483147
XVW.X0220258.E,XVW.X0220258,-0.016999999957079126,0.00199999976757681,0.0,0.017117242698840185,0.017262222627323354,-0.00152371922013117,0.00012439204510883428,0.017329787179245968,0.0011860108770633815,0.00028812519303755835,0.00012439204510883428,0.0012268297796605445,0.00026222267024422763,0.00047628054744563997,0.00012439204510883428,0.0005577430138975205,0.0002620000714159687,0.00047599951358279213,0.00012400005289237015,0.0005573110329702239
XVW.X0220258.S,XVW.X0220258,-0.016999999957079126,0.00199999976757681,0.0,0.017117242698840185,0.017035458540703985,-0.001916389010148123,6.107302397140302e-05,0.017143019700289617,0.000959240537667938,-0.00010454459697939456,6.107302397140302e-05,0.0009668515377864744,3.5458583624858875e-05,8.361075742868707e-05,6.107302397140302e-05,0.00010944397730113534,3.4999970921489876e-05,8.400002116104588e-05,6.09998096479103e-05,0.00010955354077638286
XFFV.X0220257.E,XFFV.X0220257,-99.49199999994107,10.240000000521832,-0.08299999990413198,100.01761121422038,0.017066463215087424,-0.0015453451851499267,0.00044181797420606017,0.01714197951041623,0.0009840042594078113,0.00026714133127825335,0.00044181797420606017,0.0011112299472842602,-0.0004894105813946226,-0.00010581243259366602,0.0001784137566573918,0.0005315547541288805,-0.0004889999445367721,-0.00010599978850223124,0.000178000391315436,0.0005310753620983864
XFFH.X0220258.E,XFFH.X0220258,-49.75400000000718,5.121999999573745,-0.041000000237545464,50.0169679308569,0.01719763974961097,-0.002312947799509857,-0.00031886111173662357,0.017355408750278245,0.0010979445050907088,-0.0004986877684132196,-0.00031886111173662357,0.0012473347727060902,0.00041970281472458737,0.0004068178895977326,4.943649400956929e-05,0.0005865962963780562,0.0004199999921183917,0.00040699978853808716,4.899993655271828e-05,0.0005868984708036537
XFFV.X0220257.S,XFFV.X0220257,-99.49200000005476,10.240999999950873,-0.08200000002034358,100.01771277633723,0.01719763974961097,-0.002312947799509857,-0.00031886111173662357,0.017355408750278245,0.0010979445050907088,-0.0004986877684132196,-0.00031886111173662357,0.0012473347727060902,-0.00035823416055791313,0.00012658438208745793,0.00041773455450311303,0.0005646746652763965,-0.0003580000793590443,0.00012700002116616815,0.0004180001269560307,0.0005648160482250367
XFFH.X0220258.S,XFFH.X0220258,-49.75500000000466,5.1209999992352095,-0.041000000237545464,50.01786028003047,0.01732881628413452,-0.002080550984828733,-7.954031389090233e-05,0.017453449311562782,0.001211884864460444,-0.00026451743906363845,-7.954031389090233e-05,0.001242964626130188,-0.0004491206482271082,-0.00036078563425689936,0.00028875729185529053,0.0006444039138224508,-0.00044900002649228554,-0.00036100027500651777,0.0002890001269406639,0.000644548908707923
QNL.X0220260.E,QNL.X0220260,-10.244000000056985,-99.39100000065082,-4.06299999986004,100.00009193060474,0.017447870050091296,-0.001953278115252033,-0.00038153120840433985,0.017561008819067938,0.0013171995760785649,-0.0001358303052256815,-0.00038153120840433985,0.0013780532130602682,0.00021193648080952698,-0.000283856934402138,-6.24445419816766e-05,0.00035970981628169116,0.00021200003175181337,-0.0002840006345650181,-6.199979907250963e-05,0.00035978375308111734
QNL.X0220260.S,QNL.X0220260,-10.243999999943298,-99.39099999974133,-4.064000000198575,100.00013256465729,0.017202282037942496,-0.001768980837368872,0.00037777590478071943,0.017297124476343753,0.0008848852530718432,6.767913873773068e-05,0.00037777590478071943,0.0009645294247233686,-3.3651417652436066e-05,-9.955874702427536e-05,-0.0003031377673323732,0.0003208377596267596,-3.399998149689054e-05,-9.999985195463523e-05,-0.0003029999788850546,0.000320881530065352
XFFH.X0220262.E,XFFH.X0220262,-5.13100000000577,-49.694999999701395,-2.0309999999881256,50.000451467665094,0.017189846062137804,-0.0017454267435823567,-0.0004049820745422039,0.01728297811830784,0.0008502794344167341,9.351424523629248e-05,-0.0004049820745422039,0.0009464304049187463,-0.00042812075662368443,-0.00041071598388953134,0.0002545612005633302,0.0006455822228861525,-0.00042799990751518635,-0.0004109997462364845,0.00025500003175693564,0.0006458558108707399
XFFH.X0220262.S,XFFH.X0220262,-5.13100000000577,-49.694999999701395,-2.0309999999881256,50.000451467665094,0.017321022482974513,-0.0015130299289012328,-0.00016566127669648267,0.01738776935319928,0.0009642195664127939,0.00032768457458587363,-0.00016566127669648267,0.0010317655796117206,-0.000296944335786975,-0.0001783191692084074,0.0004938819984090514,0.0006032355203530895,-0.0002970000423374586,-0.0001779999365680851,0.000493999777972931,0.0006032651019278338
QNL.X0220295.E,QNL.X0220295,-2.0650000000159707,-19.877000000633416,-0.8130000001074222,20.00050806918218,0.019633244505712355,-0.002024019522650633,-6.474056135630235e-05,0.01973740449475158,0.0013472907767209108,1.519129000371322e-05,-6.474056135630235e-05,0.0013489308924529608,-1.3942212717665825e-05,-0.0004901357897324488,-0.0004009234544355422,0.0006333775287998811,-1.3999965631228406e-05,-0.0004900002750218846,-0.00040099985199049115,0.0006333223111935928
QNL.X0220295.S,QNL.X0220295,-2.0650000000159707,-19.87699999972392,-0.8120000002236338,20.000467444273745,0.019387656607250392,-0.0018397222447674721,-0.00030543333195964806,0.019477142916219103,0.0009149765674010268,0.0002187016434618272,-0.00030543333195964806,0.000989091526613105,-0.0002595301111796289,-0.0003058376023545861,0.00035838365874951705,0.0005378953099643115,-0.0002599999788799323,-0.0003059994924115017,0.0003579998519853689,0.0005379587088199316
QNL.X0220305.E,QNL.X0220305,-0.6330000001071312,-5.962000000181433,-0.24400000029345392,6.0004723982735095,0.01988093106319866,-0.0019855069695040584,-9.021732694236562e-06,0.01997983331405113,0.0009568606174070737,0.00011936117516597733,-9.021732694236562e-06,0.0009643187869903062,0.00048677497943572234,-0.0004253415681887418,-0.00020987681637052447,0.0006796422649333492,0.0004869999656875734,-0.00042500050767557696,-0.0002100000529026147,0.0006796281485660353
QNL.X0220305.S,QNL.X0220305,-0.6339999999909196,-5.962000000181433,-0.24399999983870657,6.000577972335097,0.0206353430485251,-0.0018012087821261957,-0.00024971495804493316,0.020715310602725537,0.0015245462918755948,0.00032287243811879307,-0.00024971495804493316,0.0015782412894230662,0.0002411870809737593,-0.00024104338081087917,-0.0004505695869738702,0.0005650540435809527,0.00024099995243886951,-0.00024099972506519407,-0.00045099977796780877,0.0005652987212828712
MBNV.X0220309.E,MBNV.X0220309,99.45400000003701,-10.236000000077183,0.08200000002034358,99.97940055835974,0.020433141116882325,-0.0024814362404868007,0.000495373569719959,0.020589224771506223,0.0012879967243861756,-0.00035382072383072227,0.000495373569719959,0.0014246121016679276,-1.0984990694851149e-05,7.903145160526037e-05,-0.00024122209651977755,0.0002540762488167626,-1.0999997357430402e-05,7.899961929069832e-05,-0.00024099972506519407,0.0002538558789381051
MBNV.X0220309.S,MBNV.X0220309,99.45400000003701,-10.236000000077183,0.08299999990413198,99.97940138352963,0.02087920915982977,-0.0027233891159994528,-0.0004896601240034215,0.021061766081079306,0.0014217719126463635,-0.000563640242035035,-0.0004896601240034215,0.0016058931256688466,0.0004350830522525939,-0.00016292142390739173,-0.00022625590645475313,0.0005167517662583336,0.00043500006086105714,-0.0001629996404517442,-0.00022599988369620405,0.0005165945055526811
MBNV.X0220315.E,MBNV.X0220315,-0.028000000042993634,-0.0580000005356851,1.9990000000689179,2.0000372497381345,0.020288398900447646,-0.002346223482163623,-0.0002274096004839521,0.0204248772260284,0.0007897340310591972,-0.0001822327249101363,-0.0002274096004839521,0.0008417860370862973,0.00015089028693182627,-0.00011118299880763516,-0.00030467708711512387,0.00035771170700325735,0.00015099999473022763,-0.0001110001903725788,-0.00030499995773425326,0.0003579762769921686
MBNV.X0220315.S,MBNV.X0220315,-0.012999999967178155,0.06099999973230297,-1.9990000000689179,1.9999727498748627,0.021042412413407874,-0.0021076075427117757,7.642893251613714e-05,0.021147836085797594,0.0012313824981902144,8.852657629176974e-05,7.642893251613714e-05,0.0012369240854978416,0.00034362255973974243,0.00024821292754495516,0.00020227480490575545,0.00046968203889673216,0.0003440000000409782,0.0002480001057847403,0.00020199968275846913,0.00046972750008058667
MBNV.X0220321.E,MBNV.X0220321,-0.0850000000127693,-0.4639999997380073,19.99500000010812,20.000563642159758,0.020673323774644814,-0.0019309509298182093,-0.0004462717697606422,0.02076810164355774,0.0008210575970224454,0.00026942598196910694,-0.0004462717697606422,0.000972565900015822,0.00027549640435609035,0.00014934903447283432,8.960159902926534e-05,0.0003259322774131208,0.00027499993393576005,0.00014899978850735351,8.999995770864189e-05,0.0003254625831450765
MBNV.X0220321.S,MBNV.X0220321,0.02599999993435631,0.3100000003541936,-19.998000000214233,20.0004194958202,0.021753119654022157,-0.002804868017847184,0.0002737851900747046,0.021934914123607853,0.0015884310187175288,-0.0005723404683521949,0.0002737851900747046,0.0017104517073690967,-0.00047471371544816066,0.00023286247596843168,0.0004999324119125959,0.0007276746943720738,-0.0004750000925923814,0.0002329998096683994,0.0005000001692678779,0.0007279520372498368
XFFV.X0220323.E,XFFV.X0220323,5.0959999999804495,49.729000000297674,1.0050000000774162,49.99952681805661,0.0217647616409522,-0.0019109274944639765,-0.00046270452003227547,0.021853388493536217,0.0015794515775269247,0.000323721906170249,-0.00046270452003227547,0.0016773665762572858,0.0003422737790970132,-0.0001998141669901088,0.00018328000805922784,0.00043665616054453264,0.0003420000211917795,-0.00019999970390927047,0.00018299988369108178,0.0004364090437765044
XFFH.X0220324.E,XFFH.X0220324,2.025000000003274,19.892999999683525,0.40200000012191595,19.999841949063498,0.02159262896839209,-0.0025455856302869506,-0.0004968692337570246,0.02174783922607538,0.001390071929563419,-0.0003091608959948644,-0.0004968692337570246,0.0015082305740260033,-0.0003763661879929714,-0.0004611410986399278,-0.0002384754225204233,0.0006412278436449051,-0.00037600000268867007,-0.000461000126961153,-0.00023799975679139607,0.0006407347370892596
XFFV.X0220323.S,XFFV.X0220323,5.0959999999804495,49.729999999726715,1.0050000000774162,50.0005214070091,0.02159262896839209,-0.0025455856302869506,-0.0004968692337570246,0.02174783922607538,0.001390071929563419,-0.0003091608959948644,-0.0004968692337570246,0.0015082305740260033,0.00017014110653690295,0.00016552712622797117,0.00014911529433447868,0.0002803258758219631,0.0001699999074844527,0.0001660000634728931,0.00014899978850735351,0.0002804584222179164
XFFH.X0220324.S,XFFH.X0220324,2.0260000000007494,19.892999999683525,0.40100000023812754,19.99992314954242,0.02142049640951882,-0.0021802443370688707,0.0004689659363066312,0.0215362731420491,0.0012006922815999133,5.795482138637453e-05,0.0004689659363066312,0.0012903293245646581,0.0004515012506089988,-9.579980542184785e-05,-0.00027264013624517247,0.0005360630801614117,0.00045199999476608355,-9.59998942562379e-05,-0.00027299984139972366,0.0005367018617165612
MBNV.X0220327.E,MBNV.X0220327,2.1679999999832944,1.7539999998916755,2.0349999999780266,3.452240576706399,0.02105928660967038,-0.0026604029699228704,-0.0003415270839468576,0.021229412078992812,0.000781492531132244,-0.00041623570723459125,-0.0003415270839468576,0.0009490118488521657,-8.738436463318067e-05,-0.00012657801562454551,-4.1281509766122326e-05,0.00015925509181926594,-8.699998943484388e-05,-0.00012700002116616815,-4.1000021155923605e-05,0.0001593078945710359
MBNV.X0220327.S,MBNV.X0220327,-1.8019999999978609,2.2260000005189795,-1.9680000000334985,3.474953812993007,0.021488460674845555,-0.0021969908630126156,0.000314193130179774,0.02160276436823762,0.0008982012786873383,7.933340384624898e-05,0.000314193130179774,0.0009548699644734701,-0.0004681801328842994,1.9503204384818673e-05,0.00042058900362462737,0.000629657146214345,-0.0004679999392465106,2.0000697986688465e-05,0.00042100009522982873,0.0006298135051253006
MBNV.X0220333.E,MBNV.X0220333,1.9670000000360233,-0.2029999996011611,0.00199999976757681,1.9774483558310332,0.022075760853113024,-0.001978221916942857,-0.00048659194362699054,0.02216955910513588,0.001444253939553164,0.0003023469616891816,-0.00048659194362699054,0.0015537228989624262,-0.00041312159737572074,-0.00020701190805993974,-0.0001413241079717409,0.0004832141220938109,-0.0004129999524593586,-0.0002070000846288167,-0.00014100032785790972,0.0004830104431829686
MBNV.X0220333.S,MBNV.X0220333,-2.012000000036096,0.20599999970727367,-0.00199999976757681,2.0225192211753433,0.02188254097745812,-0.0026956140573020093,1.6078047337941825e-05,0.022047952133467275,0.0009385405519424239,-0.0003828836270258762,1.6078047337941825e-05,0.0010137636524807352,-0.00046478032800223446,0.00012469263310777023,-0.00031349372875411063,0.0005743233618941245,-0.0004649999709727126,0.00012500004231696948,-0.00031299987313104793,0.0005742986193296305
MBNV.X0220339.E,MBNV.X0220339,19.87300000007508,-2.0450000001801527,0.015999999959603883,19.977948092927853,0.022205730829227832,-0.0022257763703237288,0.00029760849429294467,0.02231898592962248,0.0012204801578263869,9.119958122028038e-05,0.00029760849429294467,0.0012595475358786546,0.0003169056981278118,0.00048631682147970423,-0.0002497108653187752,0.0006318930199157527,0.0003170000582031207,0.00048600031732348725,-0.00025000008463393897,0.0006318111962099824
MBNV.X0220339.S,MBNV.X0220339,-19.934000000034757,1.8909999998868443,-0.01699999984339229,20.02349934454396,0.02242184814349457,-0.0026210673240711913,-4.982712198398076e-05,0.022574581963556484,0.0011240904314036015,-0.0002719270923989825,-4.982712198398076e-05,0.0011575864475877843,-0.0003078233703490696,-0.00017210641090059653,-2.9145212465664372e-05,0.00035387185168619185,-0.000308000039694889,-0.0001720000000204891,-2.8999693313380703e-05,0.0003539618717762855
QNL.X0220343.E,QNL.X0220343,-0.007999999979801942,-0.009000000318337698,-19.99999999998181,20.000003624981616,0.02311459138581995,-0.002168847458960954,8.490496838930994e-05,0.023216275392218287,0.0017824577298597433,0.00018383070710115135,8.490496838930994e-05,0.0017939225572101065,-0.000388423814001726,-0.00017342154023936018,7.587368600070477e-05,0.00043209363120737265,-0.0003879999894706998,-0.00017299953469773754,7.599965101690032e-05,0.0004315654965235144
QNL.X0220343.S,QNL.X0220343,-0.006999999982326699,-0.007999999979801942,-19.99999999998181,20.000002824981596,0.02293480724802066,-0.0026227562557323836,-3.7185600376687944e-05,0.02308431538187173,0.0014157936902847723,-0.00025084318622248247,-3.7185600376687944e-05,0.0014383243189210824,0.0004317920456742286,0.0003726700015249662,-4.621688276529312e-05,0.0005722440921466068,0.0004319999789004214,0.0003730001481017098,-4.599996827892028e-05,0.0005725985411573484
QNL.X0220353.E,QNL.X0220353,-0.01899999995202961,0.0,-6.000000000312866,6.000030083570629,0.02383063338129432,-0.0028330750865279697,0.00018071750673698261,0.02399912624694503,0.0018598578890305362,-0.00041466319089522585,0.00018071750673698261,0.001914073077631511,0.00017972888599615544,0.0004655530574382283,0.00017800766727305017,0.0005298385144168875,0.0001800000291041215,0.0004659996193367988,0.0001779999365680851,0.0005303203118095406
QNL.X0220353.S,QNL.X0220353,-0.01900000006571645,-0.000999999429041054,-5.999999999858119,6.000030166449064,0.02365084924349503,-0.0022869835447636433,5.862648322363384e-05,0.02376123735702929,0.0014931938494555652,0.0001506632543168962,5.862648322363384e-05,0.0015019202218455074,-5.5365489970427006e-08,1.1645170161500573e-05,5.591709850705229e-05,5.7116853544949163e-05,0.0,1.2000782589893788e-05,5.5999862524913624e-05,5.727131381048564e-05
QNL.X0220370.E,QNL.X0220370,-0.022999999941930582,0.0020000006770715117,-1.9999999999527063,2.0001332455141236,0.024356667040592583,-0.002807691998896189,0.00031091303753782995,0.02451993129280475,0.0013432390915113501,-0.00028196336643304676,0.00031091303753782995,0.0014072887102103441,-0.00019363437786523718,0.00029185139283072203,0.00031000990929896943,0.0004677367332720888,-0.0001939999947353499,0.0002920005499618128,0.0003100003596046008,0.000467974937459581
QNL.X0220370.S,QNL.X0220370,-0.02300000005561742,0.0010000003385357559,-1.9999999999527063,2.0001324955647464,0.024176882902793295,-0.0022616004571318626,0.00018882201402448118,0.02428316612956511,0.0009765750519363792,0.0002833630787790753,0.00018882201402448118,0.001034237506310789,-0.00037341862935136305,-0.00016205740394070745,0.00018791888578562066,0.00044834984393167954,-0.00037300003441487206,-0.00016200010577449575,0.00018799983081407845,0.00044801450459841773
MDSV.X0220372.E,MDSV.X0220372,-0.025000000050567905,0.0020000006770715117,0.0,0.025079872512368994,0.02496042964139633,-0.00240880672208732,-6.509571903734468e-05,0.025076475732449057,0.0017298084458161611,0.0001392772901454009,-6.509571903734468e-05,0.0017366268670627428,-3.9570409171574283e-05,-0.0004088060450158082,-6.509571903734468e-05,0.00041584330265192647,-4.000003173132427e-05,-0.00040899976738728583,-6.500022209365852e-05,0.00041605990089599575
MDSV.X0220372.S,MDSV.X0220372,-0.024999999936881068,0.003000000106112566,0.0,0.02517935657400182,0.02475111557487253,-0.0026521965992287733,0.00019729122868739069,0.024893589392262723,0.0014767432503504097,-9.960967872757465e-05,0.00019729122868739069,0.0014931900563788536,-0.00024888436200853903,0.0003478035068837926,0.00019729122868739069,0.00047099313579928334,-0.0002489999815225019,0.00034799995773937553,0.00019700019038282335,0.000471077526948253
XVW.X0220373.E,XVW.X0220373,-0.024999999936881068,0.003000000106112566,0.0,0.02517935657400182,0.024683169726813503,-0.0026055186026496813,0.00024823293642839417,0.024821547384120998,0.001393550064676674,-5.1361894293222576e-05,0.00024823293642839417,0.0014164178118315281,-0.0003168302100675646,0.0003944815034628846,0.00024823293642839417,0.0005635748657575656,-0.000316999944516283,0.0003940003807656467,0.0002480001057847403,0.0005632311402399937
XVW.X0220373.S,XVW.X0220373,-0.023999999939405825,0.003000000106112566,0.0,0.024186773197931034,0.024444568339276884,-0.003079981979681179,0.00029498460207832977,0.024639606859773594,0.0011549424243639805,-0.0005258252713247202,0.00029498460207832977,0.0013028430968550185,0.00044456839987105923,-7.998187356861308e-05,0.00029498460207832977,0.0005394942796052338,0.0004450000687938882,-8.000006346264854e-05,0.0002950000634882599,0.0005398611940477574
XWCA.X0220374.E,XWCA.X0220374,-0.025000000050567905,0.003000000106112566,0.0,0.02517935668687885,0.02524941157844296,-0.002794943611661438,-0.00010996336641255766,0.02540386952399042,0.001938850800797809,-0.00023863140086177737,-0.00010996336641255766,0.001956573360542441,0.00024941152787505416,0.00020505649445112795,-0.00010996336641255766,0.0003410956143170662,0.0002489999815225019,0.00020500010577961802,-0.00010999974620062858,0.0003407726196924623
XSCI.X0220374.E,XSCI.X0220374,-1.8099999999776628,2.1969999997963896,-0.002999999651365215,2.8465624881639933,0.02508861314254318,-0.002472947926435154,-5.890206011827104e-05,0.025210264780754218,0.0017743022908689454,8.374991011805832e-05,-5.890206011827104e-05,0.0017772540953712125,-0.00019453091226750985,0.0002665756255737506,-0.0004691341928264592,0.0005735780076472593,-0.00019499998415994924,0.00026700035959947854,-0.0004690000423579477,0.000573825082738972
XWCA.X0220374.S,XWCA.X0220374,-0.024999999936881068,0.00199999976757681,0.0,0.02507987232651635,0.02508861314254318,-0.002472947926435154,-5.890206011827104e-05,0.025210264780754218,0.0017743022908689454,8.374991011805832e-05,-5.890206011827104e-05,0.0017772540953712125,8.861320566211361e-05,-0.00047294815885834396,-5.890206011827104e-05,0.0004847697534617747,8.900008197088027e-05,-0.000473000000056345,-5.9000285546062514e-05,0.00048490313294372793
XSCI.X0220374.S,XSCI.X0220374,-1.8089999999801876,2.1969999997963896,-0.00199999976757681,2.8459258597217048,0.024487282644258812,-0.0029362900022533722,-0.0003071327228099108,0.024664613128662135,0.001166721631307155,-0.0003789491529460065,-0.0003071327228099108,0.0012645838583894523,0.00020413858692336362,-0.0001967664502444677,0.00028263502827030607,0.00040034005272796897,0.00020400000266818097,-0.00019700019038282335,0.0002830001903930679,0.00040064221427852455
XVW.X0220374.E,XVW.X0220374,-0.025000000050567905,0.0020000006770715117,0.0,0.025079872512368994,0.024668241508152278,-0.0022545391402672976,-4.739422365673818e-05,0.0247710987251668,0.0013366832263272954,0.0003039340299437754,-4.739422365673818e-05,0.0013716209952237667,-0.00033175854241562774,-0.0002545384631957859,-4.739422365673818e-05,0.0004208322375339599,-0.00033200001325894846,-0.00025499957700958475,-4.70004124508705e-05,0.0004212574412987396
XVW.X0220374.S,XVW.X0220374,-0.024000000053092663,0.003000000106112566,0.0,0.02418677331073997,0.02442964012061566,-0.0027290025172987953,-6.425580068025738e-07,0.02458159416260667,0.0010980756997014396,-0.0001705284375930205,-6.425580068025738e-07,0.001111238319706225,0.0004296400675229961,0.00027099758881377056,-6.425580068025738e-07,0.0005079672170965703,0.00043000000005122274,0.0002709994078031741,-9.999894245993346e-07,0.0005082732326736987
MBNH.X0220377.E,MBNH.X0220377,-0.10199999996984843,0.0580000005356851,99.99999999990905,100.00006883988563,0.0248640093332142,-0.0029512566470657475,-0.0003672944330901373,0.025041241604992184,0.001508697323515662,-0.0003903387550963089,-0.0003672944330901373,0.0016010737516718159,0.0003790854634644347,7.161088433349505e-05,-0.0003221389306418132,0.0005026006346992822,0.0003790000846493058,7.200014806585386e-05,-0.00032200023269979283,0.000502502970483167
MBNH.X0220377.S,MBNH.X0220377,-0.371999999970285,-4.031000000395579,-99.99800000014147,100.079904821255,0.025351681415486382,-0.002974562448798679,0.00032148273021448404,0.0255276149199244,0.0016839788941069855,-0.0003803543222602457,0.00032148273021448404,0.001756076727277597,-0.00013570581813837634,7.405378710245714e-05,0.0004174326022621244,0.00044514043839236967,-0.00013600003967439989,7.400012691505253e-05,0.0004170001375314314,0.0004448158543443735
MBNH.X0220382.E,MBNH.X0220382,-19.911999999976615,2.276000000165368,19.98299999968367,28.30173508792666,0.024882990260266524,-0.003158934305247385,-5.433003025245853e-05,0.025082763444038113,0.0011740683021344012,-0.0005601841621682979,-5.433003025245853e-05,0.001301996323269842,1.2725877240882255e-05,-0.0004926096153212711,-0.00039801625462132506,0.0006334375423049285,1.3000089893466793e-05,-0.0004929997885483317,-0.00039800033846404403,0.0006337365882316024
MBNH.X0220382.S,MBNH.X0220382,-19.911999999976615,2.276000000165368,19.984000000022206,28.30244116680943,0.025288002348133887,-0.002821787347784266,-0.00025496956368442625,0.02544622872006274,0.0012669377156271366,-0.0001875005182228051,-0.00025496956368442625,0.0013058702454753132,0.0004177379651082447,-0.00015546265785815194,0.0004013445504824631,0.0005997925422036092,0.000418000013269193,-0.00015499972505494952,0.00040100030673784204,0.000599625026048779
XCSV.X0220386.E,XCSV.X0220386,-0.06400000006578921,0.030000000151630957,49.99999999972715,50.000049959702366,0.025208984880009666,-0.0028998574634897523,0.00024764176487224177,0.025376434312819093,0.00116264720873005,-0.0002626011337270029,0.00024764176487224177,0.0012173883238767826,-3.347713573020883e-05,-0.0003884242687490769,0.00027021906134905294,0.000474354795787201,-3.300010575912893e-05,-0.0003879995347233489,0.00026999987312592566,0.0004738486862002098
XCSV.X0220386.S,XCSV.X0220386,-0.06399999995210237,0.030000000151630957,50.0000000001819,50.00004996015697,0.02565521606356924,-0.0029992961572133936,-0.00019035223886021413,0.02583064309462572,0.0015464758007510682,-0.0003547074811649509,-0.00019035223886021413,0.0015980108805456043,0.0004127541615162045,-0.0004878629624727182,-0.00016777448763605207,0.000660700042911412,0.0004129999524593586,-0.0004880002961726859,-0.00016800004232209176,0.000661012302469694
MCXCA.X0220387.E,MCXCA.X0220387,-0.025000000050567905,0.003000000106112566,0.0,0.02517935668687885,0.025273547862525447,-0.003110121724603232,3.386958269402385e-05,0.025464214612861035,0.0011454627610874013,-0.00046326022129505873,3.386958269402385e-05,0.0012360591079330254,0.00027354781195754185,-0.00011012161849066615,3.386958269402385e-05,0.0002968203579905358,0.0002739999445111607,-0.00010999974620062858,3.400009518372826e-05,0.00029720686437029756
MCXCA.X0220387.S,MCXCA.X0220387,-0.02599999993435631,0.0020000006770715117,0.0,0.026076809607289284,0.025652040335444326,-0.0023498978407587856,0.00025867211661534384,0.02576074735905734,0.001498994151916122,0.00029989678296260536,0.00025867211661534384,0.0015504298796863779,-0.00034795959891198436,-0.00034989716368727386,0.00025867211661534384,0.0005571491465897171,-0.00034799995773937553,-0.0003499999365885742,0.000258999989455333,0.0005573911738953853
MBXGD.X0220389.E,MBXGD.X0220389,-1.7799999999397187,2.223999999841908,1.9969999998465937,3.4788769737473473,0.02524846252072166,-0.002878125087590888,0.00020624474927899428,0.02541281174086629,0.0010651510820025578,-0.0002247752490802668,0.00020624474927899428,0.0011079745650038502,-0.0002485406866981066,0.00030383762350538746,-0.00021371079128584825,0.000446947510020798,-0.0002489999815225019,0.00030399951356230304,-0.00021400001060101204,0.000447451337668753
MBXGD.X0220389.S,MBXGD.X0220389,-1.7800000000534055,2.2240000007514027,1.9979999997303821,3.4794511064900697,0.025587156414985657,-0.0031764402592671104,-0.00010773601388791576,0.025783792451350575,0.001216637201650883,-0.0005010942913941108,-0.00010773601388791576,0.0013201926442747342,9.01530938790529e-05,5.523361323866993e-06,0.0004723083293356467,0.00048086718105533994,8.999995770864189e-05,6.0008460422977805e-06,0.0004720000106317457,0.000480541374469617
MBNH.X0220394.E,MBNH.X0220394,-5.266000000005988,6.683999999950174,5.993000000216853,10.407817302489327,0.026330735863666632,-0.002482848685758654,-0.0003255727278883569,0.02644954038012189,0.0019177829244654276,0.00019748313206946477,-0.0003255727278883569,0.00195522084020394,-0.00015437149158969987,0.00018443552107783034,0.00040634085962665267,0.00047218631180182116,-0.00015399996300402563,0.0001839998731156811,0.0004059997991134878,0.00047160129218654654
MBNH.X0220394.S,MBNH.X0220394,-5.265000000008513,6.683999999950174,5.992000000333064,10.406735559406465,0.02594153340851335,-0.002526161551941186,0.00046564082367694937,0.026068399819478654,0.0012167014347141958,0.0001919524947879836,0.00046564082367694937,0.0013168255458356893,0.0004564259370454238,0.0001411217454005964,0.00019755452740355395,0.0005169794718655137,0.0004559999524644809,0.00014099987311055884,0.00019800017980742268,0.0005167407397027781
MBNH.X0220399.E,MBNH.X0220399,-0.026999999931831553,0.003000000106112566,0.0,0.027166155358378914,0.026750394113150833,-0.002868620867957361,6.842537914053537e-05,0.02690385200906156,0.0019706957345988485,-0.00014366014511324465,6.842537914053537e-05,0.0019771094932174546,-0.0002496058186807204,0.0001313792381552048,6.842537914053537e-05,0.0002902509284189126,-0.00024999997094710125,0.0001309999788645655,6.799973562010564e-05,0.0002903186938184869
MBNH.X0220399.S,MBNH.X0220399,-0.026999999931831553,0.003000000106112566,0.0,0.027166155358378914,0.026705919935920974,-0.003250725058023818,-0.000265684775513364,0.02690434837394552,0.0016146224197655101,-0.00048573838284937665,-0.000265684775513364,0.0017069082385770319,-0.0002940799959105789,-0.000250724951911252,-0.000265684775513364,0.0004689716893856732,-0.00029399996037682286,-0.0002509996193111874,-0.0002659999154275283,0.00046924699317458244
XFFV.X0220402.E,XFFV.X0220402,-43.04700000000139,56.1199999992823,-0.06399999983841553,70.72837270091505,0.026641477688826853,-0.0025778681447263807,9.325913197244518e-05,0.026766068722947536,0.0015296243418561062,0.00018983428162755445,9.325913197244518e-05,0.0015441777577002039,0.0002774389713522396,-0.0004962193997926079,0.0002927895366156008,0.0006394777465300126,0.00027700002647179645,-0.0004960002115694806,0.00029300008463906124,0.000639213793766094
XFFH.X0220403.E,XFFH.X0220403,-2.011000000038621,0.2660000000105356,1.9990000000689179,2.847960322833953,0.027114610247735982,-0.0030715000320924446,-0.0004974413059244398,0.027292556662698583,0.0019855646087307832,-0.00030152659746818244,-0.0004974413059244398,0.0020690173893094226,0.0004361969558885903,-0.0001160833562607877,0.00018441915017319843,0.0004875997876105428,0.00043599993659881875,-0.00011599968274822459,0.000184000327863032,0.00048724530963937043
XFFV.X0220402.S,XFFV.X0220402,-43.047999999998865,56.120999999620835,-0.06400000029316288,70.7297747837315,0.027114610247735982,-0.0030715000320924446,-0.0004974413059244398,0.027292556662698583,0.0019855646087307832,-0.00030152659746818244,-0.0004974413059244398,0.0020690173893094226,-0.0002494284672138747,1.0149051377084106e-05,-0.00029791135602863505,0.00038867562253290056,-0.0002489999815225019,9.999894245993346e-06,-0.0002980000317620579,0.00038846493743106966
XFFH.X0220403.S,XFFH.X0220403,-2.011000000038621,0.2660000000105356,1.9979999997303821,2.8472585058409337,0.026587742809169868,-0.0025651315809227526,-8.81418600329198e-05,0.026711340975351675,0.0014415049918170553,0.00020711286197183654,-8.81418600329198e-05,0.0014589727093121778,-9.067048267752398e-05,0.0003902850949089043,-0.00040628174247103743,0.0005706211054652026,-9.099994713324122e-05,0.00039000042306724936,-0.0004060002538608387,0.00057027846400329
XVW.X0220406.E,XVW.X0220406,-0.026999999931831553,0.003000000106112566,0.0,0.027166155358378914,0.027318743491377973,-0.002535447492846288,0.0001312519088969566,0.027436462363072175,0.0019588526356528746,0.0002650231181178242,0.0001312519088969566,0.00198105223679998,0.0003187435595464194,0.00046455261326627806,0.0001312519088969566,0.0005784752810915475,0.0003190000370523194,0.00046500008465955034,0.0001309999788645655,0.000578918903504875
XVW.X0220406.S,XVW.X0220406,-0.02700000004551839,0.003000000106112566,0.0,0.027166155471370412,0.026601992772157246,-0.002501749804650899,0.00018447326510795392,0.026720007520966694,0.0012420944131008582,0.00029872171580791473,0.00018447326510795392,0.0012907608531758236,-0.00039800727336114505,0.0004982503014616668,0.00018447326510795392,0.0006638475262397267,-0.00039799999740353087,0.0004980001904186793,0.0001839998731156811,0.0006635240318909617
XWCA.X0220408.E,XWCA.X0220408,-0.02700000004551839,0.003000000106112566,0.0,0.027166155471370412,0.027009231416741386,-0.0028408094294718467,-0.00033212882044608705,0.027160248332646682,0.0016388720496252063,-3.895547706633806e-05,-0.00033212882044608705,0.0016726412280005235,9.231371222995222e-06,0.00015919067664071918,-0.00033212882044608705,0.0003684242705290952,8.999904821394011e-06,0.00015900059224804863,-0.0003320001269457862,0.0003682204107787108
XSCI.X0220408.E,XSCI.X0220408,-0.02700000004551839,0.003000000106112566,0.0,0.027166155471370412,0.02663382554146665,-0.0029915991035522893,0.0002785882315947674,0.026802759924538355,0.0012597287195603712,-0.000189251295523718,0.0002785882315947674,0.001303972354969889,-0.0003661745040517417,8.401002560276538e-06,0.0002785882315947674,0.0004601801245649974,-0.000365999994755839,8.00082489149645e-06,0.00027899977794731967,0.00046028348379544557
XWCA.X0220408.S,XWCA.X0220408,-0.02700000004551839,0.003000000106112566,0.0,0.027166155471370412,0.02663382554146665,-0.0029915991035522893,0.0002785882315947674,0.026802759924538355,0.0012597287195603712,-0.000189251295523718,0.0002785882315947674,0.001303972354969889,-0.0003661745040517417,8.401002560276538e-06,0.0002785882315947674,0.0004601801245649974,-0.000365999994755839,8.00082489149645e-06,0.00027899977794731967,0.00046028348379544557
XSCI.X0220408.S,XSCI.X0220408,-0.026999999931831553,0.003000000106112566,0.0,0.027166155358378914,0.02734148210947751,-0.002576248334662523,-0.00037021618481958285,0.02746508254945236,0.00196115615835879,0.00022692165657645091,-0.00037021618481958285,0.0020086530161265723,0.00034148217764595756,0.0004237517714500427,-0.00037021618481958285,0.0006582063999683094,0.0003410000317671802,0.00042400006350362673,-0.0003699997250805609,0.0006579945836220751
XVW.X0220407.E,XVW.X0220407,-0.02700000004551839,0.003000000106112566,0.0,0.027166155471370412,0.027376980938242923,-0.0026187381081399508,-0.00045621709432452917,0.02750572683295416,0.0019778469777520513,0.0001869166226242669,-0.00045621709432452917,0.0020383695760018846,0.00037698089272453217,0.00038126199797261506,-0.00045621709432452917,0.0007039952711001487,0.0003769999921132694,0.00038100006349850446,-0.00045600017983815633,0.0007037231035369668
XVW.X0220407.S,XVW.X0220407,-0.02700000004551839,0.003000000106112566,0.0,0.027166155471370412,0.02666023010533536,-0.002585040419944562,-0.00040299573811353184,0.026788294249673956,0.0012610886415131972,0.00022061522031435743,-0.00040299573811353184,0.0013421703327542388,-0.0003397699401830323,0.00041495968616800383,-0.00040299573811353184,0.0006708507422178945,-0.00034000004234258085,0.00041499970393488184,-0.0004030002855870407,0.000670994793751958
QNL.X0220423.E,QNL.X0220423,-5.981000000019776,0.7930000001579174,5.9949999999844295,8.505365071547507,0.027568967993829574,-0.0033958913263631985,-0.00047592538976459764,0.027781407075990423,0.0012909098359159543,-0.00047412049752892926,-0.00047592538976459764,0.0014552468612796317,-0.0004662715582526289,0.00047035791794769466,-0.0004303437890484929,0.0007898363841860153,-0.00046599996039731195,0.0004699995770351961,-0.00043000000005122274,0.0007892753420369922
QNL.X0220423.S,QNL.X0220423,-5.981000000019776,0.7919999998193816,5.9949999999844295,8.505271894523053,0.02852790373708558,-0.003076901521126274,-0.0003751806616492104,0.028695807622926492,0.002063596639345633,-0.00013052522263024002,-0.0003751806616492104,0.0021014824416437086,0.0004926641850033775,-0.00021065261535113677,-0.00032959906093310565,0.0006290692048632656,0.0004930000159220072,-0.00021100004232721403,-0.0003300001480965875,0.0006296587419427726
MBXHD.X0220432.E,MBXHD.X0220432,-0.028000000042993634,0.003000000106112566,0.0,0.028160255734710912,0.028105196065553173,-0.0028397971618687734,0.00022592985260416754,0.028249204202986697,0.0012208633961563464,0.0001620692273718305,0.00022592985260416754,0.001252125458903001,0.00010519602255953941,0.00016020294424379244,0.00022592985260416754,0.00029626927752378856,0.00010500002645130735,0.00016000012692529708,0.00022599988369620405,0.0002961435354715415
MBXHD.X0220432.S,MBXHD.X0220432,-0.02899999992678204,0.003000000106112566,0.0,0.02915475941231609,0.028796613833037554,-0.0034560271160444245,5.8166733651887625e-06,0.029003260601346413,0.001756554638632224,-0.00043358795664971694,5.8166733651887625e-06,0.0018092861985714414,-0.00020338609374448424,-0.00045602700993185863,5.8166733651887625e-06,0.0004993599609550899,-0.00020300001324358163,-0.00045599972509080544,5.999936547596008e-06,0.0004991800816322298
XFFV.X0220441.E,XFFV.X0220441,0.23099999998521525,1.9869999996444676,1.9989999996141705,2.82799062888082,0.029050242005723703,-0.0028656340873567387,0.00040165241443901323,0.02919400184927992,0.001487377744524565,0.00022587300918530673,0.00040165241443901323,0.0015571242189401902,-0.0003453034196354565,0.00026312955014873296,0.00028957902031834237,0.0005218501899797927,-0.00034499998946557753,0.00026299949240637943,0.00028999966161791235,0.000521817525075352
XFFH.X0220442.E,XFFH.X0220442,-49.63799999995899,6.579000000783708,49.958000000060565,70.73200159059753,0.029523374450945994,-0.0033592659747228026,-0.00018904847820522264,0.029714475364488815,0.0019433178977124044,-0.0002654869604157284,-0.00018904847820522264,0.0019704586026688944,-0.00043695456497516716,-0.0004738576535601169,-0.00014253828339860775,0.0006601420528373868,-0.0004370000397102558,-0.00047399953473359346,-0.0001429998519597575,0.000660373796644704
XFFV.X0220441.S,XFFV.X0220441,0.2310000000989021,1.9870000005539623,1.9990000000689179,2.8279906298505786,0.029523374450945994,-0.0033592659747228026,-0.00018904847820522264,0.029714475364488815,0.0019433178977124044,-0.0002654869604157284,-0.00018904847820522264,0.0019704586026688944,0.0001278291392736719,-0.00023050142772262916,-0.0003011214175785426,0.0004001815902238998,0.0001280000105907675,-0.00023099983081920072,-0.0003010000000358559,0.0004004321722480865
XFFH.X0220442.S,XFFH.X0220442,-49.63699999996152,6.578999999874213,49.958000000060565,70.7312998184013,0.02899650701237988,-0.0028528975235531107,0.00022025096768629737,0.029137346373471585,0.0013992582807986764,0.0002431524990242906,0.00022025096768629737,0.0014372047046027144,3.617799393396126e-05,3.250988811487332e-05,0.00026676116249291226,0.00027115910068610505,3.600007403292693e-05,3.2999196264427155e-05,0.00026699990485212766,0.00027142936737854957
QNL.X0220444.E,QNL.X0220444,-0.02999999992425728,0.004000000444648322,0.0,0.030265491884531193,0.029744071184722998,-0.0037576346585410647,-0.00011544534572749399,0.029980709072615144,0.0021243978380880435,-0.000658622411719989,-0.00011544534572749399,0.0022271455461067534,-0.0002559287395342835,0.000242365786107257,-0.00011544534572749399,0.0003709020380708852,-0.00025599990749469725,0.0002420001692371443,-0.00011500014807097614,0.0003705739718388846
QNL.X0220444.S,QNL.X0220444,-0.03000000003794412,0.002999999196617864,0.0,0.030149626821178978,0.02970300693050376,-0.0034386448533041403,-1.4700617612106726e-05,0.029901389854802195,0.0018970846440424793,-0.0003150271368212998,-1.4700617612106726e-05,0.0019231194325246117,-0.00029699310744035756,-0.0004386456566862762,-1.4700617612106726e-05,0.0005299349263400098,-0.0002970000423374586,-0.00043900035961996764,-1.5000296116340905e-05,0.0005302408412961897
XVW.X0220446.E,XVW.X0220446,-0.02999999992425728,0.003000000106112566,0.0,0.030149626798554444,0.02987205550653016,-0.0031340468922280706,-0.00029308330340427347,0.030037440768658,0.0020493184820224997,-8.207280188798904e-06,-0.00029308330340427347,0.0020701863256580217,-0.00012794441772712162,-0.0001340467861155048,-0.00029308330340427347,0.00034675082931377325,-0.0001280000105907675,-0.0001339994923910126,-0.00029299962989171036,0.000346682347097404
XVW.X0220446.S,XVW.X0220446,-0.029000000040468876,0.002999999196617864,0.0,0.02915475943181323,0.029155304787309433,-0.00310034829453798,-0.00023986194719327614,0.029320666611488633,0.001332560373157321,2.5492226995993406e-05,-0.00023986194719327614,0.0013542159190682054,0.00015530474684055662,-0.00010034909792011604,-0.00023986194719327614,0.00030285848106985613,0.00015499995242862497,-0.000100000761449337,-0.00023999973564059474,0.00030269623494665174
XSCI.X0220446.E,XSCI.X0220446,-1.7510000000129367,2.247999999781314,-0.002000000222324161,2.84947521467778,0.02981356453801709,-0.0030173077902873047,-0.00012508735380833969,0.029966121264019496,0.0019705793192770216,0.00011120664566988125,-0.00012508735380833969,0.00197767454796946,-0.00036099709177506156,0.00026595807867124677,0.00044289345169090666,0.0006302437698472226,-0.0003609999339460046,0.0002659999154275283,0.0004429998625710141,0.0006303378344621314
XEMC.X0220447.E,XEMC.X0220447,2.5739999999814245,19.842000000608095,19.990999999663472,28.283750122828142,0.029521221222239546,-0.0036019573599332944,0.00022610811356571503,0.02974101081258343,0.001672006987973873,-0.00047261983127100393,0.00022610811356571503,0.0017521705829525679,-0.00043423221995908534,-0.00031431318348040804,0.00010537814887356944,0.000546310307810684,-0.0004339999577496201,-0.0003139994078082964,0.0001049997990776319,0.0005458722828986428
XSCI.X0220446.S,XSCI.X0220446,-1.7500000000154614,2.2480000006908085,-0.003000000106112566,2.8488617030597725,0.029521221222239546,-0.0036019573599332944,0.00022610811356571503,0.02974101081258343,0.001672006987973873,-0.00047261983127100393,0.00022610811356571503,0.0017521705829525679,0.0003466595899226377,-0.00031869058148004115,-0.0002059109647234436,0.0005139415174927564,0.0003469999683147762,-0.00031899980967864394,-0.00020600009520421736,0.0005143985767958669
XEMC.X0220447.S,XEMC.X0220447,2.5749999999788997,19.842000000608095,19.99100000011822,28.28384114700034,0.02918247491834336,-0.003279150405433029,3.5671746445586905e-05,0.029366153003324853,0.0012834282188123325,-0.00014322904462460428,3.5671746445586905e-05,0.0012918881629469137,0.0002270214736199705,8.493771019857377e-06,-8.50577634992078e-05,0.00024258136111871394,0.0002269999868076411,8.00082489149645e-06,-8.500001058564521e-05,0.00024252424416782218
XCIO.X0220450.E,XCIO.X0220450,-0.029000000040468876,0.003000000106112566,0.0,0.029154759525399455,0.02946774429801735,-0.0031076833693077788,0.00016287913240375929,0.029631607778670715,0.0014139053519102163,4.8687070375308394e-05,0.00016287913240375929,0.0014240886161874494,0.0004677442575484747,-0.00010768326319521293,0.00016287913240375929,0.0005068628881803685,0.00046800005293334834,-0.00010800067684613168,0.00016300009519909509,0.0005072053102834724
XCIO.X0220450.S,XCIO.X0220450,-0.03000000003794412,0.003000000106112566,0.0,0.030149626911677076,0.030082595003477763,-0.002877421138691716,0.0004308112693252042,0.03022296598453621,0.0019353201423655264,0.00029129296308383346,0.0004308112693252042,0.0020039745491311693,8.259496553364443e-05,0.00012257896742084995,0.0004308112693252042,0.00045546227216209615,8.300003173644654e-05,0.00012300006346777081,0.0004309999894758221,0.00045582783132393917
XCHV.X0220452.E,XCHV.X0220452,-1.752000000010412,2.248999999210355,1.997000000301341,3.4807346922292446,0.029943964364065323,-0.003154504156555049,9.89898580883164e-05,0.03010982725460479,0.001767101480254496,1.8118953448720276e-05,9.89898580883164e-05,0.0017699646691377918,0.0003197042133251671,2.9218426789157093e-05,-0.00033212563721463084,0.00046192200572945416,0.0003200000264769187,2.8999238566029817e-05,-0.0003319996721984353,0.0004620224617077688
XCHV.X0220452.S,XCHV.X0220452,-1.752000000010412,2.2490000001198496,1.9979999997303821,3.4813085182870784,0.03002053153977613,-0.003000996002811007,-0.0003890550033247564,0.030172664031125805,0.001781378045961901,0.00017985712474910542,-0.0003890550033247564,0.0018322172697499831,0.0003962713890359737,0.00018272749002790079,0.00017982893041335046,0.0004719732975434164,0.0003960000185543322,0.00018300033843843266,0.00017999991541728377,0.00047191642068680095
XSCI.X0220453.E,XSCI.X0220453,-1.7510000000129367,2.247999999781314,-0.002999999651365215,2.849476092031656,0.029679534122806217,-0.003642912815848831,0.00030494311431539245,0.029903821659340846,0.0014273618944571353,-0.00046033983380766585,0.00030494311431539245,0.0015304460275706237,-0.0004950275069859345,-0.00035964694689027965,-0.0001270755092264153,0.0006249370721323562,-0.0004949999947712058,-0.00035999983083456755,-0.00012700002116616815,0.0006251030942177603
XSCI.X0220453.S,XSCI.X0220453,-1.7510000000129367,2.247999999781314,-0.002000000222324161,2.84947521467778,0.030387190804503916,-0.003227562046959065,-0.0003438613020989578,0.0305600517399984,0.0021287895606292295,-4.416688170749694e-05,-0.0003438613020989578,0.002156834787823338,0.0002126291747117648,5.5703821999486536e-05,0.00022411950340028852,0.0003139166028236618,0.0002130000211764127,5.600031727226451e-05,0.00022399990484700538,0.00031413532422701844
XCET.X0220459.E,XCET.X0220459,-0.03000000003794412,0.004000000444648322,0.0,0.030265491997220763,0.03049159079182573,-0.0038575672078877687,0.0002291258169861976,0.030735491413340577,0.002033953023783397,-0.0006478503564721905,0.0002291258169861976,0.0021468986066762357,0.00049159075388161,0.00014243323676055297,0.0002291258169861976,0.000560756039865439,0.0004920000264974078,0.00014200031728250906,0.00022900030671735294,0.000560953881044088
XCET.X0220459.S,XCET.X0220459,-0.03000000003794412,0.004000000444648322,0.0,0.030265491997220763,0.03049159079182573,-0.0038575672078877687,0.0002291258169861976,0.030735491413340577,0.002033953023783397,-0.0006478503564721905,0.0002291258169861976,0.0021468986066762357,0.00049159075388161,0.00014243323676055297,0.0002291258169861976,0.000560756039865439,0.0004920000264974078,0.00014200031728250906,0.00022900030671735294,0.000560953881044088
XCET.X0220465.E,XCET.X0220465,-0.03100000003541936,0.00399999953515362,0.0,0.031256999191816695,0.030926168278710975,-0.003585949343687389,-2.7092482923762873e-05,0.031133384832062058,0.0020580354203048046,-0.0003220011421944946,-2.7092482923762873e-05,0.0020832495120447544,-7.383175670838682e-05,0.0004140501914662309,-2.7092482923762873e-05,0.0004214530721003743,-7.400001322821481e-05,0.0004139992597629316,-2.6999714464182034e-05,0.0004214265933981607
XCET.X0220465.S,XCET.X0220465,-0.03100000003541936,0.00399999953515362,0.0,0.031256999191816695,0.030926168278710975,-0.003585949343687389,-2.7092482923762873e-05,0.031133384832062058,0.0020580354203048046,-0.0003220011421944946,-2.7092482923762873e-05,0.0020832495120447544,-7.383175670838682e-05,0.0004140501914662309,-2.7092482923762873e-05,0.0004214530721003743,-7.400001322821481e-05,0.0004139992597629316,-2.6999714464182034e-05,0.0004214265933981607
XSCI.X0220466.E,XSCI.X0220466,-0.03100000003541936,0.004000000444648322,0.0,0.03125699930820595,0.03120035967185686,-0.0036363144317874685,-0.00015326440916396677,0.03141191997123344,0.002123397507602931,-0.00034477761801099405,-0.00015326440916396677,0.002156659120095722,0.0002003596364374971,0.0003636860128608532,-0.00015326440916396677,0.0004426075902877972,0.0001999999312829459,0.0003639997885329649,-0.00015299974620575085,0.00044261127516620095
XSCI.X0220466.S,XSCI.X0220466,-0.03100000003541936,0.003000000106112566,0.0,0.031144823050270744,0.030908016356079315,-0.0032209636628977023,0.00019793060346273705,0.0310760238529507,0.0018248251762997825,7.139533408917487e-05,0.00019793060346273705,0.0018369160954094664,-9.198367934004636e-05,-0.00022096355678513646,0.00019793060346273705,0.0003105839894121942,-9.200005024467828e-05,-0.00022099993657320738,0.0001979997250600718,0.0003106587715392067
XVW.X0220466.E,XVW.X0220466,-0.03100000003541936,0.003000000106112566,0.0,0.031144823050270744,0.03139281875519373,-0.003164922418363858,0.0001919793248816859,0.031552538081300006,0.0023035890990286134,0.0001282351149711758,0.0001919793248816859,0.0023151291633637114,0.0003928187197743682,-0.00016492231225129217,0.0001919793248816859,0.0004672921750527332,0.0003929999365936965,-0.00016499961930094287,0.0001919997885124758,0.0004674802063413391
XVW.X0220466.S,XVW.X0220466,-0.030999999921732524,0.002999999196617864,0.0,0.031144822849506218,0.030676067922286165,-0.0031312238206737675,0.0002452006810926832,0.030836436713113882,0.0015868307627897593,0.0001619346221559681,0.0002452006810926832,0.001613808559153483,-0.00032393199944635853,-0.0001312246240559034,0.0002452006810926832,0.0004269370167041557,-0.00032399998417531606,-0.00013100088835926726,0.0002449996827635914,0.00042680448340051756
QNL.X0220476.E,QNL.X0220476,-5.197999999950298,6.741000000147324,5.991999999878317,10.409819835136977,0.030984102863840235,-0.0033459737096563913,-5.2466930355876684e-05,0.03116428922856296,0.0014314273357740603,8.410097507294267e-06,-5.2466930355876684e-05,0.0014324132525644529,0.00011132283361803275,0.00020519655663520098,-0.0003458135324763134,0.0004172354244110125,0.00011099996299890336,0.00020500010577961802,-0.00034599997889017686,0.0004172074071099593
QNL.X0220476.S,QNL.X0220476,-5.198999999947773,6.741000000147324,5.991999999878317,10.41031920740113,0.03194303860709624,-0.0040269851524499245,4.827779775951058e-05,0.03219591054184134,0.002204114139203739,-0.0006479958756244741,4.827779775951058e-05,0.0022979008984768414,7.025857939879643e-05,-0.00047581488615833223,-0.00024506880436092615,0.0005398099598376242,7.000005552981747e-05,-0.0004760004230774939,-0.0002450001375109423,0.0005399087681493155
QNL.X0220479.E,QNL.X0220479,-17.255999999974847,22.461999999904947,19.974000000274827,34.65936606468503,0.03185672812833218,-0.003799440492002759,0.0001935377440531738,0.03208308482601251,0.002090395810228074,-0.00041683051676955074,0.0001935377440531738,0.0021403175422125215,-0.0003858721129290643,3.779314283747226e-05,-0.0001176185833173804,0.0004051663119306215,-0.00038600001062150113,3.800050762947649e-05,-0.00011799966159742326,0.00040541826169648957
QNL.X0220479.S,QNL.X0220479,-17.255999999974847,22.461999999904947,19.974000000274827,34.65936606468503,0.03181566387411294,-0.0034804515962605365,0.00029428247216856107,0.03200682135479675,0.0018630826161825098,-7.323615136556327e-05,0.00029428247216856107,0.001887602326236632,-0.00042693636714830063,0.0003567820385796949,-1.6873855201993138e-05,0.0005566442415369527,-0.000426999918090587,0.00035700031730812043,-1.6999820218188688e-05,0.0005568367359423383
XVW.X0220480.E,XVW.X0220480,-0.032000000032894604,0.003000000106112566,0.0,0.03214031740263201,0.03198471245013934,-0.003175853635184467,1.589978637639433e-05,0.03214199946539449,0.00201531645416253,0.00023358279577223584,1.589978637639433e-05,0.0020288701624563907,-1.528758275526343e-05,-0.000175853529071901,1.589978637639433e-05,0.00017723142238428244,-1.5000068742665462e-05,-0.00017599995771888644,1.600028554094024e-05,0.00017736120296368686
XVW.X0220480.S,XVW.X0220480,-0.03199999991920777,0.003000000106112566,0.0,0.03214031728944151,0.03226796161470702,-0.0031421550374943763,6.912114258739166e-05,0.03242066104785973,0.0022985581153989187,0.00026728230295702815,6.912114258739166e-05,0.002315078178311227,0.00026796169549925253,-0.00014215493138181046,6.912114258739166e-05,0.00031110967057227247,0.0002680000079635647,-0.00014199940778780729,6.900017979205586e-05,0.0003110447892055013
XSCI.X0220480.E,XSCI.X0220480,-0.032000000032894604,0.003000000106112566,0.0,0.03214031740263201,0.031563228162667656,-0.0033851893022074364,-4.14133864978794e-05,0.03174426867528968,0.001588222289683472,2.4988366931211203e-05,-4.14133864978794e-05,0.0015889586302073827,-0.0004367718702269485,-0.00038518919609487057,-4.14133864978794e-05,0.0005838282726889661,-0.0004370000397102558,-0.0003850000211969018,-4.099956640857272e-05,0.000583845026932722
XSCI.X0220480.S,XSCI.X0220480,-0.032000000032894604,0.00399999953515362,0.0,0.03224903096817769,0.032270884844365355,-0.003969837962358724,0.00030978162612882443,0.03251562065748648,0.002289649955855566,-0.0005588372005149722,0.00030978162612882443,0.002377132851339156,0.0002708848114707507,3.016157279489562e-05,0.00030978162612882443,0.0004126172044959162,0.0002709999762373627,2.9999682737980038e-05,0.00030999990485724993,0.0004128448971424191
XSCI.X0220481.E,XSCI.X0220481,-2.0170000000234722,0.26700000034907134,1.9980000001851295,2.8515928883732458,0.032270884844365355,-0.003969837962358724,0.00030978162612882443,0.03251562065748648,0.002289649955855566,-0.0005588372005149722,0.00030978162612882443,0.002377132851339156,-0.0004075284323334927,-1.442094799131155e-05,-8.357801561942324e-06,0.0004078691453739925,-0.00040800000533636194,-1.3999851944390684e-05,-7.999915396794677e-06,0.0004083185017303185
XSCI.X0220481.S,XSCI.X0220481,-2.016000000025997,0.26700000034907134,1.9990000000689179,2.8515865760251358,0.03197854152858781,-0.003554487193468958,-0.00033902279028552584,0.03217726579366997,0.00199107751086558,-0.00014266333892010152,-0.00033902279028552584,0.0020247663901989997,0.00030012824936420657,0.00040092982089845464,0.0003428376658121124,0.0006069261507396002,0.0003000000106112566,0.0004010007614851929,0.00034300001061637886,0.000607001338022656
XVW.X0220481.E,XVW.X0220481,-0.032000000032894604,0.004000000444648322,0.0,0.032249031080986625,0.03181533929819125,-0.003514450327202212,0.0004206817720842082,0.03201162521514282,0.001821027012738341,-0.00010172152542509139,0.0004206817720842082,0.0018717531362926693,-0.00018466073470335687,0.00048555011744610965,0.0004206817720842082,0.0006684546782370696,-0.00018499997622711817,0.00048600031732348725,0.00042100009522982873,0.0006690757653854229
XVW.X0220481.S,XVW.X0220481,-0.032000000032894604,0.003000000106112566,0.0,0.03214031740263201,0.032098588462758926,-0.0034807517295121215,0.00047390312829520553,0.032290239981750984,0.0021042687876615673,-6.802201824029908e-05,0.00047390312829520553,0.002158045018228338,9.858842986432137e-05,-0.0004807516233995557,0.00047390312829520553,0.0006822213547760011,9.899997621687362e-05,-0.0004809999154531397,0.00047399998948094435,0.0006825231893385047
MCXCA.X0220481.E,MCXCA.X0220481,-0.032000000032894604,0.003000000106112566,0.0,0.03214031740263201,0.031966128744898015,-0.0033792020985856652,0.000497003838972887,0.0321480855817953,0.0019602889551606495,3.5049197322223336e-05,0.000497003838972887,0.0020226156456211717,-3.387128799658967e-05,-0.0003792019924730994,0.000497003838972887,0.0006260624818657511,-3.399998149689054e-05,-0.0003790000846493058,0.0004970002009940799,0.0006259442967981462
MCXCA.X0220481.S,MCXCA.X0220481,-0.03199999991920777,0.00399999953515362,0.0,0.03224903085536876,0.03179675559294992,-0.0037177987906034105,-9.821451385505497e-05,0.03201351808495805,0.001765999627423298,-0.00030025603336980566,-9.821451385505497e-05,0.0017940330154057873,-0.0002032443262578454,0.0002822007445502095,-9.821451385505497e-05,0.00036137460773065234,-0.0002029998995567439,0.0002819997462211177,-9.799987310543656e-05,0.00036102187082987723
MCXCA.X0220483.E,MCXCA.X0220483,-0.032000000032894604,0.003000000106112566,0.0,0.03214031740263201,0.03181508554916945,-0.0034810009310604073,1.2087184586562216e-06,0.032004953326696395,0.001761282078405202,-6.041318556526676e-05,1.2087184586562216e-06,0.001762318295229838,-0.0001849144837251515,-0.00048100082494784147,1.2087184586562216e-06,0.0005153218614537478,-0.00018499997622711817,-0.0004809999154531397,9.999894245993346e-07,0.0005153512490028632
MCXCA.X0220483.S,MCXCA.X0220483,-0.032000000032894604,0.004000000444648322,0.0,0.032249031080986625,0.03164571239722136,-0.0038195976230781525,0.0004059907041664701,0.0318779746467956,0.0015669926369810128,-0.00039571841625729576,0.0004059907041664701,0.001666399544283266,-0.00035428763567324495,0.00018040282157016918,0.0004059907041664701,0.0005682370620533322,-0.00035400000797380926,0.00017999991541728377,0.0004060002538608387,0.0005679367758217034
XFFV.X0220483.E,XFFV.X0220483,-0.032000000032894604,0.00399999953515362,0.0,0.03224903096817769,0.03166404223975405,-0.0035827988540404476,-0.0004945859473082237,0.031869933069410696,0.0015622749742760789,-0.00015587465895805508,-0.0004945859473082237,0.0016460909038778465,-0.0003359577931405511,0.0004172006811131723,-0.0004945859473082237,0.0007290674223745958,-0.0003360000846441835,0.0004169996827840805,-0.0004949997673975304,0.000729252742227639
XFFH.X0220483.E,XFFH.X0220483,-0.032000000032894604,0.004000000444648322,0.0,0.032249031080986625,0.03213717479866318,-0.0040764307414065115,-8.528650141670369e-05,0.03239479225765524,0.0020182153548375936,-0.0006472346285590902,-8.528650141670369e-05,0.002121174125391916,0.00013717476576857734,-7.64302967581898e-05,-8.528650141670369e-05,0.00017869609383002868,0.0001369999154121615,-7.599919626954943e-05,-8.500001058564521e-05,0.00017824100666265523
XFFV.X0220483.S,XFFV.X0220483,-0.032000000032894604,0.004000000444648322,0.0,0.032249031080986625,0.03213717479866318,-0.0040764307414065115,-8.528650141670369e-05,0.03239479225765524,0.0020182153548375936,-0.0006472346285590902,-8.528650141670369e-05,0.002121174125391916,0.00013717476576857734,-7.64302967581898e-05,-8.528650141670369e-05,0.00017869609383002868,0.0001369999154121615,-7.599919626954943e-05,-8.500001058564521e-05,0.00017824100666265523
XFFH.X0220483.S,XFFH.X0220483,-0.032000000032894604,0.004000000444648322,0.0,0.032249031080986625,0.03161030736009707,-0.0035700622902368195,0.00032401248972746544,0.03181291970645696,0.001474155624237028,-0.00013859516911907122,0.00032401248972746544,0.0015156937417803757,-0.00038969267279753694,0.0004299381544115022,0.00032401248972746544,0.0006645985926484105,-0.00038999996831989847,0.00043000000005122274,0.0003239997568016406,0.0006648126185182525
XDWC.X0220483.E,XDWC.X0220483,-2.016000000025997,0.26699999943957664,1.9980000001851295,2.850885651958937,0.0315689850367562,-0.0037326099118217826,0.0003065847522520926,0.03179036311864149,0.001416824602529232,-0.0002990282155224122,0.0003065847522520926,0.001480136493139775,-0.00010942824246740201,0.00022280619305092841,-1.1554675438674167e-05,0.0002484967815402148,-0.00010900009783654241,0.00022299991542240605,-1.1999873095192015e-05,0.00024850348198984416
XDWC.X0220483.S,XDWC.X0220483,-2.0170000000234722,0.26699999943957664,1.9980000001851295,2.8515928882880877,0.03219357915895671,-0.0038833995859022252,-8.269807949545793e-05,0.03242705923114444,0.0020376813836264773,-0.00044932403397979215,-8.269807949545793e-05,0.002088271170380424,-0.0004848341177421389,7.201651897048578e-05,-0.0004008375071862247,0.0006331833919953139,-0.00048499998683837475,7.200014806585386e-05,-0.00040099985199049115,0.0006334113117486334
XFFV.X0220488.E,XFFV.X0220488,-0.032000000032894604,0.003000000106112566,0.0,0.03214031740263201,0.03239295620005578,-0.0032433454180136323,-0.00010460735211381689,0.03255508936521905,0.002020349370468466,0.0002193601176259108,-0.00010460735211381689,0.0020349135456017397,0.00039295616716117365,-0.00024334531190106645,-0.00010460735211381689,0.000473892591470358,0.0003929999365936965,-0.00024299970391439274,-0.00010500025382498279,0.00047383843192426125
XFFH.X0220489.E,XFFH.X0220489,-0.032000000032894604,0.004000000444648322,0.0,0.032249031080986625,0.031866088761489664,-0.003736977305379696,0.0003046920937777031,0.03208590733652504,0.0014762897535547381,-0.0002720007614698261,0.0003046920937777031,0.001531748387530248,-0.00013391127140494063,0.00026302313926862553,0.0003046920937777031,0.0004242059316071041,-0.00013400006082520122,0.0002630004019010812,0.00030499995773425326,0.00042444104645896836
XFFV.X0220488.S,XFFV.X0220488,-0.032000000032894604,0.004000000444648322,0.0,0.032249031080986625,0.031866088761489664,-0.003736977305379696,0.0003046920937777031,0.03208590733652504,0.0014762897535547381,-0.0002720007614698261,0.0003046920937777031,0.001531748387530248,-0.00013391127140494063,0.00026302313926862553,0.0003046920937777031,0.0004242059316071041,-0.00013400006082520122,0.0002630004019010812,0.00030499995773425326,0.00042444104645896836
XFFH.X0220489.S,XFFH.X0220489,-0.032000000032894604,0.003000000106112566,0.0,0.03214031740263201,0.03233922132039879,-0.003230608854210004,-0.00028600879886653274,0.032501444125017966,0.0019322300204294152,0.00023663869797019288,-0.00028600879886653274,0.0019675649311407142,0.0003392212875041878,-0.00023060874809743837,-0.00028600879886653274,0.0005000525068671723,0.0003390000529179815,-0.00023099983081920072,-0.0002860001586668659,0.0005000780423837525
XVW.X0220487.E,XVW.X0220487,-0.03199999991920777,0.004000000444648322,0.0,0.03224903096817769,0.03189133326486626,-0.0035341981856618077,-0.0004324497240304481,0.032089479693353004,0.0014731266446688096,-6.546906661242247e-05,-0.0004324497240304481,0.0015366850925711156,-0.00010866665434150491,0.00046580225898651406,-0.0004324497240304481,0.0006448200912322183,-0.00010899998414970469,0.0004659996193367988,-0.0004319999789004214,0.0006447174757493718
XVW.X0220487.S,XVW.X0220487,-0.032000000032894604,0.004000000444648322,0.0,0.032249031080986625,0.03217458254312078,-0.003500499587971717,-0.0003792283678194508,0.03236666608324746,0.0017563685332788737,-3.176864993292838e-05,-0.0003792283678194508,0.0017971237650116776,0.00017458251022617333,0.0004995008566766046,-0.0003792283678194508,0.0006509948645392976,0.0001749999682942871,0.0005000001692678779,-0.0003790000846493058,0.0006513572156160466
XVW.X0220488.E,XVW.X0220488,-0.03300000003036985,0.003000000106112566,0.0,0.03313608309141389,0.032743537758506136,-0.0034296808735234663,0.00018601713236421347,0.03292319210238373,0.0023072668682289077,4.1434759623371065e-05,0.00018601713236421347,0.002315124103382988,-0.00025646227186371107,-0.00042968076741090044,0.00018601713236421347,0.0005338546921263516,-0.000256000021181535,-0.00043000000005122274,0.00018599985196487978,0.0005338838411302172
XVW.X0220488.S,XVW.X0220488,-0.032000000032894604,0.003000000106112566,0.0,0.03214031740263201,0.03202678692559857,-0.0033959822758333758,0.0002392384885752108,0.032207219865270614,0.0015905086456768913,7.513426680816337e-05,0.0002392384885752108,0.0016101546399142819,2.678689270396717e-05,-0.0003959821697208099,0.0002392384885752108,0.0004634160881683818,2.6999941837857477e-05,-0.00039600035961484537,0.0002389997462159954,0.00046332079638803687
MBHHE.X0220496.E,MBHHE.X0220496,-2.0150000000285218,0.2660000000105356,-0.002000000222324161,2.0324824722790202,0.03240387582081894,-0.003914691660611425,-6.0427737480495125e-05,0.03263954090547494,0.0015621645843566512,-0.0003900122464983724,-6.0427737480495125e-05,0.0016112477315713767,0.00017516106254333863,0.00014026772987563163,-0.0003794707481574733,0.00044085653287999154,0.0001749999682942871,0.0001400003384333104,-0.0003790000846493058,0.00044030233684211117
MBHHE.X0220496.S,MBHHE.X0220496,-2.0150000000285218,0.2660000000105356,-0.002000000222324161,2.0324824722790202,0.032557010058553715,-0.0036076762626180425,-3.65184860129375e-05,0.03275630573749803,0.0015907176020846236,-6.653863238170743e-05,-3.65184860129375e-05,0.0015925273872061856,0.00032829530027811415,0.0004472831278690137,-0.00035556149668991566,0.0006589870852978521,0.0003279999418737134,0.00044699936552206054,-0.0003560003278835211,0.0006588843814353613
XDWC.X0220496.E,XDWC.X0220496,-2.0169999999097854,0.2660000000105356,1.9990000000689179,2.8522002033372784,0.032815378972372855,-0.003314905370643828,-0.00040662735045771115,0.03298489109454379,0.0018436610389471753,0.0002269489414175041,-0.00040662735045771115,0.0019015618976732157,0.00013696580936084501,-0.00035948869481217116,0.0002752331056399271,0.0004730169310625455,0.00013700002909899922,-0.0003589993866626173,0.0002750002749962732,0.0004725195433474556
XDWC.X0220496.S,XDWC.X0220496,-2.0170000000234722,0.26699999943957664,1.9980000001851295,2.8515928882880877,0.03243997309709812,-0.0034656950447242707,0.00020408970158314332,0.032625213398379,0.0014645177088823402,7.665312296012416e-05,0.00020408970158314332,0.001480655404603588,-0.0002384401796007296,0.0004897210601484403,-0.00011404972610762343,0.0005564959802425929,-0.0002379999841650715,0.0004899993655271828,-0.00011399970389902592,0.0005565422743769619
HXGOL.X0220496.E,HXGOL.X0220496,-0.03300000003036985,0.003000000106112566,0.0,0.03313608309141389,0.03316962556709768,-0.0033661872294032946,0.0004745934347738512,0.033343372889574154,0.002160284111596411,0.0001806374712032266,0.0004745934347738512,0.0022191656691533945,0.00016962553672783542,-0.0003661871232907288,0.0004745934347738512,0.0006229805456870923,0.0001699999074844527,-0.00036599976738216355,0.0004749999789055437,0.0006232822620841919
HXGOL.X0220496.S,HXGOL.X0220496,-0.03300000003036985,0.00399999953515362,0.0,0.0332415402514029,0.03286429125637369,-0.0037761010389658622,0.00036874189390800893,0.03308257168698592,0.001729122800497862,-0.00021265259420033544,0.00036874189390800893,0.0017807462956144445,-0.0001357087739961571,0.0002238984961877577,0.00036874189390800893,0.0004522366551458923,-0.00013600003967439989,0.0002239994500996545,0.00036900019040331244,0.0004525846936807152
XDWC.X0220500.E,XDWC.X0220500,-2.0180000000209475,0.26700000034907134,1.9980000001851295,2.8523002999352514,0.033657679978205124,-0.0035888433558284305,0.00028160366127849557,0.03384964577022911,0.002442468030494638,-1.4821125660091639e-05,0.00028160366127849557,0.0024586928168845415,-2.073329596896656e-05,0.00036657365853898227,-3.653576641227119e-05,0.0003689728701730294,-2.100000529026147e-05,0.0003670002115541138,-3.699960871017538e-05,0.0003694578819671619
XDWC.X0220500.S,XDWC.X0220500,-2.0180000000209475,0.26700000034907134,1.9980000001851295,2.8523002999352514,0.03328227410293039,-0.003739633029908873,-0.00010767917046905495,0.03349188288921256,0.0020633247004298028,-0.00016511694411747158,-0.00010767917046905495,0.0020727197660058466,-0.00039613917124370346,0.00021578398445853963,-0.0004258185981598217,0.0006203309193335821,-0.0003960000185543322,0.0002160004441975616,-0.0004260000423528254,0.0006204419736552197
EXP.X0220506.E,EXP.X0220506,-0.03400000002784509,0.004000000444648322,0.0,0.034234485616855014,0.0337772120246882,-0.0038664920793962665,-0.00029891634767409414,0.0339991053432834,0.002239330910924764,-0.0002498409230611287,-0.00029891634767409414,0.002272965991467094,-0.00022278800315689296,0.00013350836525205523,-0.00029891634767409414,0.00039599237473685256,-0.00022300002910924377,0.00013400040188571438,-0.00029900002118665725,0.0003963409307122821
EXP.X0220506.S,EXP.X0220506,-0.03400000002784509,0.004000000444648322,0.0,0.034234485616855014,0.0337772120246882,-0.0038664920793962665,-0.00029891634767409414,0.0339991053432834,0.002239330910924764,-0.0002498409230611287,-0.00029891634767409414,0.002272965991467094,-0.00022278800315689296,0.00013350836525205523,-0.00029891634767409414,0.00039599237473685256,-0.00022300002910924377,0.00013400040188571438,-0.00029900002118665725,0.0003963409307122821
XVW.X0220515.E,XVW.X0220515,-0.03500000002532033,0.004000000444648322,0.0,0.03522782998326195,0.03450609472110955,-0.003694330189318862,0.00019601611711550504,0.034703848068594154,0.00236337257319974,2.2264430299401283e-06,0.00019601611711550504,0.002371488392333044,-0.0004939053042107844,0.0003056702553294599,0.00019601611711550504,0.0006130245286199926,-0.0004940000053466065,0.0003060004019062035,0.00019599974621087313,0.0006132602642956186
XVW.X0220515.S,XVW.X0220515,-0.03400000002784509,0.00399999953515362,0.0,0.03423448551058852,0.03378934400188882,-0.0036606315916287713,0.00024923747332650237,0.033987970093044995,0.0016466144643345615,3.592595021473244e-05,0.00024923747332650237,0.0016657578413937619,-0.00021065602595626842,0.00033936794352484867,0.00024923747332650237,0.000470814061466044,-0.0002109999286403763,0.00033899959817063063,0.00024899964046198875,0.00047057679330401813
XSCI.X0220515.E,XSCI.X0220515,-0.03500000002532033,0.00399999953515362,0.0,0.035227829879991936,0.03461848427832592,-0.0038616180972894654,0.0002662832230271306,0.03483421385380871,0.0024670445100127836,-0.00016390913515351713,0.0002662832230271306,0.002486781368322657,-0.0003815157469944097,0.00013838143786415458,0.0002662832230271306,0.00048539720066742234,-0.0003820000529231038,0.00013800035958411172,0.0002660003701748792,0.0004855145071074303
XSCI.X0220515.S,XSCI.X0220515,-0.03400000002784509,0.003000000106112566,0.0,0.034132096368815985,0.03432614096254838,-0.003446267328399699,-0.00038252164813457057,0.034500826579820204,0.0021684720650227973,0.0002522638169466518,-0.00038252164813457057,0.002216355328329895,0.00032614093470328953,-0.00044626722228713334,-0.00038252164813457057,0.000672194283126982,0.00032599996302451473,-0.0004459998308448121,-0.00038300004234770313,0.0006722208397869917
XTDV.X0220520.E,XTDV.X0220520,-0.03500000002532033,0.004000000444648322,0.0,0.03522782998326195,0.03459308049968968,-0.003511598151817452,-0.0003547374944901094,0.0347726671212873,0.0023036669745124527,0.00020433799363672733,-0.0003547374944901094,0.0023397594395791975,-0.0004069195256306557,0.0004884022928308696,-0.0003547374944901094,0.0007279828225851546,-0.0004070000159117626,0.0004880002961726859,-0.00035500033845892176,0.000727886352614715
XTDV.X0220520.S,XTDV.X0220520,-0.03500000002532033,0.004000000444648322,0.0,0.03522782998326195,0.034915588003059383,-0.003865985490847379,0.00026439010980539024,0.03512995917368805,0.002526509547351452,-0.0001368825905956328,0.00026439010980539024,0.002543990854273874,-8.441202226094902e-05,0.00013401495380094275,0.00026439010980539024,0.0003082004664294947,-8.400002116104588e-05,0.00013400040188571438,0.00026399993657832965,0.000307746775407885
XTDV.X0220521.E,XTDV.X0220521,-0.03500000002532033,0.004000000444648322,0.0,0.03522782998326195,0.034915588003059383,-0.003865985490847379,0.00026439010980539024,0.03512995917368805,0.002526509547351452,-0.0001368825905956328,0.00026439010980539024,0.002543990854273874,-8.441202226094902e-05,0.00013401495380094275,0.00026439010980539024,0.0003082004664294947,-8.400002116104588e-05,0.00013400040188571438,0.00026399993657832965,0.000307746775407885
XTDV.X0220521.S,XTDV.X0220521,-0.03400000002784509,0.004000000444648322,0.0,0.034234485616855014,0.03423809550895385,-0.004220372829877306,-0.00011648216968751512,0.03449742452704647,0.001749352009028371,-0.0004781031748279929,-0.00011648216968751512,0.001817246046391989,0.00023809548110875767,-0.00022037238522898406,-0.00011648216968751512,0.00034470500743539193,0.0002379999841650715,-0.00021999949240125716,-0.00011599968274822459,0.0003442378473048451
XVW.X0220520.E,XVW.X0220520,-0.03400000002784509,0.004000000444648322,0.0,0.034234485616855014,0.034144035907957004,-0.0038162861528689973,-8.732558853807859e-05,0.034356758488583446,0.001640962636884069,-7.212292985059321e-05,-8.732558853807859e-05,0.0016448665146671544,0.0001440358801119146,0.0001837142917793244,-8.732558853807859e-05,0.0002492449280870413,0.00014399995507119456,0.0001839998731156811,-8.699998943484388e-05,0.00024932095485288787
XVW.X0220520.S,XVW.X0220520,-0.03400000002784509,0.004000000444648322,0.0,0.034234485616855014,0.03442728507252468,-0.0037825875551789068,-3.410423232708126e-05,0.03463447832978198,0.0019242042981204577,-3.84234226658009e-05,-3.410423232708126e-05,0.0019248900329570044,0.00042728504467959283,0.00021741288946941495,-3.410423232708126e-05,0.00048062872633343636,0.000426999918090587,0.00021699997887481004,-3.3999640436377376e-05,0.0004801811079486978
XVW.X0220521.E,XVW.X0220521,-0.034999999911633495,0.004000000444648322,0.0,0.03522782987031037,0.034800879802787676,-0.0035281864256830886,9.384075383422896e-05,0.034979395943748506,0.0022760115143682924,0.0002188562575611286,9.384075383422896e-05,0.0022884345221331737,-0.00019912010884581832,0.0004718140189652331,9.384075383422896e-05,0.0005206374682243608,-0.00019899994185834657,0.00047200046537909657,9.399991540703923e-05,0.0005207892090608634
XVW.X0220521.S,XVW.X0220521,-0.03400000002784509,0.003000000106112566,0.0,0.034132096368815985,0.03408412908356695,-0.003494487827992998,0.0001470621100452263,0.034263113224420466,0.001559253291816276,0.0002525557647459209,0.0001470621100452263,0.0015864055302971067,8.412905572185991e-05,-0.0004944877218804322,0.0001470621100452263,0.0005227074414221647,8.400002116104588e-05,-0.0004939993232255802,0.00014699980965815485,0.0005222071226457191
QNL.X0220526.E,QNL.X0220526,-0.03500000002532033,0.00399999953515362,0.0,0.035227829879991936,0.03496292538329726,-0.0035693219615495764,-0.0002520109774195589,0.03514555050295772,0.0022424608232540777,0.00020356128516141325,-0.0002520109774195589,0.0022657398953511597,-3.707464202307165e-05,0.0004306775736040436,-0.0002520109774195589,0.0005003670994645498,-3.6999949770688545e-05,0.0004309995347284712,-0.00025200006348313764,0.0005006332262392274
QNL.X0220526.S,QNL.X0220526,-0.03500000002532033,0.004000000444648322,0.0,0.03522782998326195,0.034921861129078025,-0.00425033340434311,-0.00015126624930417165,0.03517988914486321,0.0020151477428953513,-0.00045284468797035515,-0.00015126624930417165,0.0020709346236174983,-7.813889624230796e-05,-0.00025033295969478786,-0.00015126624930417165,0.00030274371338488644,-7.799997092661215e-05,-0.00025000008463393897,-0.00015100022210390307,0.00030229969377582413
QNL.X0220538.E,QNL.X0220538,-0.03599999990910874,0.00399999953515362,0.0,0.036221540410880625,0.03561096536941477,-0.003868760359182488,0.0004563262336887419,0.035823405685249866,0.002143636493201484,2.7912392397411168e-06,0.0004563262336887419,0.002191670330490925,-0.0003890345396939665,0.00013123917597113177,0.0004563262336887419,0.0006138446268698867,-0.00038899997889529914,0.0001309999788645655,0.00045599972509080544,0.0006135289131947654
QNL.X0220538.S,QNL.X0220538,-0.036000000022795575,0.004999999873689376,0.0,0.036345563695975,0.035569901115195535,-0.004549771801976021,-0.0004429289219842758,0.03586243821639536,0.0019163232991559198,-0.0006536147338920273,-0.0004429289219842758,0.002072605422452312,-0.00043009890760004055,0.00045022807171335444,-0.0004429289219842758,0.0007641180647044187,-0.00043000000005122274,0.00044999978854320943,-0.0004429998625710141,0.0007639690360027179
XWCA.X0220540.E,XWCA.X0220540,-0.036000000022795575,0.00399999953515362,0.0,0.03622154052387212,0.03612792932017328,-0.0037535828596446663,0.00011679094313876703,0.03632258665585442,0.0024523628781025764,0.0001454791345167905,0.00011679094313876703,0.002459448716455488,0.00012792929737770464,0.00024641667550895363,0.00011679094313876703,0.00030120957404385546,0.0001280000105907675,0.00024600012693554163,0.00011699967217282392,0.00030098004660124474
XSCI.X0220540.E,XSCI.X0220540,0.2250000000003638,1.9879999999830034,1.9990000000689179,2.8282096810894557,0.03575252344489854,-0.003904372533725109,-0.0002724918886087835,0.03596611334839344,0.0020732195480377413,-4.816683940589428e-06,-0.0002724918886087835,0.0020910557917395655,0.000356978034687927,0.00022439144231611863,-0.00038456482798210345,0.000570679370185455,0.000357000089934445,0.00022400035959435627,-0.0003850000211969018,0.0005708329367102231
XWCA.X0220540.S,XWCA.X0220540,-0.036000000022795575,0.00399999953515362,0.0,0.03622154052387212,0.03575252344489854,-0.003904372533725109,-0.0002724918886087835,0.03596611334839344,0.0020732195480377413,-4.816683940589428e-06,-0.0002724918886087835,0.0020910557917395655,-0.00024747657789703226,9.5627001428511e-05,-0.0002724918886087835,0.00038031698537853393,-0.00024700000267330324,9.59998942562379e-05,-0.0002720003067224752,0.0003797487957517986
XSCI.X0220540.S,XSCI.X0220540,0.2250000000003638,1.9879999999830034,1.9990000000689179,2.8282096810894557,0.03546018001543416,-0.004489022103371099,7.870357876527123e-05,0.03574327741582829,0.001774647103047755,-0.0005886431608814746,7.870357876527123e-05,0.0018713811382288707,6.46346052235458e-05,-0.00036025812732987106,-3.336936060804874e-05,0.00036752831826543543,6.499999471998308e-05,-0.00035999983083456755,-3.300010575912893e-05,0.0003673062543636152
MBHHE.X0220544.E,MBHHE.X0220544,-0.03599999990910874,0.00399999953515362,0.0,0.036221540410880625,0.03554716670350899,-0.003993984137196094,-0.00024276141630252823,0.035771663408911775,0.0016842924424054218,-7.017661118879914e-05,-0.00024276141630252823,0.0017031438264419052,-0.00045283320559974527,6.015397957526147e-06,-0.00024276141630252823,0.0005138357737171849,-0.0004529999841906829,5.999936547596008e-06,-0.00024300015866174363,0.0005140953822249006
MBHHE.X0220544.S,MBHHE.X0220544,-0.036000000022795575,0.004999999873689376,0.0,0.036345563695975,0.035700301054930605,-0.004686968168243766,-0.00021885171008761972,0.03600731956274749,0.001712845573820232,-0.0007467015166184865,-0.00021885171008761972,0.0018813025237011147,-0.00029969896786496975,0.00031303170544561,-0.00021885171008761972,0.00048549396593757047,-0.0003000000106112566,0.00031299987313104793,-0.0002189999577240087,0.0004857261660955932
MBHHE.X0220547.E,MBHHE.X0220547,-0.036000000022795575,0.004999999873689376,0.0,0.036345563695975,0.03612886348491884,-0.004549464392766822,5.8758359955390915e-05,0.03641422600465125,0.0020783076024599723,-0.0006008622221997939,5.8758359955390915e-05,0.0021642205168084052,0.00012886346212326316,0.0004505354809225537,5.8758359955390915e-05,0.000472271697548305,0.00012900000001536682,0.00045100023271515965,5.899983079871163e-05,0.00047278239174843365
MBHHE.X0220547.S,MBHHE.X0220547,-0.03599999990910874,0.00399999953515362,0.0,0.036221540410880625,0.036281997722653614,-0.004242448085278738,8.266761142294854e-05,0.03652928357409854,0.0021068606201879447,-0.0002773867890937254,8.266761142294854e-05,0.002126649721425894,0.0002819978135448764,-0.00024244855012511835,8.266761142294854e-05,0.000380969815445054,0.00028200008728163084,-0.0002420001692371443,8.300003173644654e-05,0.0003807586327398304
MBHHE.X0220580.E,MBHHE.X0220580,-0.0390000000152213,0.004999999873689376,0.0,0.03931920650171053,0.038703237009940494,-0.004668025212595239,-0.000388235548598459,0.038985660713578375,0.002537167461014178,-0.0004399398676468991,-0.000388235548598459,0.0026041299225595194,-0.000296763005280809,0.00033197466109413654,-0.000388235548598459,0.0005907641645423415,-0.00029699992865062086,0.0003320001269457862,-0.0003879999894706998,0.0005907427813691465
MBHHE.X0220580.S,MBHHE.X0220580,-0.0390000000152213,0.00399999953515362,0.0,0.03920459153553944,0.03885637124767527,-0.0043610089051071554,-0.00036432629713090137,0.039102029600244156,0.0025657204787421506,-0.00011646534403553233,-0.00036432629713090137,0.0025940739006780973,-0.0001436287675460335,-0.0003610093699535355,-0.00036432629713090137,0.0005326261717585374,-0.00014399995507119456,-0.00036100027500651777,-0.0003639997885329649,0.0005324969780828157
XSCI.X0220596.E,XSCI.X0220596,0.22000000001298758,1.9879999999830034,1.9990000000689179,2.827816295344107,0.040005714822655136,-0.004576301762426738,-0.00027376017897040583,0.04026753904732681,0.002711686875045416,-0.00019920116756111383,-0.00027376017897040583,0.0027327406479651876,-0.00038983057493169326,-0.0004475377863855101,-0.0003858331183437258,0.0007079019300759538,-0.0003900000820067362,-0.00044800071918871254,-0.00038600001062150113,0.0007083789357107279
XSCI.X0220596.S,XSCI.X0220596,0.22100000001046283,1.9879999999830034,1.9990000000689179,2.8278942696311296,0.03971337150687759,-0.0041609509935369715,7.743528840364888e-05,0.03993083252122078,0.0024131144300554297,0.00021697269403375685,7.743528840364888e-05,0.0024240863487896146,0.000317826106766006,-3.218701749574393e-05,-3.4637650969671085e-05,0.0003213241433537242,0.00031799993394088233,-3.200057108188048e-05,-3.50000846083276e-05,0.00032151671878544993
XWCM.X0220596.E,XWCM.X0220596,-0.040000000012696546,0.004999999873689376,0.0,0.04031128873842434,0.039883162799014826,-0.004581310349749401,0.0003782765816140454,0.04014720628568866,0.0025733130541993887,-0.00020211973605910316,0.0003782765816140454,0.0026088092369537475,-0.00011683721368171973,0.0004186895239399746,0.0003782765816140454,0.0005762334805923706,-0.00011700001323333709,0.0004189996616332792,0.00037800009522470646,0.0005763104992408959
XWCM.X0220596.S,XWCM.X0220596,-0.040000000012696546,0.00399999953515362,0.0,0.04019950245086316,0.03959081948323728,-0.004165959580859635,-0.00027052828954765573,0.03981031765935914,0.0022747406092094025,0.00021405412553576753,-0.00027052828954765573,0.002300749782851413,-0.0004091805294592632,-0.00016596004570601508,-0.00027052828954765573,0.0005178387759765445,-0.00040899999476096127,-0.0001660000634728931,-0.000270999862550525,0.0005179555408429128
XTDV.X0220603.E,XTDV.X0220603,-0.0390000000152213,0.004000000444648322,0.0,0.03920459162833415,0.039454440070585406,-0.004478320079215337,-0.0004867847565037664,0.03971076870843076,0.002071959443128435,-8.953338692663237e-05,-0.0004867847565037664,0.0021302562194506275,0.0004544400553641026,-0.0004783196345670149,-0.0004867847565037664,0.0008199175787212288,0.0004539999736152822,-0.0004779994924319908,-0.0004870003067480866,0.0008196150252287034
XTDV.X0220603.S,XTDV.X0220603,-0.040000000012696546,0.004999999873689376,0.0,0.04031128873842434,0.03977694757395511,-0.004832707418245263,0.00013234284779173322,0.040069666007104404,0.0022948020159674343,-0.0004307539711589925,0.00013234284779173322,0.0023386277825936876,-0.00022305243874143343,0.00016729245544411242,0.00013234284779173322,0.00030863211990758043,-0.00022299991542240605,0.00016699959815014154,0.00013199996828916483,0.0003082885331780109
XTDV.X0220604.E,XTDV.X0220604,-0.040000000012696546,0.004999999873689376,0.0,0.04031128873842434,0.03977694757395511,-0.004832707418245263,0.00013234284779173322,0.040069666007104404,0.0022948020159674343,-0.0004307539711589925,0.00013234284779173322,0.0023386277825936876,-0.00022305243874143343,0.00016729245544411242,0.00013234284779173322,0.00030863211990758043,-0.00022299991542240605,0.00016699959815014154,0.00013199996828916483,0.0003082885331780109
XTDV.X0220604.S,XTDV.X0220604,-0.040000000012696546,0.004999999873689376,0.0,0.04031128873842434,0.04009945496363798,-0.00518709475727519,-0.00024852943170117214,0.04043431719814499,0.002517644361432758,-0.0007719745553913526,-0.00024852943170117214,0.002645041535259427,9.945495094143553e-05,-0.0001870948835858144,-0.00024852943170117214,0.00032659250014729425,9.899997621687362e-05,-0.00018700029613683,-0.00024899964046198875,0.00032675820876667096
EXP.X0220620.E,EXP.X0220620,-0.04100000001017179,0.005000000783184078,0.0,0.04130375296103162,0.04067545387442806,-0.004711251676781103,-0.00028833983378717676,0.04094840143537285,0.002012897311942652,-0.00015335353964474052,-0.00028833983378717676,0.002039218663188414,-0.0003245461357437307,0.0002887491064029746,-0.00028833983378717676,0.0005213886270557895,-0.0003249999735999154,0.0002890001269406639,-0.00028800013751606457,0.0005216225986486183
EXP.X0220620.S,EXP.X0220620,-0.04100000001017179,0.005000000783184078,0.0,0.04130375296103162,0.04067545387442806,-0.004711251676781103,-0.00028833983378717676,0.04094840143537285,0.002012897311942652,-0.00015335353964474052,-0.00028833983378717676,0.002039218663188414,-0.0003245461357437307,0.0002887491064029746,-0.00028833983378717676,0.0005213886270557895,-0.0003249999735999154,0.0002890001269406639,-0.00028800013751606457,0.0005216225986486183
EXP.X0220623.E,EXP.X0220623,-0.04100000001017179,0.004999999873689376,0.0,0.041303752850933295,0.04087441266165115,-0.005312240318744443,-1.5872046787990257e-05,0.04121817268585437,0.0020296561160648707,-0.0007302714948309585,-1.5872046787990257e-05,0.0021570934906747596,-0.00012558734852063935,-0.00031224044505506754,-1.5872046787990257e-05,0.0003369246199164901,-0.00012600003174156882,-0.0003120003384537995,-1.5999830793589354e-05,0.000336862306854871
EXP.X0220623.S,EXP.X0220623,-0.04100000001017179,0.004999999873689376,0.0,0.041303752850933295,0.04087441266165115,-0.005312240318744443,-1.5872046787990257e-05,0.04121817268585437,0.0020296561160648707,-0.0007302714948309585,-1.5872046787990257e-05,0.0021570934906747596,-0.00012558734852063935,-0.00031224044505506754,-1.5872046787990257e-05,0.0003369246199164901,-0.00012600003174156882,-0.0003120003384537995,-1.5999830793589354e-05,0.000336862306854871
XVW.X0220627.E,XVW.X0220627,-0.04100000001017179,0.004999999873689376,0.0,0.041303752850933295,0.04146910850977292,-0.004872228601016104,-1.4690613170387223e-05,0.041754350527220464,0.0023608703259014874,-0.00025545068638166413,-1.4690613170387223e-05,0.002374695677978629,0.0004691084996011341,0.0001277712726732716,-1.4690613170387223e-05,0.0004864196713064724,0.0004690000423579477,0.00012800046533811837,-1.5000296116340905e-05,0.000486384793905103
XVW.X0220627.S,XVW.X0220627,-0.04200000000764703,0.004999999873689376,0.0,0.04229657195777507,0.0417523576743406,-0.004838530003326014,3.8530743040610105e-05,0.04203180020624044,0.002644111987137876,-0.00022175117919687182,3.8530743040610105e-05,0.002653674133001389,-0.0002476423333064304,0.00016146987036336213,3.8530743040610105e-05,0.00029813396726954084,-0.0002479999920979026,0.0001610005710972473,3.9000042306724936e-05,0.0002982384671267707
XTDV.X0220628.E,XTDV.X0220628,-0.04200000000764703,0.004999999873689376,0.0,0.04229657195777507,0.0415983204220538,-0.005180094376555644,-0.00015205296222120523,0.04191988501641199,0.002471702714501589,-0.0005608881110674702,-0.00015205296222120523,0.0025391002117544715,-0.0004016795855932287,-0.00018009450286626816,-0.00015205296222120523,0.0004657259094845803,-0.0004019999551019282,-0.00017999991541728377,-0.00015199975678115152,0.00046594834425471544
XTDV.X0220628.S,XTDV.X0220628,-0.04200000000764703,0.004999999873689376,0.0,0.04229657195777507,0.04192082792542351,-0.004534482286544517,0.0004670746420742944,0.04216794401297296,0.0026945452873405884,9.789073374122381e-05,0.0004670746420742944,0.0027364786903154572,-7.917208222352201e-05,0.00046551758714485914,0.0004670746420742944,0.0006641788643231655,-7.899996035121148e-05,0.0004659996193367988,0.000467000063508749,0.0006644439015257119
XTDV.X0220629.E,XTDV.X0220629,-0.04200000000764703,0.004999999873689376,0.0,0.04229657195777507,0.04192082792542351,-0.004534482286544517,0.0004670746420742944,0.04216794401297296,0.0026945452873405884,9.789073374122381e-05,0.0004670746420742944,0.0027364786903154572,-7.917208222352201e-05,0.00046551758714485914,0.0004670746420742944,0.0006641788643231655,-7.899996035121148e-05,0.0004659996193367988,0.000467000063508749,0.0006644439015257119
XTDV.X0220629.S,XTDV.X0220629,-0.04200000000764703,0.004999999873689376,0.0,0.04229657195777507,0.042243335428793216,-0.0048888696255744435,8.620190783403814e-05,0.042525379071024334,0.00291738774649275,-0.0002433298504911363,8.620190783403814e-05,0.002928786685376781,0.00024333542114618467,0.00011113024811493233,8.620190783403814e-05,0.0002810566280035137,0.0002430000449749059,0.00011099928087787703,8.600000001024455e-05,0.0002806525649534923
XVW.X0220631.E,XVW.X0220631,-0.04200000000764703,0.004999999873689376,0.0,0.04229657195777507,0.04177537721261615,-0.005258196324575692,3.312834451207891e-05,0.042105010002746225,0.0024179765887311078,-0.0006085010681999847,3.312834451207891e-05,0.0024935881417873238,-0.00022462279503088212,-0.0002581964508863166,3.312834451207891e-05,0.0003438288738717078,-0.00022500000795844244,-0.00025800000003073364,3.300010575912893e-05,0.00034391570271982556
XVW.X0220631.S,XVW.X0220631,-0.04200000000764703,0.004999999873689376,0.0,0.04229657195777507,0.042058626490870665,-0.005224498636380304,8.634970072307624e-05,0.042381964378387676,0.002701218363654334,-0.0005748024705098942,8.634970072307624e-05,0.0027630480993031305,5.862648322363384e-05,-0.00022449876269092783,8.634970072307624e-05,0.00024757429147610093,5.900005817238707e-05,-0.00022400035959435627,8.600000001024455e-05,0.0002470893926588271
XCIO.X0220634.E,XCIO.X0220634,-0.04200000000764703,0.004999999873689376,0.0,0.04229657195777507,0.0419485808151876,-0.005197746759222355,-0.0002656183824001346,0.04227020885808823,0.0025174865641020006,-0.0005383162715588696,-0.0002656183824001346,0.002588064167235427,-5.141919245943427e-05,-0.00019774688553297892,-0.0002656183824001346,0.0003351132482609984,-5.100002908875467e-05,-0.0001979997250600718,-0.0002659999154275283,0.00033550089284288065
XCIO.X0220634.S,XCIO.X0220634,-0.04200000000764703,0.004999999873689376,0.0,0.04229657195777507,0.041656237499410054,-0.0047823959903325886,8.557663022656925e-05,0.0419299506006774,0.002218914232798852,-0.00012214240996399894,8.557663022656925e-05,0.0022239205247647827,-0.00034376250823697774,0.00021760388335678726,8.557663022656925e-05,0.00041574928955112774,-0.0003440000000409782,0.00021800042304676026,8.600000001024455e-05,0.0004162405368035669
MBHHE.X0220635.E,MBHHE.X0220635,0.23299999998016574,1.9860000002154266,0.0,1.9996212143419643,0.04222591394409392,-0.004929401256958954,-0.00048510264605283737,0.0425154340180521,0.002750468865997391,-0.0002641118044266477,-0.00048510264605283737,0.002805380296014417,-0.00019684625840454828,0.00012599139154190198,0.0003904701770807151,0.0004550705872499123,-0.00019700007669598563,0.0001260004864889197,0.00038999996831989847,0.00045473632811024727
MBHHE.X0220635.S,MBHHE.X0220635,0.23299999998016574,1.9849999998768908,-0.000999999883788405,1.998628279471143,0.042465644128242275,-0.0045365259211394005,8.768211046117358e-05,0.04270736103779045,0.0028657325401582057,0.00014606939657824114,8.768211046117358e-05,0.0028707921228875596,4.288381205697078e-05,-0.0004811336111743003,-3.674495019367896e-05,0.0004844365433190361,4.3000000005122274e-05,-0.0004809999154531397,-3.7000063457526267e-05,0.00048433348362696236
XVW.X0220645.E,XVW.X0220645,-0.043000000005122274,0.005000000783184078,0.0,0.043289721739373156,0.042878150566139084,-0.004632623131328728,-0.0001681091816863045,0.043128010083313406,0.00264998527654825,0.00014168108464218676,-0.0001681091816863045,0.0026590893540148534,-0.00012184943898319034,0.00036737765185534954,-0.0001681091816863045,0.0004219885328187338,-0.00012199996035633376,0.0003670002115541138,-0.00016800004232209176,0.00042166000501344194
XVW.X0220645.S,XVW.X0220645,-0.043000000005122274,0.005000000783184078,0.0,0.043289721739373156,0.04254493421740335,-0.005374178726924583,-0.00011626434570644051,0.04288317551150089,0.0023167614244812285,-0.0005998736014589667,-0.00011626434570644051,0.002395986067107693,-0.00045506578771892237,-0.0003741779437405057,-0.00011626434570644051,0.0006005092862035218,-0.00045499996303988155,-0.00037399968277895823,-0.00011599968274822459,0.000600297139325804
MBHHE.X0220652.E,MBHHE.X0220652,-0.04400000000259752,0.0070000005507608876,1.9999999999527063,2.000496188403958,0.04279427855635731,-0.005500707629835233,0.0004471089596336242,0.043148672841813056,0.0021535921632676036,-0.0006661857696599327,0.0004471089596336242,0.002298188222746278,0.0003445800302870339,0.00039975020627025515,0.0004480120878724847,0.0006922791745860825,0.00034499998946557753,0.0004000003173132427,0.00044799980969401076,0.0006926247729238489
MBHHE.X0220652.S,MBHHE.X0220652,-0.04500000000007276,0.00599999930273043,1.9999999999527063,2.0005151835970816,0.04303759851609357,-0.005219927516009193,-3.2860043575055897e-06,0.04335299920539148,0.0022726925408278476,-0.00036640903999796137,-3.2860043575055897e-06,0.0023020420863988137,-0.0004120998937651166,-0.00031947001843946055,-2.382876118645072e-06,0.0005214336901481591,-0.0004119999630347593,-0.00031899980967864394,-1.999978849198669e-06,0.0005210651092052233
EXP.X0220656.E,EXP.X0220656,-0.043000000005122274,0.004999999873689376,0.0,0.043289721634325734,0.04313728061333677,-0.004721990080724936,-0.00043875434130313806,0.043397173576262285,0.002304122631358041,0.00014244051271816716,-0.00043875434130313806,0.0023498459038864797,0.00013728060821449617,0.00027800979296443984,-0.00043875434130313806,0.0005372529966302871,0.00013700002909899922,0.00027799978852272034,-0.00043899990487261675,0.0005373767829651467
EXP.X0220656.S,EXP.X0220656,-0.043000000005122274,0.004999999873689376,0.0,0.043289721634325734,0.04313728061333677,-0.004721990080724936,-0.00043875434130313806,0.043397173576262285,0.002304122631358041,0.00014244051271816716,-0.00043875434130313806,0.0023498459038864797,0.00013728060821449617,0.00027800979296443984,-0.00043875434130313806,0.0005372529966302871,0.00013700002909899922,0.00027799978852272034,-0.00043899990487261675,0.0005373767829651467
XTDV.X0220667.E,XTDV.X0220667,-0.04400000000259752,0.006000000212225132,0.0,0.04440720665359715,0.04359725062386133,-0.00550500499230111,-0.0004042199179821182,0.0439452925313637,0.002249133331133635,-0.0005582360245171003,-0.0004042199179821182,0.0023523651804892897,-0.0004027493787361891,0.0004949952199240215,-0.0004042199179821182,0.0007553946464686436,-0.00040299994452652754,0.0004950006768922321,-0.00040399982026428916,0.0007554141117200089
XTDV.X0220667.S,XTDV.X0220667,-0.04400000000259752,0.005000000783184078,0.0,0.04428317974197904,0.04392117102725024,-0.004784086740983184,0.000378670847567264,0.04418257735760799,0.0024737837520660833,0.0001785547283361666,0.000378670847567264,0.0025089598350301785,-7.882897534727817e-05,0.00021591404220089316,0.000378670847567264,0.00044297233747847163,-7.899996035121148e-05,0.0002160004441975616,0.0003790000846493058,0.0004433263468295313
XTDV.X0220668.E,XTDV.X0220668,-0.04400000000259752,0.005000000783184078,0.0,0.04428317974197904,0.04392117102725024,-0.004784086740983184,0.000378670847567264,0.04418257735760799,0.0024737837520660833,0.0001785547283361666,0.000378670847567264,0.0025089598350301785,-7.882897534727817e-05,0.00021591404220089316,0.000378670847567264,0.00044297233747847163,-7.899996035121148e-05,0.0002160004441975616,0.0003790000846493058,0.0004433263468295313
XTDV.X0220668.S,XTDV.X0220668,-0.04400000000259752,0.004999999873689376,0.0,0.04428317963928827,0.04424509143063915,-0.005063167918706313,0.0001615617293282412,0.044534142938547926,0.0026984341729985317,-8.465303835691884e-05,0.0001615617293282412,0.002704591524665575,0.00024509142804163275,-6.316804501693696e-05,0.0001615617293282412,0.0003002702156296566,0.0002450000238241046,-6.300069799181074e-05,0.00016199965102714486,0.000300396382391972
XVW.X0220669.E,XVW.X0220669,-0.04400000000259752,0.004999999873689376,0.0,0.04428317963928827,0.04366988059700816,-0.004895188794762362,7.134849511203356e-05,0.04394344587422647,0.00211792473692185,8.417282515438274e-05,7.134849511203356e-05,0.0021207972235729442,-0.0003301194055893575,0.00010481107892701402,7.134849511203356e-05,0.000353630869646963,-0.0003300000344097498,0.00010500025382498279,7.100015864125453e-05,0.0003535054434387541
XVW.X0220669.S,XVW.X0220669,-0.04400000000259752,0.004999999873689376,0.0,0.04428317963928827,0.044092421148889116,-0.005386598786571994,0.00015544628695352003,0.04442050441864242,0.002540452896937495,-0.00040723534766584635,0.00015544628695352003,0.002577577369949207,9.242114629159914e-05,-0.0003865989128826186,0.00015544628695352003,0.0004268066726885977,9.199993655784056e-05,-0.00038700000004610047,0.00015499972505494952,0.0004269167402778186
XVW.X0220672.E,XVW.X0220672,-0.04500000000007276,0.004999999873689376,0.0,0.04527692567681072,0.04535451273568469,-0.005031399268773384,-0.0003168875082337763,0.04563383856072238,0.00292158517822827,8.882307156454772e-05,-0.0003168875082337763,0.0029400624456905476,0.00035451273561193375,-3.1399395084008574e-05,-0.0003168875082337763,0.0004765321548408986,0.0003549999973984086,-3.100012690993026e-05,-0.00031700028557679616,0.0004769435889883333
XVW.X0220672.S,XVW.X0220672,-0.04500000000007276,0.00599999930273043,0.0,0.04539823775918305,0.04477705329009041,-0.005522809260583017,-0.00023278971639228985,0.04511696038658229,0.002344113340768672,-0.0004025841917609796,-0.00023278971639228985,0.002389797572574612,-0.00022294670998235233,0.0004771900421474129,-0.00023278971639228985,0.0005758529533436531,-0.00022299991542240605,0.00047699995775474235,-0.00023300026441575028,0.0005758012202090543
XWCA.X0220680.E,XWCA.X0220680,-0.045999999997548,0.006000000212225132,0.0,0.04638965404399043,0.04554332303996489,-0.005736896127928048,-0.0003230015863664448,0.045904363417109136,0.0030969692943472182,-0.0006145264705992304,-0.0003230015863664448,0.003173829172780396,-0.0004566769575831131,0.0002631040842970833,-0.0003230015863664448,0.0006181485481309611,-0.0004569999418890802,0.0002630004019010812,-0.0003229997673770413,0.0006183421447810069
XSCI.X0220680.E,XSCI.X0220680,0.2690000000029613,1.9809999994322425,1.9989999996141705,2.8271404273947183,0.04530547005288099,-0.005159860847925302,-9.364293873659335e-05,0.04559844898329793,0.0028553936317621265,-3.689638106152415e-05,-9.364293873659335e-05,0.002857166977132833,8.11763811725541e-05,-0.00017350339476251975,-0.00025176132112392224,0.0003163491673269479,8.099993920041015e-05,-0.00017399997886968777,-0.00025200006348313764,0.00031676649884832724
XWCA.X0220680.S,XWCA.X0220680,-0.04500000000007276,0.004999999873689376,0.0,0.04527692567681072,0.04530547005288099,-0.005159860847925302,-9.364293873659335e-05,0.04559844898329793,0.0028553936317621265,-3.689638106152415e-05,-9.364293873659335e-05,0.002857166977132833,0.00030547005280823214,-0.00015986097423592582,-9.364293873659335e-05,0.00035726248644595877,0.00030499995773425326,-0.00016000012692529708,-9.399991540703923e-05,0.0003570168048293217
XSCI.X0220680.S,XSCI.X0220680,0.2690000000029613,1.982000000680273,1.9990000000689179,2.827841226620358,0.04557571514851588,-0.005864803824806586,-4.47125785285607e-05,0.04595153680146949,0.003119434381915198,-0.0007408470992231742,-4.47125785285607e-05,0.0032065128258250766,0.0003514214768074453,0.00012155487638665363,-0.0002028305061685387,0.0004235715483451244,0.00035100003970001126,0.00012200052879052237,-0.00020299967218306847,0.0004234312503831169
XCON.X0220681.E,XCON.X0220681,-0.04500000000007276,0.004999999873689376,0.0,0.04527692567681072,0.04486215618726419,-0.005133700142323505,-0.00035663742892211303,0.045156340918828745,0.0023947075078467606,-7.958078640513122e-06,-0.00035663742892211303,0.0024211314782269606,-0.00013784381280856906,-0.00013370026863412932,-0.00035663742892211303,0.0004050517673959927,-0.00013800001852359856,-0.00013400040188571438,-0.00035700031730812043,0.0004055235373885777
XCON.X0220681.S,XCON.X0220681,-0.04500000000007276,0.004999999873689376,0.0,0.04527692567681072,0.044672891249319946,-0.005248527486401144,-0.0002098454388033133,0.04498064348647384,0.00218682941977022,-0.00011980864655924961,-0.0002098454388033133,0.0022001391163173002,-0.00032710875075281365,-0.0002485276127117686,-0.0002098454388033133,0.0004613038231857962,-0.00032699995244911406,-0.00024899964046198875,-0.0002100000529026147,0.0004615515269945746
XVW.X0220682.E,XVW.X0220682,-0.04500000000007276,0.004999999873689376,0.0,0.04527692567681072,0.0447522385229604,-0.005390578735386953,0.00016516059986315668,0.04507602988221227,0.0022286433249973925,-0.00025585904950276017,0.00016516059986315668,0.0022493538954586594,-0.0002477614771123626,-0.00039057886169757694,0.00016516059986315668,0.0004911370689461675,-0.0002479999920979026,-0.0003909999577444978,0.00016500007404829375,0.0004915383886053065
XVW.X0220682.S,XVW.X0220682,-0.04500000000007276,0.005000000783184078,0.0,0.045276925777247616,0.04496350868521404,-0.005136284016771242,0.00020720972315757535,0.04525639692524836,0.002439907348161796,-1.5634213923476636e-06,0.00020720972315757535,0.002448690707556064,-3.6491314858722035e-05,-0.00013628323358716443,0.00020720972315757535,0.0002506802848014399,-3.600007403292693e-05,-0.00013599947124021128,0.0002070000846288167,0.00025028163445273117
MQNFB.X0220683.E,MQNFB.X0220683,-0.04500000000007276,0.006000000212225132,0.0,0.04539823787938525,0.04482427721086424,-0.005675642569258343,0.00010667781680240296,0.04518229881498924,0.002280328658343933,-0.0005376687113312073,0.00010667781680240296,0.0023452860358188572,-0.00017572278920852114,0.00032435764296678826,0.00010667781680240296,0.0003840137182392315,-0.00017600007140572416,0.0003240002115489915,0.00010699977792683057,0.00038392852810777465
MQNFB.X0220683.S,MQNFB.X0220683,-0.04500000000007276,0.006000000212225132,0.0,0.04539823787938525,0.045229177771943796,-0.005774495548394043,8.529104889021255e-05,0.04559638796360452,0.0025611416276660748,-0.0006166810635477304,8.529104889021255e-05,0.0026357193579975816,0.00022917777187103638,0.0002255046638310887,8.529104889021255e-05,0.0003326399969187977,0.00022899996565683978,0.00022599942894885316,8.500001058564521e-05,0.00033277879733480814
MQNFB.X0220686.E,MQNFB.X0220686,-0.04500000000007276,0.006000000212225132,0.0,0.04539823787938525,0.04501006446844258,-0.005702552698494401,-0.00013794306141790003,0.04537007867549555,0.0022942546138438047,-0.0005370993676478975,-0.00013794306141790003,0.002360319523298636,1.0064468369819224e-05,0.00029744751373073086,-0.00013794306141790003,0.00032803140877285357,1.0000007932831068e-05,0.0002970000423374586,-0.00013800035958411172,0.00032764786669907224
MQNFB.X0220686.S,MQNFB.X0220686,-0.04500000000007276,0.00599999930273043,0.0,0.04539823775918305,0.045414965029522136,-0.005801404768135399,-0.00015932982933009043,0.04578428477011492,0.002575067696852784,-0.0006161108103697188,-0.00015932982933009043,0.0026525369306653374,0.00041496502944937674,0.0001985945345950313,-0.00015932982933009043,0.0004868488054327493,0.000415000044995395,0.00019899925973732024,-0.00015900013750069775,0.00048693612152665575
XBTF.X0220687.E,XBTF.X0220687,-1.1279999999942447,0.18000000000029104,1.6729999997551204,2.025762325438933,0.04563916570532456,-0.0057556244428269565,-0.00011956944945268333,0.04600081473037389,0.0027688669206327177,-0.0005654692358803004,-0.00011956944945268333,0.002828546682334159,0.00017334923541056924,0.00044264106691116467,0.00018419405023450963,0.0005098122396289404,0.00017299998944508843,0.0004429994078236632,0.0001839998731156811,0.0005099347262019951
XBTF.X0220687.S,XBTF.X0220687,-1.1279999999942447,0.17899999966175528,1.6730000002098677,2.0256737152286255,0.04576993819682684,-0.005227137080510147,-0.00020519519239314832,0.04606790976012233,0.002890208747885481,-3.547393134795129e-05,-0.00020519519239314832,0.0028977008253338195,0.0003041217269128538,-2.8871909307781607e-05,9.856876204139553e-05,0.00032099752768192225,0.00030400008199649164,-2.900014806073159e-05,9.89998625300359e-05,0.0003210265272876745
XVW.X0220687.E,XVW.X0220687,-0.04500000000007276,0.004999999873689376,0.0,0.04527692567681072,0.04541212797448679,-0.005163805326446891,0.0002187352947657928,0.04570529616740038,0.0025292374630225822,2.836350176949054e-05,0.0002187352947657928,0.0025388366945839217,0.0004121279744140338,-0.000163805452757515,0.0002187352947657928,0.0004944965346936086,0.0004119999630347593,-0.00016400008462369442,0.0002189999577240087,0.0004945715102796961
XVW.X0220687.S,XVW.X0220687,-0.045999999997548,0.006000000212225132,0.0,0.04638965404399043,0.04562339825042727,-0.005909510946366936,0.00026078441806021146,0.04600526922054716,0.002740501486186986,-0.0007173412086558528,0.00026078441806021146,0.002844808485317056,-0.0003766017471207306,9.048926585819572e-05,0.00026078441806021146,0.00046693221764293057,-0.0003769999921132694,8.999995770864189e-05,0.00026099996830453165,0.00046727932748617183
XVW.X0220688.E,XVW.X0220688,-0.045999999997548,0.00599999930273043,0.0,0.04638965392635713,0.045907777916909254,-0.005782846528745722,0.00010864459909498692,0.04627069473103035,0.003018558913936431,-0.0005896663424209692,0.00010864459909498692,0.0030775327717510533,-9.22220806387486e-05,0.0002171527739847079,0.00010864459909498692,0.00025973811487554904,-9.200005024467828e-05,0.00021699997887481004,0.00010899975677602924,0.00025968047106766587
XVW.X0220688.S,XVW.X0220688,-0.04500000000007276,0.00599999930273043,0.0,0.04539823775918305,0.04511904808168765,-0.005528551810130011,0.0001506937223894056,0.045456749702468845,0.0022298228259387542,-0.00033537071431055665,0.0001506937223894056,0.0022599318461100195,0.000119048081614892,0.00047144749260041863,0.0001506937223894056,0.0005090616681532631,0.00011899999208253575,0.00047100002120714635,0.00015099976735655218,0.0005087267909541513
MQNEE.X0220689.E,MQNEE.X0220689,-1.698000000033062,0.26900000011664815,-1.0959999999613501,2.0388185304460804,0.04606574907484173,-0.005748580406361725,-0.00024341534299310297,0.0464236864708512,0.003152826252517116,-0.0005516103556146845,-0.00024341534299310297,0.0032099592508608157,-0.0001454791345167905,-0.00039087444747565314,0.00015368141248472966,0.00044448283297834256,-0.0001449999444957939,-0.0003909999577444978,0.00015400019037770107,0.0004445469710799417
MQNEE.X0220689.S,MQNEE.X0220689,-1.698000000033062,0.26900000011664815,-1.0970000002998859,2.0393562711877946,0.04576819935664389,-0.005798005986434873,0.00024589144231867976,0.046134644339906196,0.0027932327384405653,-0.0005911151674808934,0.00024589144231867976,0.002865663775415341,-0.0004430288527146331,-0.00044030002754880115,-0.0003570121407392435,0.0007194416913359529,-0.0004429999762578518,-0.0004399998942972161,-0.00035700031730812043,0.000719234393298956
MBHHE.X0220692.E,MBHHE.X0220692,-0.7270000000971777,2.2589999998672283,1.5690000000176951,2.844885059118727,0.04576592550620262,-0.0057408287830185145,-0.0003925661076209508,0.04612625240255351,0.0027113753731100587,-0.0005212132236920297,-0.0003925661076209508,0.002788786077724825,0.0002639975491547375,0.0003690965968417004,0.0001538351170893293,0.0004791578518710931,0.00026399993657832965,0.00036900019040331244,0.00015400019037770107,0.00047913794012519105
MBHHE.X0220692.S,MBHHE.X0220692,-0.7269999999834909,2.2579999995286926,1.5690000000176951,2.844091067090345,0.04559149306260224,-0.005415729901869781,-0.0004883595465798862,0.045914625829838254,0.0024137340233210125,-0.00017222919268533587,-0.0004883595465798862,0.0024686575049784037,8.956533292803215e-05,-0.0003058048605453223,5.8042132877744734e-05,0.00032389419689869567,9.000007139547961e-05,-0.0003060004019062035,5.800029612146318e-05,0.0003241917537016124
XCSH.X0220694.E,XCSH.X0220694,-1.0780000000067957,0.41400000009161886,1.66399999989153,2.0254322994683194,0.04632450702501956,-0.005720413355447818,0.00022407493815990165,0.04667690317112076,0.0031043314265843946,-0.0004672228897106834,0.00022407493815990165,0.0031472814320712516,-0.000279390064861218,0.0001001553755486384,9.05538399820216e-06,0.0002969375482720218,-0.0002790000053209951,9.999985195463523e-05,8.999904821394011e-06,0.0002965163935549912
XCSH.X0220694.S,XCSH.X0220694,-1.0770000000093205,0.41400000009161886,1.6640000003462774,2.024900244764751,0.046032680074858945,-0.005989601959299762,0.0004285002432879992,0.046422694654270784,0.00275156116913422,-0.0007224898581625894,0.0004285002432879992,0.0028769242119202495,0.00042878298245341284,-0.0001690332283033058,0.00021348114387365058,0.0005079382611123949,0.0004290000106266234,-0.0001689995769993402,0.0002130000211764127,0.0005079083334271561
MQNFB.X0220696.E,MQNFB.X0220696,-1.7010000000254877,0.2699999995456892,-1.0909999996329134,2.038769726830472,0.045946751242809114,-0.005178038918529637,0.0004423377504281234,0.046239719933146683,0.0026293100745533593,9.73705027718097e-05,0.0004423377504281234,0.002668035825923565,0.00019445371890469687,-0.00018703849491430447,0.0002792980922095012,0.0003883337117577383,0.0001939999947353499,-0.00018700029613683,0.00027900023269467056,0.00038787399829874933
MQNFB.X0220696.S,MQNFB.X0220696,-1.701999999909276,0.27099999988422496,-1.0910000000876607,2.03973674767596,0.04636309745364997,-0.005716416126233526,-0.00014881106835673563,0.04671441280331984,0.0029237696708150906,-0.0004131625246373005,-0.00014881106835673563,0.002956565083641543,-0.00038919995404285146,0.000274584635917563,-0.0003118511813227087,0.0005693193179590056,-0.00038899997889529914,0.0002750002749962732,-0.0003119998837064486,0.0005694647155543585
XBPF.X0220697.E,XBPF.X0220697,0.3970000000208529,1.9460000003164168,-0.20100000028833165,1.9962279432379362,0.045940102268104965,-0.005918318493058905,-0.0003186423782608472,0.046320848687761,0.0024709122499189107,-0.000608243681199383,-0.0003186423782608472,0.002564546877665144,-0.0002044813527390943,0.00019514300220180303,-0.00016423382476205006,0.0003269039065571327,-0.00020400000266818097,0.00019500021153362468,-0.00016400008462369442,0.0003264002318371651
XBPF.X0220697.S,XBPF.X0220697,0.3970000000208529,1.9450000008873758,-0.20200000017212005,1.9953541047989416,0.04595174459609552,-0.005295235496305395,0.00041642988435341977,0.046257710322006956,0.0024732911469982355,1.69557097251527e-05,0.00041642988435341977,0.0025081607688692393,-0.00019283902474853676,-0.00018177343008574098,-0.0004291614459361881,0.0005043887548599218,-0.00019300000531075057,-0.00018199989426648244,-0.0004290000106266234,0.0005043946596471889
MBHHE.X0220699.E,MBHHE.X0220699,2.113000000008469,1.6529999993508682,0.7900000000518048,2.7966547870574967,0.046521603280780255,-0.00587779504712671,0.00022050107872928493,0.04689196804524259,0.0029892149768784293,-0.0005532829163712449,0.00022050107872928493,0.003047974555219147,5.674542080669198e-05,0.00022368203644873574,7.374637789325789e-06,0.00023088542936899645,5.699996563635068e-05,0.0002239994500996545,6.999925972195342e-06,0.00023124391600885195
MBHHE.X0220699.S,MBHHE.X0220699,2.113000000008469,1.6519999999218271,0.7900000000518048,2.7960638404477387,0.04636626806586719,-0.0053992953326087445,5.4377778724301606e-05,0.04667961183843976,0.0027137510869579273,-4.3102772906422615e-05,5.4377778724301606e-05,0.002714638052082919,-9.858979410637403e-05,-0.0002978185875690542,-0.00015874866221565753,0.00035159208802079797,-9.899997621687362e-05,-0.00029799957701470703,-0.00015899968275334686,0.00035197392276637595
XBPF.X0220701.E,XBPF.X0220701,0.5169999999452557,1.8829999999070424,-0.3990000000158034,1.9930326137838104,0.04648091828585166,-0.005963413968856912,0.00042296460378565826,0.04686381301085127,0.0027900714485440403,-0.0005957153916824609,0.00042296460378565826,0.0028841419125839813,7.236508281494025e-06,-5.77711034566164e-06,0.00043346290112822317,0.0004335617934165208,6.999925972195342e-06,-5.999936547596008e-06,0.00043299996832502075,0.0004330981075595463
XBPF.X0220701.S,XBPF.X0220701,0.5169999999452557,1.8829999999070424,-0.3990000000158034,1.9930326137838104,0.04648111132610211,-0.006182999641168863,0.00022082895156927407,0.046891064821541886,0.002781301191134844,-0.0008126098691718653,0.00022082895156927407,0.002905982887274941,7.429548531945329e-06,-0.00022536278265761212,0.00023132724891183898,0.0003230416042674543,6.999925972195342e-06,-0.0002250008037663065,0.0002310002855665516,0.00032254533416394135
XBTF.X0220702.E,XBTF.X0220702,-0.045999999997548,0.006000000212225132,0.0,0.04638965404399043,0.04632341847354837,-0.006050855517969467,-0.00044456328396336176,0.04671904952038593,0.0026142322440136923,-0.0006776508598704822,-0.00044456328396336176,0.002736979617566115,0.00032341847600037,-5.0855305744335055e-05,-0.00044456328396336176,0.0005521071328909276,0.0003229999947507167,-5.099991540191695e-05,-0.00044500029616756365,0.0005522275360475835
XBPF.X0220702.E,XBPF.X0220702,-0.045999999997548,0.004999999873689376,0.0,0.046270941188950435,0.046323611513798824,-0.005270440851745661,0.00035330094760865904,0.04662380670872645,0.002605461986604496,0.00010545409168116748,0.00035330094760865904,0.002631420583767354,0.0003236115162508213,-0.00027044097805628553,0.00035330094760865904,0.0005501675159834251,0.00032399998417531606,-0.00027000078262062743,0.0003529999048623722,0.0005499866772879142
XBTF.X0220702.S,XBTF.X0220702,-0.045999999997548,0.004999999873689376,0.0,0.046270941188950435,0.046323611513798824,-0.005270440851745661,0.00035330094760865904,0.04662380670872645,0.002605461986604496,0.00010545409168116748,0.00035330094760865904,0.002631420583767354,0.0003236115162508213,-0.00027044097805628553,0.00035330094760865904,0.0005501675159834251,0.00032399998417531606,-0.00027000078262062743,0.0003529999048623722,0.0005499866772879142
XBPF.X0220702.S,XBPF.X0220702,-0.045999999997548,0.004999999873689376,0.0,0.046270941188950435,0.046323804554049275,-0.00549002561456291,0.00015116484064492397,0.046648237913337734,0.0025966917291952996,-0.00011143947631353512,0.00015116484064492397,0.002603474121707284,0.0003238045565012726,-0.0004900257408735342,0.00015116484064492397,0.000606486130572536,0.00032399998417531606,-0.0004899993655271828,0.00015099976735655218,0.0006065280683565927
MQNEE.X0220703.E,MQNEE.X0220703,0.5169999999452557,1.8829999999070424,-0.3990000000158034,1.9930326137838104,0.04627179521321523,-0.005868953849130776,-0.00027677242542267777,0.04664333022536479,0.0025157876279990887,-0.00048169385991059244,-0.00027677242542267777,0.002576396580370188,-0.00020188656435493613,8.868300938047469e-05,-0.00026627412808011286,0.00034572354895876195,-0.0002020000238189823,8.899951353669167e-05,-0.0002659999154275283,0.00034566006138992886
MQNEE.X0220703.S,MQNEE.X0220703,0.5170000000589425,1.8829999999070424,-0.3990000000158034,1.993032613813301,0.04643095974188327,-0.006050438059901353,-2.7665464585879818e-05,0.046823526016811445,0.002615983135001443,-0.0006454765753005631,-2.7665464585879818e-05,0.0026945821846446755,-4.27219220000552e-05,-9.28012013901025e-05,-1.7167167243314907e-05,0.00010359506373367945,-4.3000000005122274e-05,-9.300038072979078e-05,-1.6999820218188688e-05,0.00010386079483509305
MQNEE.X0220704.E,MQNEE.X0220704,0.5160000000614673,1.8819999995685066,-0.3990000000158034,1.9918285564907197,0.0470635164901978,-0.005360180693969596,1.4146735338727012e-05,0.047367777250207174,0.0032031337013904704,5.841138772666454e-05,1.4146735338727012e-05,0.0032036974778090884,-0.0004101651711607701,-0.0004025441739941016,2.4645032681291923e-05,0.0005752257446305748,-0.0004099999841855606,-0.0004030007403343916,2.4999735614983365e-05,0.0005754429342020342
MQNEE.X0220704.S,MQNEE.X0220704,0.5169999999452557,1.8829999999070424,-0.3990000000158034,1.9930326137838104,0.04622268113507744,-0.005541664904740173,0.00026325415092287585,0.046554436995623207,0.0023033293246044195,-0.00010537041816860437,0.00026325415092287585,0.0023207179170648467,-0.0002510006424927269,0.0004159719537710771,0.00027375244826544076,0.0005576507794195321,-0.0002510000740585383,0.00041600014810683206,0.0002740002855716739,0.0005577932564092693
MBHGG.X0220706.E,MBHGG.X0220706,-1.3099999999894862,2.8640000000450527,1.4969999997447303,3.487062517286755,0.04678008986047644,-0.00625684333499521,-0.00010148824003408663,0.047196771030821476,0.002808845351864875,-0.0008049710231716745,-0.00010148824003408663,0.0029236775509115537,-0.0003388904588064179,0.00019170784071320668,0.00039216456571011804,0.0005526225527967078,-0.0003389999392311438,0.0001919997885124758,0.00039199994716909714,0.0005526742586443932
MBHGG.X0220706.S,MBHGG.X0220706,-1.3099999999894862,2.8630000006160117,1.495999999860942,3.4858119575048327,0.04726825056877715,-0.00589308729104232,0.0002720485099416692,0.04763496614929318,0.0032382878316639108,-0.0004226803866913542,0.0002720485099416692,0.003277068382221767,0.00014927024949429324,-0.0004445355443749577,-0.00023429902284988202,0.0005242036719684803,0.00014900001588102896,-0.0004449993866728619,-0.00023399979909299873,0.0005243866558631464
XBPF.X0220707.E,XBPF.X0220707,0.07799999991675577,0.38299999960145215,1.9600000000536966,1.9985927548883533,0.047072341658349615,-0.005584057362284511,7.937842383398674e-05,0.04740246139980339,0.0030049669703657855,-0.00010125677363248542,7.937842383398674e-05,0.003007720126834636,0.000159046180669975,0.0003366194505360909,-7.567950888187625e-05,0.0003799154249692003,0.0001589999101270223,0.00033699961932143196,-7.60001057642512e-05,0.0003802968983825251
XBPF.X0220707.S,XBPF.X0220707,0.0780000000304426,0.38300000051094685,1.960999999937485,1.999573454552483,0.04734427261610108,-0.0061176733652246185,-0.00039522092265542597,0.04773952530690875,0.003268012505941442,-0.0006319296517176554,-0.00039522092265542597,0.003351930846752998,0.00043097725210827775,-0.00019699564290931448,0.00044972102841711603,0.0006532975421357443,0.0004309999894758221,-0.00019700019038282335,0.00044999978854320943,0.0006535058344253405
XVW.X0220709.E,XVW.X0220709,-0.046999999995023245,0.006000000212225132,0.0,0.04738143098386631,0.04719400112662697,-0.006003341695759445,0.0002317065082024783,0.04757486249861428,0.002921506620623404,-0.0004525918484432623,0.0002317065082024783,0.002965422098381115,0.00019400113160372712,-3.3414835343137383e-06,0.0002317065082024783,0.0003022176542148421,0.0001939999947353499,-3.0004230211488903e-06,0.00023199982024380006,0.00030243828641357095
XVW.X0220709.S,XVW.X0220709,-0.046999999995023245,0.00599999930273043,0.0,0.04738143086869529,0.047374443170156155,-0.006039218533260282,9.323639460490085e-05,0.047757917869188024,0.0031019428661238635,-0.0004884668669546954,9.323639460490085e-05,0.0031415509625164744,0.00037444317513291026,-3.921923052985221e-05,9.323639460490085e-05,0.0003878644927366899,0.0003740000238394714,-3.9000042306724936e-05,9.299992598243989e-05,0.00038735772531936263
XCETW.X0220711.E,XCETW.X0220711,-0.046999999995023245,0.004999999873689376,0.0,0.04726520917407516,0.04703525621607696,-0.005489336217578966,2.790557118714787e-05,0.047354502617412565,0.0027549432388696005,6.400387064786628e-05,2.790557118714787e-05,0.002755827909314098,3.52562210537144e-05,-0.0004893363438895904,2.790557118714787e-05,0.0004913977813111297,3.50000846083276e-05,-0.0004889998308499344,2.799970388878137e-05,0.0004910497163340123
XCETW.X0220711.S,XCETW.X0220711,-0.04799999999249849,0.00599999930273043,0.0,0.048373546395862076,0.047561444944221876,-0.005991619218548294,8.932374839787371e-05,0.047937443869843055,0.003281050112491357,-0.0004382527549751103,8.932374839787371e-05,0.0033113945778101813,-0.00043855504827661207,8.38008418213576e-06,8.932374839787371e-05,0.00044763767514324336,-0.0004390000185594545,7.999915396794677e-06,8.899996828404255e-05,0.0004480022425123761
XCET.X0220713.E,XCET.X0220713,-0.046999999995023245,0.00599999930273043,0.0,0.04738143086869529,0.04742956934933318,-0.006246299562917557,0.00042930150812026113,0.04784103475759888,0.0030350797715072986,-0.0006551372280227952,0.00042930150812026113,0.0031345197067219914,0.00042956935430993326,-0.0002463002601871267,0.00042930150812026113,0.0006553574850452461,0.00043000000005122274,-0.00024600012693554163,0.0004290000106266234,0.0006553297426593708
XCET.X0220713.S,XCET.X0220713,-0.046999999995023245,0.006000000212225132,0.0,0.04738143098386631,0.04693257290000474,-0.006229387508938089,-0.0003691452548082452,0.04734562214154463,0.0025182082481478574,-0.0006316413418971933,-0.0003691452548082452,0.002622329457749547,-6.742709501850186e-05,-0.00022938729671295732,-0.0003691452548082452,0.0004398103729828989,-6.700008725601947e-05,-0.00022899985197000206,-0.00036900019040331244,0.0004394213062793814
XCETW.X0220713.E,XCETW.X0220713,-0.046999999995023245,0.006000000212225132,0.0,0.04738143098386631,0.047075639372451406,-0.00577538139623357,0.0004197986527287867,0.04743044469015541,0.002658986090864346,-0.00017687671061139554,0.0004197986527287867,0.0026977255811145187,7.563937742816051e-05,0.00022461881599156186,0.0004197986527287867,0.0004820848854175738,7.599999207741348e-05,0.00022499989427160472,0.0004200001058052294,0.0004824946011038922
XCETW.X0220713.S,XCETW.X0220713,-0.04799999999249849,0.006000000212225132,0.0,0.048373546508671,0.04760182821428316,-0.0062776653066976,0.00048121637519216165,0.048016400325771945,0.0031850930781729403,-0.0006791333362343721,0.00048121637519216165,0.0032920524304395713,-0.00039817177821532823,-0.0002776650944724679,0.00048121637519216165,0.0006835260561300091,-0.00039799999740353087,-0.00027799978852272034,0.0004809999154531397,0.0006834096860725749
XCETW.X0220714.E,XCETW.X0220714,-0.046999999995023245,0.006000000212225132,0.0,0.04738143098386631,0.046820310785733454,-0.005669071470038034,-5.9825651987921447e-05,0.047162309660508606,0.0023965872060216498,-6.822483555879444e-05,-5.9825651987921447e-05,0.002398304395378006,-0.0001796892092897906,0.00033092874218709767,-5.9825651987921447e-05,0.0003812888052074236,-0.0001800000291041215,0.00033100059226853773,-6.000027497066185e-05,0.0003815251440680711
XCETW.X0220714.S,XCETW.X0220714,-0.046999999995023245,0.006000000212225132,0.0,0.04738143098386631,0.04734649962756521,-0.006171355380502064,1.5925252228043973e-06,0.04774700678316517,0.002922694307017082,-0.000570481461181771,1.5925252228043973e-06,0.002977850507657954,0.00034649963254196336,-0.0001713551682769321,1.5925252228043973e-06,0.00038655804891829195,0.0003460000925770146,-0.00017099955584853888,1.999978849198669e-06,0.0003859545466490808
XCET.X0220716.E,XCET.X0220716,-0.04799999999249849,0.006000000212225132,0.0,0.048373546508671,0.04759908767937304,-0.005701299414795358,-0.0004965063453710172,0.047941886503106886,0.0030666824386571534,-6.445043254643679e-05,-0.0004965063453710172,0.0031072839569014758,-0.0004009123131254455,0.00029870079742977396,-0.0004965063453710172,0.0007046072666347275,-0.0004009999656773289,0.00029900002118665725,-0.000496999746246729,0.0007051317131658124
XCET.X0220716.S,XCET.X0220716,-0.046999999995023245,0.006000000212225132,0.0,0.04738143098386631,0.04710209123004461,-0.005684386451321188,-0.0002949527697637677,0.04744477046743719,0.002549810915297712,-4.0953636926133186e-05,-0.0002949527697637677,0.0025671404403616394,0.00010209123502136208,0.00031561376090394333,-0.0002949527697637677,0.00044388264522442943,0.00010199994449067162,0.0003160002961521968,-0.000294999608740909,0.0004441676991876667
XCETW.X0220715.E,XCETW.X0220715,-0.046999999995023245,0.006000000212225132,0.0,0.04738143098386631,0.04724515770249127,-0.006230380677152425,0.0004939906830259133,0.047656758141006825,0.0026905888717010384,-0.0005861893441760913,0.0004939906830259133,0.002797662098728771,0.00024515770746802446,-0.00023038046492729336,0.0004939906830259133,0.0005976656716488757,0.0002450000238241046,-0.00023000029614195228,0.0004940002327202819,0.0005974624488843547
XCETW.X0220715.S,XCETW.X0220715,-0.04799999999249849,0.006000000212225132,0.0,0.048373546508671,0.04777134654432302,-0.005732664249080699,-0.0004445914782991167,0.04811613712293483,0.003216695859009633,-8.844563126331195e-05,-0.0004445914782991167,0.003248479099768918,-0.0002286534481754643,0.00026733596314443275,-0.0004445914782991167,0.0005669325349008338,-0.00022899996565683978,0.00026700035959947854,-0.00044500029616756365,0.00056723490714721
XBPF.X0220716.E,XBPF.X0220716,0.0780000000304426,0.38299999960145215,1.9600000000536966,1.9985927548927902,0.047235103465936845,-0.006131914233264979,-0.000256993189395871,0.047632146887383445,0.0026667827341952943,-0.0004831672413274646,-0.000256993189395871,0.0027223567425835255,0.0003218081019440433,-0.00021123742044437677,-0.000412051122111734,0.0005638863622276756,0.0003220000053261174,-0.00021100004232721403,-0.00041199973566108383,0.0005638694915287657
XBPF.X0220716.S,XBPF.X0220716,0.07700000003296736,0.38299999960145215,1.9600000000536966,1.9985539772321088,0.04750703453737515,-0.00566552989766933,0.00026840734790312126,0.04784442080390512,0.0029298284971446265,-1.3839780876878649e-05,0.00026840734790312126,0.0029421300220459066,-0.00040626082409289666,0.00025514691515127197,0.00011334941518725827,0.0004929461384645824,-0.00040599991280032555,0.00025499957700958475,0.00011300016922177747,0.0004925746153762792
XBTF.X0220716.E,XBTF.X0220716,-0.04799999999249849,0.00599999930273043,0.0,0.048373546395862076,0.047595446517334494,-0.0058410059864399955,-0.00042561896407278255,0.04795440575818508,0.0030170713216648437,-0.0001889284249045886,-0.00042561896407278255,0.003052796228431856,-0.0004045534751639934,0.00015899331629043445,-0.00042561896407278255,0.0006083534264477208,-0.0004049999233757262,0.00015899968275334686,-0.0004260000423528254,0.0006089186096143047
XBTF.X0220716.S,XBTF.X0220716,-0.04799999999249849,0.006000000212225132,0.0,0.048373546508671,0.04786737747508596,-0.006374621989380103,9.978157322620973e-05,0.048290077533715045,0.003280116970927338,-0.0007196013029897586,9.978157322620973e-05,0.003359605593010226,-0.0001326225174125284,-0.0003746217771549709,9.978157322620973e-05,0.0004097396373297103,-0.00013299995771376416,-0.00037500012695090845,9.999985195463523e-05,0.0004102609588493761
EXP.X0220717.E,EXP.X0220717,-0.04799999999249849,0.006000000212225132,0.0,0.048373546508671,0.04752036363697698,-0.005547196451516356,-0.0003263794496888295,0.047844151912301874,0.0028777349143638276,0.00012616601452464238,-0.0003263794496888295,0.0028989307762947365,-0.00047963635552150663,0.00045280376070877537,-0.0003263794496888295,0.0007359387368722659,-0.00047999992602854036,0.0004530002115643583,-0.00032600019039819017,0.0007361285518198666
EXP.X0220717.S,EXP.X0220717,-0.04799999999249849,0.006000000212225132,0.0,0.048373546508671,0.04752036363697698,-0.005547196451516356,-0.0003263794496888295,0.047844151912301874,0.0028777349143638276,0.00012616601452464238,-0.0003263794496888295,0.0028989307762947365,-0.00047963635552150663,0.00045280376070877537,-0.0003263794496888295,0.0007359387368722659,-0.00047999992602854036,0.0004530002115643583,-0.00032600019039819017,0.0007361285518198666
EXP.X0220724.E,EXP.X0220724,-0.04799999999249849,0.006000000212225132,0.0,0.048373546508671,0.04761490595228679,-0.006284982191573363,-5.373794920160435e-05,0.048027941427472146,0.00258225770721765,-0.00048241963668260723,-5.373794920160435e-05,0.002627483841915365,-0.0003850940402116976,-0.0002849819793482311,-5.373794920160435e-05,0.0004820787441323237,-0.0003850000211969018,-0.00028500016924226657,-5.3999883675714955e-05,0.00048204367045603474
EXP.X0220724.S,EXP.X0220724,-0.04799999999249849,0.006000000212225132,0.0,0.048373546508671,0.04761490595228679,-0.006284982191573363,-5.373794920160435e-05,0.048027941427472146,0.00258225770721765,-0.00048241963668260723,-5.373794920160435e-05,0.002627483841915365,-0.0003850940402116976,-0.0002849819793482311,-5.373794920160435e-05,0.0004820787441323237,-0.0003850000211969018,-0.00028500016924226657,-5.3999883675714955e-05,0.00048204367045603474
EXP.X0220730.E,EXP.X0220730,-0.04899999998997373,0.00599999930273043,0.0,0.04936598009409102,0.048511550062357855,-0.005843712642672472,3.374543666723184e-05,0.048862261569203674,0.00308561891415593,8.913048077374697e-05,3.374543666723184e-05,0.0030870903907232196,-0.0004884499276158749,0.00015628666005795822,3.374543666723184e-05,0.0005139529223536796,-0.00048799995511217276,0.00015599925973219797,3.400009518372826e-05,0.0005134547026749088
EXP.X0220730.S,EXP.X0220730,-0.04899999998997373,0.00599999930273043,0.0,0.04936598009409102,0.048511550062357855,-0.005843712642672472,3.374543666723184e-05,0.048862261569203674,0.00308561891415593,8.913048077374697e-05,3.374543666723184e-05,0.0030870903907232196,-0.0004884499276158749,0.00015628666005795822,3.374543666723184e-05,0.0005139529223536796,-0.00048799995511217276,0.00015599925973219797,3.400009518372826e-05,0.0005134547026749088
